{
	"credit": "Made with Blockbench",
	"ambientocclusion": false,
	"textures": {
		"particle": "block/iron_bars",
		"edge": "block/iron_bars"
	},
	"elements": [
		{
			"from": [6, 12, 10],
			"to": [10, 16, 16],
			"rotation": {"angle": 0, "axis": "y", "origin": [8, 14, 12]},
			"faces": {
				"north": {"uv": [12, 6, 16, 10], "texture": "#edge"},
				"east": {"uv": [16, 0, 10, 4], "texture": "#edge"},
				"south": {"uv": [12, 6, 16, 10], "texture": "#edge"},
				"west": {"uv": [10, 0, 16, 4], "texture": "#edge"},
				"up": {"uv": [10, 0, 16, 4], "rotation": 90, "texture": "#edge"},
				"down": {"uv": [16, 0, 10, 4], "rotation": 90, "texture": "#edge"}
			}
		},
		{
			"from": [6, 0, 10],
			"to": [10, 4, 16],
			"rotation": {"angle": 0, "axis": "y", "origin": [8, 2, 12]},
			"faces": {
				"north": {"uv": [12, 6, 16, 10], "texture": "#edge"},
				"east": {"uv": [16, 0, 10, 4], "texture": "#edge"},
				"south": {"uv": [12, 6, 16, 10], "texture": "#edge"},
				"west": {"uv": [10, 0, 16, 4], "texture": "#edge"},
				"up": {"uv": [10, 0, 16, 4], "rotation": 90, "texture": "#edge"},
				"down": {"uv": [16, 0, 10, 4], "rotation": 90, "texture": "#edge"}
			}
		}
	]
}