{
	"credit": "Made with Blockbench",
	"textures": {
		"0": "custom/block/ladder",
		"particle": "custom/block/ladder"
	},
	"elements": [
		{
			"name": "Cube",
			"from": [1, 15, 13],
			"to": [15, 16, 16],
			"faces": {
				"north": {"uv": [16, 2, 2, 3], "texture": "#0"},
				"east": {"uv": [13, 2, 16, 3], "texture": "#0"},
				"south": {"uv": [2, 0, 16, 1], "texture": "#0"},
				"west": {"uv": [2, 0, 5, 1], "texture": "#0"},
				"up": {"uv": [2, 0, 16, 3], "texture": "#0"},
				"down": {"uv": [2, 0, 16, 3], "texture": "#0"}
			}
		},
		{
			"name": "Cube",
			"from": [1, 3, 13],
			"to": [15, 4, 16],
			"faces": {
				"north": {"uv": [2, 15, 16, 16], "texture": "#0"},
				"east": {"uv": [13, 15, 16, 16], "texture": "#0"},
				"south": {"uv": [2, 13, 16, 14], "texture": "#0"},
				"west": {"uv": [2, 13, 5, 14], "texture": "#0"},
				"up": {"uv": [2, 13, 16, 16], "texture": "#0"},
				"down": {"uv": [2, 13, 16, 16], "texture": "#0"}
			}
		},
		{
			"name": "Cube",
			"from": [1, 7, 13],
			"to": [15, 8, 16],
			"faces": {
				"north": {"uv": [2, 9, 16, 10], "texture": "#0"},
				"east": {"uv": [11, 11, 14, 12], "texture": "#0"},
				"south": {"uv": [2, 11, 16, 12], "texture": "#0"},
				"west": {"uv": [2, 9, 5, 10], "texture": "#0"},
				"up": {"uv": [2, 9, 16, 12], "texture": "#0"},
				"down": {"uv": [2, 9, 16, 12], "texture": "#0"}
			}
		},
		{
			"name": "Cube",
			"from": [1, 11, 13],
			"to": [15, 12, 16],
			"faces": {
				"north": {"uv": [2, 6, 16, 7], "texture": "#0"},
				"east": {"uv": [13, 6, 16, 7], "texture": "#0"},
				"south": {"uv": [16, 4, 2, 5], "texture": "#0"},
				"west": {"uv": [5, 4, 8, 5], "texture": "#0"},
				"up": {"uv": [2, 4, 16, 7], "texture": "#0"},
				"down": {"uv": [2, 4, 16, 7], "texture": "#0"}
			}
		},
		{
			"name": "Cube",
			"from": [13, 0, 14],
			"to": [14, 15, 15],
			"faces": {
				"north": {"uv": [0, 0, 1, 15], "texture": "#0"},
				"east": {"uv": [1, 0, 2, 15], "texture": "#0"},
				"south": {"uv": [0, 0, 1, 15], "texture": "#0"},
				"west": {"uv": [1, 0, 2, 15], "texture": "#0"},
				"up": {"uv": [0, 0, 1, 1], "texture": "#0"},
				"down": {"uv": [0, 0, 1, 1], "texture": "#0"}
			}
		},
		{
			"name": "Cube",
			"from": [2, 0, 14],
			"to": [3, 15, 15],
			"faces": {
				"north": {"uv": [1, 0, 2, 15], "texture": "#0"},
				"east": {"uv": [0, 0, 1, 15], "texture": "#0"},
				"south": {"uv": [1, 0, 2, 15], "texture": "#0"},
				"west": {"uv": [0, 0, 1, 15], "texture": "#0"},
				"up": {"uv": [0, 0, 1, 1], "texture": "#0"},
				"down": {"uv": [0, 0, 1, 1], "texture": "#0"}
			}
		}
	]
}