{
	"credit": "Made with Blockbench",
	"textures": {
		"particle": "#leaves"
	},
	"elements": [
		{
			"from": [0, 0, 0],
			"to": [16, 16, 16],
			"rotation": {"angle": 0, "axis": "y", "origin": [8, 8, 8]},
			"faces": {
				"north": {"uv": [0, 0, 16, 16], "texture": "#leaves"},
				"east": {"uv": [0, 0, 16, 16], "texture": "#leaves_highlight"},
				"south": {"uv": [0, 0, 16, 16], "texture": "#leaves"},
				"west": {"uv": [0, 0, 16, 16], "texture": "#leaves_highlight"},
				"up": {"uv": [0, 0, 16, 16], "texture": "#leaves_highlight"},
				"down": {"uv": [0, 0, 16, 16], "texture": "#leaves"}
			}
		},
		{
			"from": [8, 8, -8],
			"to": [8, 24, 24],
			"rotation": {"angle": -22.5, "axis": "y", "origin": [8, 8, 8]},
			"faces": {
				"north": {"uv": [0, 0, 0, 16], "texture": "#bush_highlight"},
				"east": {"uv": [0, 0, 16, 8], "texture": "#bush_highlight"},
				"south": {"uv": [0, 0, 0, 16], "texture": "#bush_highlight"},
				"west": {"uv": [0, 0, 16, 8], "texture": "#bush_highlight"},
				"up": {"uv": [0, 0, 16, 0], "rotation": 90, "texture": "#bush_highlight"},
				"down": {"uv": [0, 0, 16, 0], "rotation": 270, "texture": "#bush_highlight"}
			}
		},
		{
			"from": [-8, 8, 8],
			"to": [24, 24, 8],
			"rotation": {"angle": -22.5, "axis": "y", "origin": [8, 8, 8]},
			"faces": {
				"north": {"uv": [0, 0, 16, 8], "texture": "#bush_highlight"},
				"east": {"uv": [0, 0, 0, 16], "texture": "#bush_highlight"},
				"south": {"uv": [0, 0, 16, 8], "texture": "#bush_highlight"},
				"west": {"uv": [0, 0, 0, 16], "texture": "#bush_highlight"},
				"up": {"uv": [0, 0, 16, 0], "rotation": 180, "texture": "#bush_highlight"},
				"down": {"uv": [0, 0, 16, 0], "rotation": 180, "texture": "#bush_highlight"}
			}
		},
		{
			"from": [8, -8, -8],
			"to": [8, 8, 24],
			"rotation": {"angle": 22.5, "axis": "y", "origin": [8, -8, 8]},
			"faces": {
				"north": {"uv": [0, 0, 0, 16], "texture": "#bush"},
				"east": {"uv": [0, 8, 16, 16], "texture": "#bush"},
				"south": {"uv": [0, 0, 0, 16], "texture": "#bush"},
				"west": {"uv": [0, 8, 16, 16], "texture": "#bush"},
				"up": {"uv": [0, 0, 16, 0], "rotation": 270, "texture": "#bush"},
				"down": {"uv": [0, 0, 16, 0], "rotation": 90, "texture": "#bush"}
			}
		},
		{
			"from": [-8, -8, 8],
			"to": [24, 8, 8],
			"rotation": {"angle": 22.5, "axis": "y", "origin": [8, -8, 8]},
			"faces": {
				"north": {"uv": [0, 8, 16, 16], "texture": "#bush"},
				"east": {"uv": [0, 0, 0, 16], "texture": "#bush"},
				"south": {"uv": [0, 8, 16, 16], "texture": "#bush"},
				"west": {"uv": [0, 0, 0, 16], "texture": "#bush"},
				"up": {"uv": [0, 0, 16, 0], "rotation": 180, "texture": "#bush"},
				"down": {"uv": [0, 0, 16, 0], "rotation": 180, "texture": "#bush"}
			}
		}
	],
	"display": {
		"thirdperson_righthand": {
			"rotation": [75, 45, 0],
			"translation": [0, 2.5, 0],
			"scale": [0.375, 0.375, 0.375]
		},
		"thirdperson_lefthand": {
			"rotation": [75, 45, 0],
			"translation": [0, 2.5, 0],
			"scale": [0.375, 0.375, 0.375]
		},
		"firstperson_righthand": {
			"rotation": [0, 225, 0],
			"scale": [0.4, 0.4, 0.4]
		},
		"firstperson_lefthand": {
			"rotation": [0, 225, 0],
			"scale": [0.4, 0.4, 0.4]
		},
		"ground": {
			"translation": [0, 3, 0],
			"scale": [0.25, 0.25, 0.25]
		},
		"gui": {
			"rotation": [30, 225, 0],
			"scale": [0.47, 0.47, 0.47]
		},
		"fixed": {
			"scale": [0.5, 0.5, 0.5]
		}
	}
}