{
	"credit": "Made with Blockbench",
	"texture_size": [32, 32],
	"textures": {
		"0": "custom/block/box_monthly",
		"particle": "custom/block/box_monthly"
	},
	"elements": [
		{
			"from": [3, 0, 3],
			"to": [13, 0, 13],
			"rotation": {"angle": 0, "axis": "y", "origin": [8, 0, 8]},
			"faces": {
				"north": {"uv": [0, 0, 5, 0], "texture": "#0"},
				"east": {"uv": [0, 0, 5, 0], "texture": "#0"},
				"south": {"uv": [0, 0, 5, 0], "texture": "#0"},
				"west": {"uv": [0, 0, 5, 0], "texture": "#0"},
				"up": {"uv": [0.25, 15.75, 5.25, 10.75], "texture": "#0"},
				"down": {"uv": [0.25, 5.25, 5.25, 10.25], "texture": "#0"}
			}
		},
		{
			"from": [13, 0, 3],
			"to": [13, 9, 13],
			"rotation": {"angle": 0, "axis": "y", "origin": [13, 4.5, 8]},
			"faces": {
				"north": {"uv": [0, 0, 0, 4.5], "texture": "#0"},
				"east": {"uv": [5, 0, 0, 4.5], "texture": "#0"},
				"south": {"uv": [0, 0, 0, 4.5], "texture": "#0"},
				"west": {"uv": [0, 0, 5, 4.5], "texture": "#0"},
				"up": {"uv": [0, 0, 0, 5], "texture": "#0"},
				"down": {"uv": [0, 0, 0, 5], "texture": "#0"}
			}
		},
		{
			"from": [3, 0, 13],
			"to": [13, 9, 13],
			"rotation": {"angle": 0, "axis": "y", "origin": [8, 4.5, 13]},
			"faces": {
				"north": {"uv": [0, 0, 5, 4.5], "texture": "#0"},
				"east": {"uv": [0, 0, 0, 4.5], "texture": "#0"},
				"south": {"uv": [5, 0, 0, 4.5], "texture": "#0"},
				"west": {"uv": [0, 0, 0, 4.5], "texture": "#0"},
				"up": {"uv": [0, 0, 0, 5], "rotation": 90, "texture": "#0"},
				"down": {"uv": [0, 0, 0, 5], "rotation": 270, "texture": "#0"}
			}
		},
		{
			"from": [3, 0, 3],
			"to": [3, 9, 13],
			"rotation": {"angle": 0, "axis": "y", "origin": [3, 4.5, 8]},
			"faces": {
				"north": {"uv": [0, 0, 0, 4.5], "texture": "#0"},
				"east": {"uv": [0, 0, 5, 4.5], "texture": "#0"},
				"south": {"uv": [0, 0, 0, 4.5], "texture": "#0"},
				"west": {"uv": [5, 0, 0, 4.5], "texture": "#0"},
				"up": {"uv": [0, 0, 0, 5], "rotation": 180, "texture": "#0"},
				"down": {"uv": [0, 0, 0, 5], "rotation": 180, "texture": "#0"}
			}
		},
		{
			"from": [3, 0, 3],
			"to": [13, 9, 3],
			"rotation": {"angle": 0, "axis": "y", "origin": [8, 4.5, 3]},
			"faces": {
				"north": {"uv": [5, 0, 0, 4.5], "texture": "#0"},
				"east": {"uv": [0, 0, 0, 4.5], "texture": "#0"},
				"south": {"uv": [0, 0, 5, 4.5], "texture": "#0"},
				"west": {"uv": [0, 0, 0, 4.5], "texture": "#0"},
				"up": {"uv": [0, 0, 0, 5], "rotation": 270, "texture": "#0"},
				"down": {"uv": [0, 0, 0, 5], "rotation": 90, "texture": "#0"}
			}
		},
		{
			"from": [2.5, 8, 2.5],
			"to": [13.5, 10, 13.5],
			"rotation": {"angle": 0, "axis": "y", "origin": [8, 9, 8]},
			"faces": {
				"north": {"uv": [5.5, 5.5, 11, 6.5], "texture": "#0"},
				"east": {"uv": [5.5, 5.5, 11, 6.5], "texture": "#0"},
				"south": {"uv": [5.5, 5.5, 11, 6.5], "texture": "#0"},
				"west": {"uv": [5.5, 5.5, 11, 6.5], "texture": "#0"},
				"up": {"uv": [5.5, 5.5, 11, 0], "texture": "#0"},
				"down": {"uv": [5.5, 6.5, 11, 12], "texture": "#0"}
			}
		},
		{
			"from": [6.5, 0, 13.5],
			"to": [9.5, 8, 13.5],
			"rotation": {"angle": 0, "axis": "y", "origin": [8, 4, 13.5]},
			"faces": {
				"north": {"uv": [11.5, 0, 13, 4], "texture": "#0"},
				"east": {"uv": [0, 0, 0, 4], "texture": "#0"},
				"south": {"uv": [13, 0, 11.5, 4], "texture": "#0"},
				"west": {"uv": [0, 0, 0, 4], "texture": "#0"},
				"up": {"uv": [0, 0, 0, 1.5], "rotation": 90, "texture": "#0"},
				"down": {"uv": [0, 0, 0, 1.5], "rotation": 270, "texture": "#0"}
			}
		},
		{
			"from": [6.5, 0, 13],
			"to": [9.5, 0, 13.5],
			"rotation": {"angle": 0, "axis": "y", "origin": [8, 0, 13.25]},
			"faces": {
				"north": {"uv": [0, 0, 1.5, 0], "texture": "#0"},
				"east": {"uv": [0, 0, 0.25, 0], "texture": "#0"},
				"south": {"uv": [1.5, 0, 0, 0], "texture": "#0"},
				"west": {"uv": [0, 0, 0.25, 0], "texture": "#0"},
				"up": {"uv": [11.5, 3.75, 13, 4], "texture": "#0"},
				"down": {"uv": [11.5, 3.75, 13, 4], "texture": "#0"}
			}
		},
		{
			"from": [2.5, 0, 6.5],
			"to": [3, 0, 9.5],
			"rotation": {"angle": 0, "axis": "y", "origin": [2.75, 0, 8]},
			"faces": {
				"north": {"uv": [0, 0, 0.25, 0], "texture": "#0"},
				"east": {"uv": [0, 0, 1.5, 0], "texture": "#0"},
				"south": {"uv": [0, 0, 0.25, 0], "texture": "#0"},
				"west": {"uv": [1.5, 0, 0, 0], "texture": "#0"},
				"up": {"uv": [11.5, 3.75, 13, 4], "rotation": 90, "texture": "#0"},
				"down": {"uv": [11.5, 3.75, 13, 4], "rotation": 270, "texture": "#0"}
			}
		},
		{
			"from": [2.5, 0, 6.5],
			"to": [2.5, 8, 9.5],
			"rotation": {"angle": 0, "axis": "y", "origin": [2.5, 4, 8]},
			"faces": {
				"north": {"uv": [0, 0, 0, 4], "texture": "#0"},
				"east": {"uv": [11.5, 0, 13, 4], "texture": "#0"},
				"south": {"uv": [0, 0, 0, 4], "texture": "#0"},
				"west": {"uv": [13, 0, 11.5, 4], "texture": "#0"},
				"up": {"uv": [0, 0, 0, 1.5], "rotation": 180, "texture": "#0"},
				"down": {"uv": [0, 0, 0, 1.5], "rotation": 180, "texture": "#0"}
			}
		},
		{
			"from": [6.5, 0, 2.5],
			"to": [9.5, 8, 2.5],
			"rotation": {"angle": 0, "axis": "y", "origin": [8, 4, 2.5]},
			"faces": {
				"north": {"uv": [13, 0, 11.5, 4], "texture": "#0"},
				"east": {"uv": [0, 0, 0, 4], "texture": "#0"},
				"south": {"uv": [11.5, 0, 13, 4], "texture": "#0"},
				"west": {"uv": [0, 0, 0, 4], "texture": "#0"},
				"up": {"uv": [0, 0, 0, 1.5], "rotation": 270, "texture": "#0"},
				"down": {"uv": [0, 0, 0, 1.5], "rotation": 90, "texture": "#0"}
			}
		},
		{
			"from": [6.5, 0, 2.5],
			"to": [9.5, 0, 3],
			"rotation": {"angle": 0, "axis": "y", "origin": [8, 0, 2.75]},
			"faces": {
				"north": {"uv": [1.5, 0, 0, 0], "texture": "#0"},
				"east": {"uv": [0, 0, 0.25, 0], "texture": "#0"},
				"south": {"uv": [0, 0, 1.5, 0], "texture": "#0"},
				"west": {"uv": [0, 0, 0.25, 0], "texture": "#0"},
				"up": {"uv": [11.5, 3.75, 13, 4], "rotation": 180, "texture": "#0"},
				"down": {"uv": [11.5, 3.75, 13, 4], "rotation": 180, "texture": "#0"}
			}
		},
		{
			"from": [13.5, 0, 6.5],
			"to": [13.5, 8, 9.5],
			"rotation": {"angle": 0, "axis": "y", "origin": [13.5, 4, 8]},
			"faces": {
				"north": {"uv": [0, 0, 0, 4], "texture": "#0"},
				"east": {"uv": [13, 0, 11.5, 4], "texture": "#0"},
				"south": {"uv": [0, 0, 0, 4], "texture": "#0"},
				"west": {"uv": [11.5, 0, 13, 4], "texture": "#0"},
				"up": {"uv": [0, 0, 0, 1.5], "texture": "#0"},
				"down": {"uv": [0, 0, 0, 1.5], "texture": "#0"}
			}
		},
		{
			"from": [13, 0, 6.5],
			"to": [13.5, 0, 9.5],
			"rotation": {"angle": 0, "axis": "y", "origin": [13.25, 0, 8]},
			"faces": {
				"north": {"uv": [0, 0, 0.25, 0], "texture": "#0"},
				"east": {"uv": [1.5, 0, 0, 0], "texture": "#0"},
				"south": {"uv": [0, 0, 0.25, 0], "texture": "#0"},
				"west": {"uv": [0, 0, 1.5, 0], "texture": "#0"},
				"up": {"uv": [11.5, 3.75, 13, 4], "rotation": 270, "texture": "#0"},
				"down": {"uv": [11.5, 3.75, 13, 4], "rotation": 90, "texture": "#0"}
			}
		},
		{
			"from": [2.575, 10.6, 6.5],
			"to": [6.075, 13.6, 9.5],
			"rotation": {"angle": -22.5, "axis": "z", "origin": [2.575, 10.6, 8]},
			"faces": {
				"north": {"uv": [16, 0, 14.5, 1.75], "rotation": 90, "texture": "#0"},
				"east": {"uv": [13, 1.5, 14.5, 3], "texture": "#0"},
				"south": {"uv": [16, 1.75, 14.5, 0], "rotation": 90, "texture": "#0"},
				"west": {"uv": [13, 2, 14.5, 3.5], "texture": "#0"},
				"up": {"uv": [13, 1.75, 14.5, 0], "rotation": 90, "texture": "#0"},
				"down": {"uv": [13, 2, 14.5, 3.75], "rotation": 270, "texture": "#0"}
			}
		},
		{
			"from": [9.925, 10.6, 6.5],
			"to": [13.425, 13.6, 9.5],
			"rotation": {"angle": 22.5, "axis": "z", "origin": [13.425, 10.6, 8]},
			"faces": {
				"north": {"uv": [16, 1.75, 14.5, 0], "rotation": 90, "texture": "#0"},
				"east": {"uv": [14.5, 2, 13, 3.5], "texture": "#0"},
				"south": {"uv": [16, 0, 14.5, 1.75], "rotation": 90, "texture": "#0"},
				"west": {"uv": [14.5, 1.5, 13, 3], "texture": "#0"},
				"up": {"uv": [13, 0, 14.5, 1.75], "rotation": 90, "texture": "#0"},
				"down": {"uv": [13, 3.75, 14.5, 2], "rotation": 270, "texture": "#0"}
			}
		},
		{
			"from": [6.5, 10.6, 2.575],
			"to": [9.5, 13.6, 6.075],
			"rotation": {"angle": 22.5, "axis": "x", "origin": [8, 10.6, 2.575]},
			"faces": {
				"north": {"uv": [13, 2, 14.5, 3.5], "texture": "#0"},
				"east": {"uv": [16, 0, 14.5, 1.75], "rotation": 90, "texture": "#0"},
				"south": {"uv": [13, 1.5, 14.5, 3], "texture": "#0"},
				"west": {"uv": [16, 1.75, 14.5, 0], "rotation": 90, "texture": "#0"},
				"up": {"uv": [13, 1.75, 14.5, 0], "rotation": 180, "texture": "#0"},
				"down": {"uv": [13, 2, 14.5, 3.75], "rotation": 180, "texture": "#0"}
			}
		},
		{
			"from": [6.5, 10.6, 9.925],
			"to": [9.5, 13.6, 13.425],
			"rotation": {"angle": -22.5, "axis": "x", "origin": [8, 10.6, 13.425]},
			"faces": {
				"north": {"uv": [14.5, 1.5, 13, 3], "texture": "#0"},
				"east": {"uv": [16, 1.75, 14.5, 0], "rotation": 90, "texture": "#0"},
				"south": {"uv": [14.5, 2, 13, 3.5], "texture": "#0"},
				"west": {"uv": [16, 0, 14.5, 1.75], "rotation": 90, "texture": "#0"},
				"up": {"uv": [13, 0, 14.5, 1.75], "rotation": 180, "texture": "#0"},
				"down": {"uv": [13, 3.75, 14.5, 2], "rotation": 180, "texture": "#0"}
			}
		},
		{
			"from": [6, 11.925, 6],
			"to": [10, 13.925, 10],
			"rotation": {"angle": 0, "axis": "y", "origin": [8, 11.425, 8]},
			"faces": {
				"north": {"uv": [11.5, 6, 13.5, 7], "texture": "#0"},
				"east": {"uv": [11.5, 6, 13.5, 7], "texture": "#0"},
				"south": {"uv": [11.5, 6, 13.5, 7], "texture": "#0"},
				"west": {"uv": [11.5, 6, 13.5, 7], "texture": "#0"},
				"up": {"uv": [11.5, 6, 13.5, 4], "texture": "#0"},
				"down": {"uv": [11.5, 4, 13.5, 6], "texture": "#0"}
			}
		},
		{
			"from": [6.725, 10, 2.775],
			"to": [8.725, 12, 5.775],
			"rotation": {"angle": -45, "axis": "y", "origin": [7.725, 9, 8.275]},
			"faces": {
				"north": {"uv": [13, 2, 14, 3], "texture": "#0"},
				"east": {"uv": [16, 0, 14.5, 1], "texture": "#0"},
				"south": {"uv": [13, 1, 14, 2], "texture": "#0"},
				"west": {"uv": [14.5, 0, 16, 1], "texture": "#0"},
				"up": {"uv": [13, 1.5, 14, 0], "rotation": 180, "texture": "#0"},
				"down": {"uv": [13, 1.5, 14, 3], "rotation": 180, "texture": "#0"}
			}
		},
		{
			"from": [10.225, 10, 6.725],
			"to": [13.225, 12, 8.725],
			"rotation": {"angle": -45, "axis": "y", "origin": [7.725, 9, 7.725]},
			"faces": {
				"north": {"uv": [14.5, 0, 16, 1], "texture": "#0"},
				"east": {"uv": [13, 2, 14, 3], "texture": "#0"},
				"south": {"uv": [16, 0, 14.5, 1], "texture": "#0"},
				"west": {"uv": [13, 1, 14, 2], "texture": "#0"},
				"up": {"uv": [13, 1.5, 14, 0], "rotation": 270, "texture": "#0"},
				"down": {"uv": [13, 1.5, 14, 3], "rotation": 90, "texture": "#0"}
			}
		},
		{
			"from": [7.275, 10, 10.225],
			"to": [9.275, 12, 13.225],
			"rotation": {"angle": -45, "axis": "y", "origin": [8.275, 9, 7.725]},
			"faces": {
				"north": {"uv": [13, 1, 14, 2], "texture": "#0"},
				"east": {"uv": [14.5, 0, 16, 1], "texture": "#0"},
				"south": {"uv": [13, 2, 14, 3], "texture": "#0"},
				"west": {"uv": [16, 0, 14.5, 1], "texture": "#0"},
				"up": {"uv": [13, 1.5, 14, 0], "texture": "#0"},
				"down": {"uv": [13, 1.5, 14, 3], "texture": "#0"}
			}
		},
		{
			"from": [2.775, 10, 7.275],
			"to": [5.775, 12, 9.275],
			"rotation": {"angle": -45, "axis": "y", "origin": [8.275, 9, 8.275]},
			"faces": {
				"north": {"uv": [16, 0, 14.5, 1], "texture": "#0"},
				"east": {"uv": [13, 1, 14, 2], "texture": "#0"},
				"south": {"uv": [14.5, 0, 16, 1], "texture": "#0"},
				"west": {"uv": [13, 2, 14, 3], "texture": "#0"},
				"up": {"uv": [13, 1.5, 14, 0], "rotation": 90, "texture": "#0"},
				"down": {"uv": [13, 1.5, 14, 3], "rotation": 270, "texture": "#0"}
			}
		}
	],
	"display": {
		"thirdperson_righthand": {
			"rotation": [75, 35, 0],
			"translation": [0, 2.25, 1.25],
			"scale": [0.31, 0.31, 0.31]
		},
		"thirdperson_lefthand": {
			"rotation": [75, -35, 0],
			"translation": [0, 2.25, 1.25],
			"scale": [0.31, 0.31, 0.31]
		},
		"firstperson_righthand": {
			"rotation": [0, 35, 0],
			"translation": [0, 1.75, 0],
			"scale": [0.4, 0.4, 0.4]
		},
		"firstperson_lefthand": {
			"rotation": [0, 35, 0],
			"translation": [0, 1.75, 0],
			"scale": [0.4, 0.4, 0.4]
		},
		"ground": {
			"translation": [0, 6, 0]
		},
		"gui": {
			"rotation": [30, 135, 0],
			"translation": [0, 2, 0],
			"scale": [0.9, 0.9, 0.9]
		},
		"head": {
			"translation": [0, 12.25, 0],
			"scale": [0.72, 0.72, 0.72]
		},
		"fixed": {
			"rotation": [-90, 0, 0],
			"translation": [0, -1, -16.01],
			"scale": [1.99, 1.99, 1.99]
		}
	}
}