{
	"credit": "Made with Blockbench",
	"textures": {
		"0": "custom/block/cookie",
		"particle": "custom/block/cookie"
	},
	"elements": [
		{
			"from": [2.5, 0, 5],
			"to": [5.5, 1, 10],
			"rotation": {"angle": 22.5, "axis": "y", "origin": [6.875, 0.5, 10.5]},
			"faces": {
				"north": {"uv": [6, 4, 5, 1], "rotation": 90, "texture": "#0"},
				"east": {"uv": [6, 2, 7, 3], "texture": "#0"},
				"south": {"uv": [6, 1, 7, 4], "rotation": 90, "texture": "#0"},
				"west": {"uv": [6, 3, 7, 4], "texture": "#0"},
				"up": {"uv": [0, 1, 5, 4], "rotation": 270, "texture": "#0"},
				"down": {"uv": [0, 1, 5, 4], "rotation": 90, "texture": "#0"}
			}
		},
		{
			"from": [1.5, 0, 6],
			"to": [2.5, 1, 9],
			"rotation": {"angle": 22.5, "axis": "y", "origin": [6.875, 0.5, 10.5]},
			"faces": {
				"north": {"uv": [7, 4, 6, 3], "rotation": 90, "texture": "#0"},
				"east": {"uv": [6, 1, 7, 4], "rotation": 90, "texture": "#0"},
				"south": {"uv": [6, 3, 7, 4], "rotation": 90, "texture": "#0"},
				"west": {"uv": [5, 1, 6, 4], "rotation": 90, "texture": "#0"},
				"up": {"uv": [1, 0, 4, 1], "rotation": 270, "texture": "#0"},
				"down": {"uv": [1, 0, 4, 1], "rotation": 90, "texture": "#0"}
			}
		},
		{
			"from": [5.5, 0, 6],
			"to": [6.5, 1, 9],
			"rotation": {"angle": 22.5, "axis": "y", "origin": [6.875, 0.5, 10.5]},
			"faces": {
				"north": {"uv": [7, 4, 6, 3], "rotation": 90, "texture": "#0"},
				"east": {"uv": [6, 4, 7, 1], "rotation": 90, "texture": "#0"},
				"south": {"uv": [6, 3, 7, 4], "rotation": 90, "texture": "#0"},
				"west": {"uv": [6, 1, 7, 4], "rotation": 90, "texture": "#0"},
				"up": {"uv": [1, 4, 4, 5], "rotation": 270, "texture": "#0"},
				"down": {"uv": [1, 4, 4, 5], "rotation": 90, "texture": "#0"}
			}
		},
		{
			"from": [8.375, 0, 3],
			"to": [13.375, 1, 6],
			"rotation": {"angle": -22.5, "axis": "y", "origin": [11.875, 0.5, 4.5]},
			"faces": {
				"north": {"uv": [6, 3, 7, 4], "texture": "#0"},
				"east": {"uv": [6, 4, 5, 1], "rotation": 90, "texture": "#0"},
				"south": {"uv": [6, 2, 7, 3], "texture": "#0"},
				"west": {"uv": [6, 1, 7, 4], "rotation": 90, "texture": "#0"},
				"up": {"uv": [0, 1, 5, 4], "texture": "#0"},
				"down": {"uv": [0, 1, 5, 4], "texture": "#0"}
			}
		},
		{
			"from": [9.375, 0, 2],
			"to": [12.375, 1, 3],
			"rotation": {"angle": -22.5, "axis": "y", "origin": [11.875, 0.5, 4.5]},
			"faces": {
				"north": {"uv": [5, 1, 6, 4], "rotation": 90, "texture": "#0"},
				"east": {"uv": [7, 4, 6, 3], "rotation": 90, "texture": "#0"},
				"south": {"uv": [6, 1, 7, 4], "rotation": 90, "texture": "#0"},
				"west": {"uv": [6, 3, 7, 4], "rotation": 90, "texture": "#0"},
				"up": {"uv": [1, 0, 4, 1], "texture": "#0"},
				"down": {"uv": [1, 0, 4, 1], "texture": "#0"}
			}
		},
		{
			"from": [9.375, 0, 6],
			"to": [12.375, 1, 7],
			"rotation": {"angle": -22.5, "axis": "y", "origin": [11.875, 0.5, 4.5]},
			"faces": {
				"north": {"uv": [6, 1, 7, 4], "rotation": 90, "texture": "#0"},
				"east": {"uv": [7, 4, 6, 3], "rotation": 90, "texture": "#0"},
				"south": {"uv": [6, 4, 7, 1], "rotation": 90, "texture": "#0"},
				"west": {"uv": [6, 3, 7, 4], "rotation": 90, "texture": "#0"},
				"up": {"uv": [1, 4, 4, 5], "texture": "#0"},
				"down": {"uv": [1, 4, 4, 5], "texture": "#0"}
			}
		},
		{
			"from": [2.875, 0, 10.875],
			"to": [7.875, 1, 13.875],
			"rotation": {"angle": 45, "axis": "y", "origin": [6.875, 0.5, 10.5]},
			"faces": {
				"north": {"uv": [6, 3, 7, 4], "texture": "#0"},
				"east": {"uv": [6, 4, 5, 1], "rotation": 90, "texture": "#0"},
				"south": {"uv": [6, 2, 7, 3], "texture": "#0"},
				"west": {"uv": [6, 1, 7, 4], "rotation": 90, "texture": "#0"},
				"up": {"uv": [0, 1, 5, 4], "texture": "#0"},
				"down": {"uv": [0, 1, 5, 4], "texture": "#0"}
			}
		},
		{
			"from": [3.875, 0, 9.875],
			"to": [6.875, 1, 10.875],
			"rotation": {"angle": 45, "axis": "y", "origin": [6.875, 0.5, 10.5]},
			"faces": {
				"north": {"uv": [5, 1, 6, 4], "rotation": 90, "texture": "#0"},
				"east": {"uv": [7, 4, 6, 3], "rotation": 90, "texture": "#0"},
				"south": {"uv": [6, 1, 7, 4], "rotation": 90, "texture": "#0"},
				"west": {"uv": [6, 3, 7, 4], "rotation": 90, "texture": "#0"},
				"up": {"uv": [1, 0, 4, 1], "texture": "#0"},
				"down": {"uv": [1, 0, 4, 1], "texture": "#0"}
			}
		},
		{
			"from": [3.875, 0, 13.875],
			"to": [6.875, 1, 14.875],
			"rotation": {"angle": 45, "axis": "y", "origin": [6.875, 0.5, 10.5]},
			"faces": {
				"north": {"uv": [6, 1, 7, 4], "rotation": 90, "texture": "#0"},
				"east": {"uv": [7, 4, 6, 3], "rotation": 90, "texture": "#0"},
				"south": {"uv": [6, 4, 7, 1], "rotation": 90, "texture": "#0"},
				"west": {"uv": [6, 3, 7, 4], "rotation": 90, "texture": "#0"},
				"up": {"uv": [1, 4, 4, 5], "texture": "#0"},
				"down": {"uv": [1, 4, 4, 5], "texture": "#0"}
			}
		},
		{
			"from": [6.375, 1, 10],
			"to": [11.375, 2, 13],
			"rotation": {"angle": 22.5, "axis": "y", "origin": [6.875, 0.5, 10.5]},
			"faces": {
				"north": {"uv": [6, 2, 7, 3], "texture": "#0"},
				"east": {"uv": [6, 1, 7, 4], "rotation": 90, "texture": "#0"},
				"south": {"uv": [6, 3, 7, 4], "texture": "#0"},
				"west": {"uv": [6, 4, 5, 1], "rotation": 90, "texture": "#0"},
				"up": {"uv": [0, 1, 5, 4], "rotation": 180, "texture": "#0"},
				"down": {"uv": [0, 1, 5, 4], "rotation": 180, "texture": "#0"}
			}
		},
		{
			"from": [7.375, 1, 13],
			"to": [10.375, 2, 14],
			"rotation": {"angle": 22.5, "axis": "y", "origin": [6.875, 0.5, 10.5]},
			"faces": {
				"north": {"uv": [6, 1, 7, 4], "rotation": 90, "texture": "#0"},
				"east": {"uv": [6, 3, 7, 4], "rotation": 90, "texture": "#0"},
				"south": {"uv": [5, 1, 6, 4], "rotation": 90, "texture": "#0"},
				"west": {"uv": [7, 4, 6, 3], "rotation": 90, "texture": "#0"},
				"up": {"uv": [1, 0, 4, 1], "rotation": 180, "texture": "#0"},
				"down": {"uv": [1, 0, 4, 1], "rotation": 180, "texture": "#0"}
			}
		},
		{
			"from": [7.375, 1, 9],
			"to": [10.375, 2, 10],
			"rotation": {"angle": 22.5, "axis": "y", "origin": [6.875, 0.5, 10.5]},
			"faces": {
				"north": {"uv": [6, 4, 7, 1], "rotation": 90, "texture": "#0"},
				"east": {"uv": [6, 3, 7, 4], "rotation": 90, "texture": "#0"},
				"south": {"uv": [6, 1, 7, 4], "rotation": 90, "texture": "#0"},
				"west": {"uv": [7, 4, 6, 3], "rotation": 90, "texture": "#0"},
				"up": {"uv": [1, 4, 4, 5], "rotation": 180, "texture": "#0"},
				"down": {"uv": [1, 4, 4, 5], "rotation": 180, "texture": "#0"}
			}
		},
		{
			"from": [11.375, 0, 8],
			"to": [14.375, 1, 13],
			"rotation": {"angle": 0, "axis": "y", "origin": [6.875, 0.5, 10.5]},
			"faces": {
				"north": {"uv": [6, 4, 5, 1], "rotation": 90, "texture": "#0"},
				"east": {"uv": [6, 2, 7, 3], "texture": "#0"},
				"south": {"uv": [6, 1, 7, 4], "rotation": 90, "texture": "#0"},
				"west": {"uv": [6, 3, 7, 4], "texture": "#0"},
				"up": {"uv": [0, 1, 5, 4], "rotation": 270, "texture": "#0"},
				"down": {"uv": [0, 1, 5, 4], "rotation": 90, "texture": "#0"}
			}
		},
		{
			"from": [10.375, 0, 9],
			"to": [11.375, 1, 12],
			"rotation": {"angle": 0, "axis": "y", "origin": [6.875, 0.5, 10.5]},
			"faces": {
				"north": {"uv": [7, 4, 6, 3], "rotation": 90, "texture": "#0"},
				"east": {"uv": [6, 1, 7, 4], "rotation": 90, "texture": "#0"},
				"south": {"uv": [6, 3, 7, 4], "rotation": 90, "texture": "#0"},
				"west": {"uv": [5, 1, 6, 4], "rotation": 90, "texture": "#0"},
				"up": {"uv": [1, 0, 4, 1], "rotation": 270, "texture": "#0"},
				"down": {"uv": [1, 0, 4, 1], "rotation": 90, "texture": "#0"}
			}
		},
		{
			"from": [14.375, 0, 9],
			"to": [15.375, 1, 12],
			"rotation": {"angle": 0, "axis": "y", "origin": [6.875, 0.5, 10.5]},
			"faces": {
				"north": {"uv": [7, 4, 6, 3], "rotation": 90, "texture": "#0"},
				"east": {"uv": [6, 4, 7, 1], "rotation": 90, "texture": "#0"},
				"south": {"uv": [6, 3, 7, 4], "rotation": 90, "texture": "#0"},
				"west": {"uv": [6, 1, 7, 4], "rotation": 90, "texture": "#0"},
				"up": {"uv": [1, 4, 4, 5], "rotation": 270, "texture": "#0"},
				"down": {"uv": [1, 4, 4, 5], "rotation": 90, "texture": "#0"}
			}
		},
		{
			"from": [4.375, 1, 4],
			"to": [9.375, 2, 7],
			"rotation": {"angle": 0, "axis": "y", "origin": [6.875, 0.5, 10.5]},
			"faces": {
				"north": {"uv": [6, 2, 7, 3], "texture": "#0"},
				"east": {"uv": [6, 1, 7, 4], "rotation": 90, "texture": "#0"},
				"south": {"uv": [6, 3, 7, 4], "texture": "#0"},
				"west": {"uv": [6, 4, 5, 1], "rotation": 90, "texture": "#0"},
				"up": {"uv": [0, 1, 5, 4], "rotation": 180, "texture": "#0"},
				"down": {"uv": [0, 1, 5, 4], "rotation": 180, "texture": "#0"}
			}
		},
		{
			"from": [5.375, 1, 7],
			"to": [8.375, 2, 8],
			"rotation": {"angle": 0, "axis": "y", "origin": [6.875, 0.5, 10.5]},
			"faces": {
				"north": {"uv": [6, 1, 7, 4], "rotation": 90, "texture": "#0"},
				"east": {"uv": [6, 3, 7, 4], "rotation": 90, "texture": "#0"},
				"south": {"uv": [5, 1, 6, 4], "rotation": 90, "texture": "#0"},
				"west": {"uv": [7, 4, 6, 3], "rotation": 90, "texture": "#0"},
				"up": {"uv": [1, 0, 4, 1], "rotation": 180, "texture": "#0"},
				"down": {"uv": [1, 0, 4, 1], "rotation": 180, "texture": "#0"}
			}
		},
		{
			"from": [5.375, 1, 3],
			"to": [8.375, 2, 4],
			"rotation": {"angle": 0, "axis": "y", "origin": [6.875, 0.5, 10.5]},
			"faces": {
				"north": {"uv": [6, 4, 7, 1], "rotation": 90, "texture": "#0"},
				"east": {"uv": [6, 3, 7, 4], "rotation": 90, "texture": "#0"},
				"south": {"uv": [6, 1, 7, 4], "rotation": 90, "texture": "#0"},
				"west": {"uv": [7, 4, 6, 3], "rotation": 90, "texture": "#0"},
				"up": {"uv": [1, 4, 4, 5], "rotation": 180, "texture": "#0"},
				"down": {"uv": [1, 4, 4, 5], "rotation": 180, "texture": "#0"}
			}
		},
		{
			"from": [3.375, 0, -1],
			"to": [8.375, 1, 2],
			"rotation": {"angle": 22.5, "axis": "y", "origin": [11.875, 0.5, 4.5]},
			"faces": {
				"north": {"uv": [6, 2, 7, 3], "texture": "#0"},
				"east": {"uv": [6, 1, 7, 4], "rotation": 90, "texture": "#0"},
				"south": {"uv": [6, 3, 7, 4], "texture": "#0"},
				"west": {"uv": [6, 4, 5, 1], "rotation": 90, "texture": "#0"},
				"up": {"uv": [0, 1, 5, 4], "rotation": 180, "texture": "#0"},
				"down": {"uv": [0, 1, 5, 4], "rotation": 180, "texture": "#0"}
			}
		},
		{
			"from": [4.375, 0, 2],
			"to": [7.375, 1, 3],
			"rotation": {"angle": 22.5, "axis": "y", "origin": [11.875, 0.5, 4.5]},
			"faces": {
				"north": {"uv": [6, 1, 7, 4], "rotation": 90, "texture": "#0"},
				"east": {"uv": [6, 3, 7, 4], "rotation": 90, "texture": "#0"},
				"south": {"uv": [5, 1, 6, 4], "rotation": 90, "texture": "#0"},
				"west": {"uv": [7, 4, 6, 3], "rotation": 90, "texture": "#0"},
				"up": {"uv": [1, 0, 4, 1], "rotation": 180, "texture": "#0"},
				"down": {"uv": [1, 0, 4, 1], "rotation": 180, "texture": "#0"}
			}
		},
		{
			"from": [4.375, 0, -2],
			"to": [7.375, 1, -1],
			"rotation": {"angle": 22.5, "axis": "y", "origin": [11.875, 0.5, 4.5]},
			"faces": {
				"north": {"uv": [6, 4, 7, 1], "rotation": 90, "texture": "#0"},
				"east": {"uv": [6, 3, 7, 4], "rotation": 90, "texture": "#0"},
				"south": {"uv": [6, 1, 7, 4], "rotation": 90, "texture": "#0"},
				"west": {"uv": [7, 4, 6, 3], "rotation": 90, "texture": "#0"},
				"up": {"uv": [1, 4, 4, 5], "rotation": 180, "texture": "#0"},
				"down": {"uv": [1, 4, 4, 5], "rotation": 180, "texture": "#0"}
			}
		},
		{
			"from": [5.59709, 2, 7.14386],
			"to": [10.59709, 3, 10.14386],
			"rotation": {"angle": 45, "axis": "y", "origin": [7.09709, 2.5, 8.64386]},
			"faces": {
				"north": {"uv": [6, 2, 7, 3], "texture": "#0"},
				"east": {"uv": [6, 1, 7, 4], "rotation": 90, "texture": "#0"},
				"south": {"uv": [6, 3, 7, 4], "texture": "#0"},
				"west": {"uv": [6, 4, 5, 1], "rotation": 90, "texture": "#0"},
				"up": {"uv": [0, 1, 5, 4], "rotation": 180, "texture": "#0"},
				"down": {"uv": [0, 1, 5, 4], "rotation": 180, "texture": "#0"}
			}
		},
		{
			"from": [6.59709, 2, 10.14386],
			"to": [9.59709, 3, 11.14386],
			"rotation": {"angle": 45, "axis": "y", "origin": [7.09709, 2.5, 8.64386]},
			"faces": {
				"north": {"uv": [6, 1, 7, 4], "rotation": 90, "texture": "#0"},
				"east": {"uv": [6, 3, 7, 4], "rotation": 90, "texture": "#0"},
				"south": {"uv": [5, 1, 6, 4], "rotation": 90, "texture": "#0"},
				"west": {"uv": [7, 4, 6, 3], "rotation": 90, "texture": "#0"},
				"up": {"uv": [1, 0, 4, 1], "rotation": 180, "texture": "#0"},
				"down": {"uv": [1, 0, 4, 1], "rotation": 180, "texture": "#0"}
			}
		},
		{
			"from": [6.59709, 2, 6.14386],
			"to": [9.59709, 3, 7.14386],
			"rotation": {"angle": 45, "axis": "y", "origin": [7.09709, 2.5, 8.64386]},
			"faces": {
				"north": {"uv": [6, 4, 7, 1], "rotation": 90, "texture": "#0"},
				"east": {"uv": [6, 3, 7, 4], "rotation": 90, "texture": "#0"},
				"south": {"uv": [6, 1, 7, 4], "rotation": 90, "texture": "#0"},
				"west": {"uv": [7, 4, 6, 3], "rotation": 90, "texture": "#0"},
				"up": {"uv": [1, 4, 4, 5], "rotation": 180, "texture": "#0"},
				"down": {"uv": [1, 4, 4, 5], "rotation": 180, "texture": "#0"}
			}
		}
	],
	"display": {
		"thirdperson_righthand": {
			"rotation": [75, -135, 0],
			"translation": [0, 2.75, 2.5],
			"scale": [0.31, 0.31, 0.31]
		},
		"thirdperson_lefthand": {
			"rotation": [75, 135, 0],
			"translation": [0, 2.75, 2.5],
			"scale": [0.31, 0.31, 0.31]
		},
		"firstperson_righthand": {
			"rotation": [0, -135, 0],
			"translation": [0, 3.75, 0],
			"scale": [0.4, 0.4, 0.4]
		},
		"firstperson_lefthand": {
			"rotation": [0, -135, 0],
			"translation": [0, 3.75, 0],
			"scale": [0.4, 0.4, 0.4]
		},
		"ground": {
			"rotation": [0, 180, 0],
			"translation": [0, 5, 0]
		},
		"gui": {
			"rotation": [30, 45, 0],
			"translation": [1.5, 1.75, 0],
			"scale": [0.9, 0.9, 0.9]
		},
		"head": {
			"rotation": [0, 180, 0],
			"translation": [0, 13.75, 0],
			"scale": [0.9, 0.9, 0.9]
		},
		"fixed": {
			"rotation": [-90, 180, 0],
			"translation": [0, 0, -16],
			"scale": [2, 2, 2]
		}
	},
	"groups": [
		{
			"name": "group",
			"origin": [0, 0, 0],
			"color": 0,
			"children": [0, 1, 2]
		},
		{
			"name": "group",
			"origin": [0, 0, 0],
			"color": 0,
			"children": [3, 4, 5]
		},
		{
			"name": "group",
			"origin": [0, 0, 0],
			"color": 0,
			"children": [6, 7, 8]
		},
		{
			"name": "group",
			"origin": [0, 0, 0],
			"color": 0,
			"children": [9, 10, 11]
		},
		{
			"name": "group",
			"origin": [0, 0, 0],
			"color": 0,
			"children": [
				12,
				13,
				14,
				{
					"name": "group",
					"origin": [0, 0, 0],
					"color": 0,
					"children": [15, 16, 17]
				}
			]
		},
		{
			"name": "group",
			"origin": [0, 0, 0],
			"color": 0,
			"children": [18, 19, 20]
		},
		{
			"name": "group",
			"origin": [0, 0, 0],
			"color": 0,
			"children": [21, 22, 23]
		}
	]
}