{
	"credit": "Made with Blockbench",
	"texture_size": [32, 32],
	"textures": {
		"0": "custom/block/mini_mech",
		"particle": "custom/block/mini_mech"
	},
	"elements": [
		{
			"from": [4, 3, 5],
			"to": [12, 11, 5],
			"rotation": {"angle": 0, "axis": "y", "origin": [4, 3, -1]},
			"faces": {
				"north": {"uv": [3, 0, 7, 4], "texture": "#0"},
				"east": {"uv": [0, 0, 0, 4], "texture": "#0"},
				"south": {"uv": [7, 0, 11, 4], "texture": "#0"},
				"west": {"uv": [0, 0, 0, 4], "texture": "#0"},
				"up": {"uv": [4, 4, 8, 4], "texture": "#0"},
				"down": {"uv": [0, 4, 4, 4], "texture": "#0"}
			}
		},
		{
			"from": [4, 3, 0],
			"to": [12, 11, 0],
			"rotation": {"angle": 0, "axis": "y", "origin": [4, 3, -6]},
			"faces": {
				"north": {"uv": [12, 6, 16, 10], "texture": "#0"},
				"east": {"uv": [0, 0, 0, 4], "texture": "#0"},
				"south": {"uv": [16, 6, 12, 10], "texture": "#0"},
				"west": {"uv": [0, 0, 0, 4], "texture": "#0"},
				"up": {"uv": [4, 4, 8, 4], "texture": "#0"},
				"down": {"uv": [0, 4, 4, 4], "texture": "#0"}
			}
		},
		{
			"from": [6, 3, 4],
			"to": [10, 8, 5],
			"rotation": {"angle": 0, "axis": "y", "origin": [4, 3, -1]},
			"faces": {
				"north": {"uv": [8, 4, 10, 6.5], "texture": "#0"},
				"east": {"uv": [8, 4, 8.5, 6.5], "texture": "#0"},
				"south": {"uv": [8, 1.5, 10, 4], "texture": "#0"},
				"west": {"uv": [9.5, 4, 10, 6.5], "texture": "#0"},
				"up": {"uv": [10, 4, 8, 4.5], "texture": "#0"},
				"down": {"uv": [1, 4, 3, 4.5], "texture": "#0"}
			}
		},
		{
			"from": [6, 3, 1],
			"to": [10, 4, 4],
			"rotation": {"angle": 0, "axis": "y", "origin": [4, 3, -2]},
			"faces": {
				"north": {"uv": [8, 4, 10, 4.5], "texture": "#0"},
				"east": {"uv": [8.5, 5.5, 10, 6], "texture": "#0"},
				"south": {"uv": [8, 6, 10, 6.5], "texture": "#0"},
				"west": {"uv": [8, 5.5, 9.5, 6], "texture": "#0"},
				"up": {"uv": [10, 4, 8, 5.5], "texture": "#0"},
				"down": {"uv": [1, 4.5, 3, 6], "texture": "#0"}
			}
		},
		{
			"from": [4, 3, 0],
			"to": [12, 3, 5],
			"rotation": {"angle": 0, "axis": "y", "origin": [4, 3, -1]},
			"faces": {
				"north": {"uv": [3, 0, 7, 0], "texture": "#0"},
				"east": {"uv": [0, 0, 2.5, 0], "texture": "#0"},
				"south": {"uv": [7, 0, 11, 0], "texture": "#0"},
				"west": {"uv": [0, 0, 2.5, 0], "texture": "#0"},
				"up": {"uv": [0, 6.5, 4, 4], "texture": "#0"},
				"down": {"uv": [0, 4, 4, 6.5], "texture": "#0"}
			}
		},
		{
			"from": [4, 11, 0],
			"to": [12, 11, 5],
			"rotation": {"angle": 0, "axis": "y", "origin": [4, 11, -1]},
			"faces": {
				"north": {"uv": [3, 0, 7, 0], "texture": "#0"},
				"east": {"uv": [0, 0, 2.5, 0], "texture": "#0"},
				"south": {"uv": [7, 0, 11, 0], "texture": "#0"},
				"west": {"uv": [0, 0, 2.5, 0], "texture": "#0"},
				"up": {"uv": [4, 6.5, 8, 4], "texture": "#0"},
				"down": {"uv": [4, 4, 8, 6.5], "texture": "#0"}
			}
		},
		{
			"from": [12, 3, 0],
			"to": [12, 11, 5],
			"rotation": {"angle": 0, "axis": "y", "origin": [4, 3, -6]},
			"faces": {
				"north": {"uv": [3, 0, 3, 4], "texture": "#0"},
				"east": {"uv": [0, 0, 2.5, 4], "texture": "#0"},
				"south": {"uv": [7, 0, 7, 4], "texture": "#0"},
				"west": {"uv": [2.5, 0, 0, 4], "texture": "#0"},
				"up": {"uv": [4, 4, 4, 6.5], "texture": "#0"},
				"down": {"uv": [0, 4, 0, 6.5], "texture": "#0"}
			}
		},
		{
			"from": [4, 3, 0],
			"to": [4, 11, 5],
			"rotation": {"angle": 0, "axis": "y", "origin": [-4, 3, -6]},
			"faces": {
				"north": {"uv": [3, 0, 3, 4], "texture": "#0"},
				"east": {"uv": [0, 0, 2.5, 4], "texture": "#0"},
				"south": {"uv": [7, 0, 7, 4], "texture": "#0"},
				"west": {"uv": [2.5, 0, 0, 4], "texture": "#0"},
				"up": {"uv": [4, 4, 4, 6.5], "texture": "#0"},
				"down": {"uv": [0, 4, 0, 6.5], "texture": "#0"}
			}
		},
		{
			"from": [5, 7, 5],
			"to": [11, 11, 11],
			"rotation": {"angle": 0, "axis": "y", "origin": [4, 3, 5]},
			"faces": {
				"north": {"uv": [3.5, 0, 6.5, 2], "texture": "#0"},
				"east": {"uv": [14, 0, 16, 3], "rotation": 90, "texture": "#0"},
				"south": {"uv": [14, 3, 16, 6], "rotation": 90, "texture": "#0"},
				"west": {"uv": [14, 3, 16, 0], "rotation": 90, "texture": "#0"},
				"up": {"uv": [11, 0, 14, 3], "texture": "#0"},
				"down": {"uv": [11, 3, 14, 6], "texture": "#0"}
			}
		},
		{
			"from": [11, 5, 5],
			"to": [14, 9, 8],
			"rotation": {"angle": 0, "axis": "y", "origin": [10, 1, 5]},
			"faces": {
				"north": {"uv": [0, 7, 1.5, 9], "texture": "#0"},
				"east": {"uv": [1.5, 7, 3, 9], "texture": "#0"},
				"south": {"uv": [1.5, 7, 0, 9], "texture": "#0"},
				"west": {"uv": [3, 7, 4.5, 9], "texture": "#0"},
				"up": {"uv": [0, 9, 1.5, 10.5], "texture": "#0"},
				"down": {"uv": [1.5, 9, 3, 10.5], "texture": "#0"}
			}
		},
		{
			"from": [11, 5, 9],
			"to": [14, 9, 12],
			"rotation": {"angle": 0, "axis": "y", "origin": [10, 1, 9]},
			"faces": {
				"north": {"uv": [0, 7, 1.5, 9], "texture": "#0"},
				"east": {"uv": [1.5, 7, 3, 9], "texture": "#0"},
				"south": {"uv": [1.5, 7, 0, 9], "texture": "#0"},
				"west": {"uv": [3, 7, 4.5, 9], "texture": "#0"},
				"up": {"uv": [0, 9, 1.5, 10.5], "texture": "#0"},
				"down": {"uv": [1.5, 9, 3, 10.5], "texture": "#0"}
			}
		},
		{
			"from": [12, 3, 6],
			"to": [16, 5, 7],
			"rotation": {"angle": 45, "axis": "y", "origin": [12.5, 3.5, 6.5]},
			"faces": {
				"north": {"uv": [2, 10.5, 0, 11.5], "texture": "#0"},
				"east": {"uv": [0, 10.5, 0.5, 11.5], "texture": "#0"},
				"south": {"uv": [0, 10.5, 2, 11.5], "texture": "#0"},
				"west": {"uv": [0, 10.5, 0.5, 11.5], "texture": "#0"},
				"up": {"uv": [0, 10.5, 2, 11], "texture": "#0"},
				"down": {"uv": [0, 11, 2, 11.5], "texture": "#0"}
			}
		},
		{
			"from": [16, 2, 5],
			"to": [19, 6, 8],
			"rotation": {"angle": 45, "axis": "y", "origin": [12.5, 3.5, 6.5]},
			"faces": {
				"north": {"uv": [1.5, 11.5, 0, 13.5], "texture": "#0"},
				"east": {"uv": [1.5, 11.5, 3, 13.5], "texture": "#0"},
				"south": {"uv": [0, 11.5, 1.5, 13.5], "texture": "#0"},
				"west": {"uv": [3, 11.5, 4.5, 13.5], "texture": "#0"},
				"up": {"uv": [0, 14.5, 1.5, 16], "texture": "#0"},
				"down": {"uv": [1.5, 14.5, 3, 16], "texture": "#0"}
			}
		},
		{
			"from": [16, 0, 5],
			"to": [19, 1, 8],
			"rotation": {"angle": 45, "axis": "y", "origin": [12.5, -1.5, 6.5]},
			"faces": {
				"north": {"uv": [6, 11.5, 4.5, 12], "texture": "#0"},
				"east": {"uv": [6, 11.5, 7.5, 12], "texture": "#0"},
				"south": {"uv": [4.5, 11.5, 6, 12], "texture": "#0"},
				"west": {"uv": [6, 11, 7.5, 11.5], "texture": "#0"},
				"up": {"uv": [4.5, 12, 6, 13.5], "texture": "#0"},
				"down": {"uv": [6, 12, 7.5, 13.5], "texture": "#0"}
			}
		},
		{
			"from": [17, 1, 6],
			"to": [18, 2, 7],
			"rotation": {"angle": 45, "axis": "y", "origin": [12.5, -0.5, 6.5]},
			"faces": {
				"north": {"uv": [5, 10, 4.5, 10.5], "texture": "#0"},
				"east": {"uv": [5, 10, 5.5, 10.5], "texture": "#0"},
				"south": {"uv": [4.5, 10, 5, 10.5], "texture": "#0"},
				"west": {"uv": [5.5, 10, 6, 10.5], "texture": "#0"},
				"up": {"uv": [4.5, 10.5, 5, 11], "texture": "#0"},
				"down": {"uv": [5, 10.5, 5.5, 11], "texture": "#0"}
			}
		},
		{
			"from": [12, 3, 10],
			"to": [16, 5, 11],
			"rotation": {"angle": -45, "axis": "y", "origin": [12.5, 3.5, 10.5]},
			"faces": {
				"north": {"uv": [2, 10.5, 0, 11.5], "texture": "#0"},
				"east": {"uv": [0.5, 10.5, 0, 11.5], "texture": "#0"},
				"south": {"uv": [0, 10.5, 2, 11.5], "texture": "#0"},
				"west": {"uv": [0.5, 10.5, 0, 11.5], "texture": "#0"},
				"up": {"uv": [0, 11, 2, 10.5], "texture": "#0"},
				"down": {"uv": [0, 11.5, 2, 11], "texture": "#0"}
			}
		},
		{
			"from": [16, 2, 9],
			"to": [19, 6, 12],
			"rotation": {"angle": -45, "axis": "y", "origin": [12.5, 3.5, 10.5]},
			"faces": {
				"north": {"uv": [1.5, 11.5, 0, 13.5], "texture": "#0"},
				"east": {"uv": [3, 11.5, 1.5, 13.5], "texture": "#0"},
				"south": {"uv": [0, 11.5, 1.5, 13.5], "texture": "#0"},
				"west": {"uv": [4.5, 11.5, 3, 13.5], "texture": "#0"},
				"up": {"uv": [0, 16, 1.5, 14.5], "texture": "#0"},
				"down": {"uv": [1.5, 16, 3, 14.5], "texture": "#0"}
			}
		},
		{
			"from": [16, 0, 9],
			"to": [19, 1, 12],
			"rotation": {"angle": -45, "axis": "y", "origin": [12.5, -1.5, 10.5]},
			"faces": {
				"north": {"uv": [6, 11.5, 4.5, 12], "texture": "#0"},
				"east": {"uv": [7.5, 11.5, 6, 12], "texture": "#0"},
				"south": {"uv": [4.5, 11.5, 6, 12], "texture": "#0"},
				"west": {"uv": [7.5, 11, 6, 11.5], "texture": "#0"},
				"up": {"uv": [4.5, 13.5, 6, 12], "texture": "#0"},
				"down": {"uv": [6, 13.5, 7.5, 12], "texture": "#0"}
			}
		},
		{
			"from": [17, 1, 10],
			"to": [18, 2, 11],
			"rotation": {"angle": -45, "axis": "y", "origin": [12.5, -0.5, 10.5]},
			"faces": {
				"north": {"uv": [5, 10, 4.5, 10.5], "texture": "#0"},
				"east": {"uv": [5.5, 10, 5, 10.5], "texture": "#0"},
				"south": {"uv": [4.5, 10, 5, 10.5], "texture": "#0"},
				"west": {"uv": [6, 10, 5.5, 10.5], "texture": "#0"},
				"up": {"uv": [4.5, 11, 5, 10.5], "texture": "#0"},
				"down": {"uv": [5, 11, 5.5, 10.5], "texture": "#0"}
			}
		},
		{
			"from": [-2, 1, 10],
			"to": [-1, 2, 11],
			"rotation": {"angle": 45, "axis": "y", "origin": [3.5, -0.5, 10.5]},
			"faces": {
				"north": {"uv": [4.5, 10, 5, 10.5], "texture": "#0"},
				"east": {"uv": [5.5, 10, 6, 10.5], "texture": "#0"},
				"south": {"uv": [5, 10, 4.5, 10.5], "texture": "#0"},
				"west": {"uv": [5, 10, 5.5, 10.5], "texture": "#0"},
				"up": {"uv": [5, 11, 4.5, 10.5], "texture": "#0"},
				"down": {"uv": [5.5, 11, 5, 10.5], "texture": "#0"}
			}
		},
		{
			"from": [-3, 0, 9],
			"to": [0, 1, 12],
			"rotation": {"angle": 45, "axis": "y", "origin": [3.5, -1.5, 10.5]},
			"faces": {
				"north": {"uv": [4.5, 11.5, 6, 12], "texture": "#0"},
				"east": {"uv": [6, 11, 7.5, 11.5], "texture": "#0"},
				"south": {"uv": [6, 11.5, 4.5, 12], "texture": "#0"},
				"west": {"uv": [6, 11.5, 7.5, 12], "texture": "#0"},
				"up": {"uv": [6, 13.5, 4.5, 12], "texture": "#0"},
				"down": {"uv": [7.5, 13.5, 6, 12], "texture": "#0"}
			}
		},
		{
			"from": [-3, 2, 9],
			"to": [0, 6, 12],
			"rotation": {"angle": 45, "axis": "y", "origin": [3.5, 3.5, 10.5]},
			"faces": {
				"north": {"uv": [0, 11.5, 1.5, 13.5], "texture": "#0"},
				"east": {"uv": [3, 11.5, 4.5, 13.5], "texture": "#0"},
				"south": {"uv": [1.5, 11.5, 0, 13.5], "texture": "#0"},
				"west": {"uv": [1.5, 11.5, 3, 13.5], "texture": "#0"},
				"up": {"uv": [1.5, 16, 0, 14.5], "texture": "#0"},
				"down": {"uv": [3, 16, 1.5, 14.5], "texture": "#0"}
			}
		},
		{
			"from": [0, 3, 10],
			"to": [4, 5, 11],
			"rotation": {"angle": 45, "axis": "y", "origin": [3.5, 3.5, 10.5]},
			"faces": {
				"north": {"uv": [0, 10.5, 2, 11.5], "texture": "#0"},
				"east": {"uv": [0, 10.5, 0.5, 11.5], "texture": "#0"},
				"south": {"uv": [2, 10.5, 0, 11.5], "texture": "#0"},
				"west": {"uv": [0, 10.5, 0.5, 11.5], "texture": "#0"},
				"up": {"uv": [2, 11, 0, 10.5], "texture": "#0"},
				"down": {"uv": [2, 11.5, 0, 11], "texture": "#0"}
			}
		},
		{
			"from": [2, 5, 9],
			"to": [5, 9, 12],
			"rotation": {"angle": 0, "axis": "y", "origin": [6, 1, 9]},
			"faces": {
				"north": {"uv": [1.5, 7, 0, 9], "texture": "#0"},
				"east": {"uv": [4.5, 7, 3, 9], "texture": "#0"},
				"south": {"uv": [0, 7, 1.5, 9], "texture": "#0"},
				"west": {"uv": [3, 7, 1.5, 9], "texture": "#0"},
				"up": {"uv": [1.5, 9, 0, 10.5], "texture": "#0"},
				"down": {"uv": [3, 9, 1.5, 10.5], "texture": "#0"}
			}
		},
		{
			"from": [2, 5, 5],
			"to": [5, 9, 8],
			"rotation": {"angle": 0, "axis": "y", "origin": [6, 1, 5]},
			"faces": {
				"north": {"uv": [1.5, 7, 0, 9], "texture": "#0"},
				"east": {"uv": [4.5, 7, 3, 9], "texture": "#0"},
				"south": {"uv": [0, 7, 1.5, 9], "texture": "#0"},
				"west": {"uv": [3, 7, 1.5, 9], "texture": "#0"},
				"up": {"uv": [1.5, 9, 0, 10.5], "texture": "#0"},
				"down": {"uv": [3, 9, 1.5, 10.5], "texture": "#0"}
			}
		},
		{
			"from": [0, 3, 6],
			"to": [4, 5, 7],
			"rotation": {"angle": -45, "axis": "y", "origin": [3.5, 3.5, 6.5]},
			"faces": {
				"north": {"uv": [0, 10.5, 2, 11.5], "texture": "#0"},
				"east": {"uv": [0.5, 10.5, 0, 11.5], "texture": "#0"},
				"south": {"uv": [2, 10.5, 0, 11.5], "texture": "#0"},
				"west": {"uv": [0.5, 10.5, 0, 11.5], "texture": "#0"},
				"up": {"uv": [2, 10.5, 0, 11], "texture": "#0"},
				"down": {"uv": [2, 11, 0, 11.5], "texture": "#0"}
			}
		},
		{
			"from": [-3, 2, 5],
			"to": [0, 6, 8],
			"rotation": {"angle": -45, "axis": "y", "origin": [3.5, 3.5, 6.5]},
			"faces": {
				"north": {"uv": [0, 11.5, 1.5, 13.5], "texture": "#0"},
				"east": {"uv": [4.5, 11.5, 3, 13.5], "texture": "#0"},
				"south": {"uv": [1.5, 11.5, 0, 13.5], "texture": "#0"},
				"west": {"uv": [3, 11.5, 1.5, 13.5], "texture": "#0"},
				"up": {"uv": [1.5, 14.5, 0, 16], "texture": "#0"},
				"down": {"uv": [3, 14.5, 1.5, 16], "texture": "#0"}
			}
		},
		{
			"from": [-2, 1, 6],
			"to": [-1, 2, 7],
			"rotation": {"angle": -45, "axis": "y", "origin": [3.5, -0.5, 6.5]},
			"faces": {
				"north": {"uv": [4.5, 10, 5, 10.5], "texture": "#0"},
				"east": {"uv": [6, 10, 5.5, 10.5], "texture": "#0"},
				"south": {"uv": [5, 10, 4.5, 10.5], "texture": "#0"},
				"west": {"uv": [5.5, 10, 5, 10.5], "texture": "#0"},
				"up": {"uv": [5, 10.5, 4.5, 11], "texture": "#0"},
				"down": {"uv": [5.5, 10.5, 5, 11], "texture": "#0"}
			}
		},
		{
			"from": [-3, 0, 5],
			"to": [0, 1, 8],
			"rotation": {"angle": -45, "axis": "y", "origin": [3.5, -1.5, 6.5]},
			"faces": {
				"north": {"uv": [4.5, 11.5, 6, 12], "texture": "#0"},
				"east": {"uv": [7.5, 11, 6, 11.5], "texture": "#0"},
				"south": {"uv": [6, 11.5, 4.5, 12], "texture": "#0"},
				"west": {"uv": [7.5, 11.5, 6, 12], "texture": "#0"},
				"up": {"uv": [6, 12, 4.5, 13.5], "texture": "#0"},
				"down": {"uv": [7.5, 12, 6, 13.5], "texture": "#0"}
			}
		}
	],
	"display": {
		"thirdperson_righthand": {
			"rotation": [75, 35, 0],
			"translation": [0, 2.75, 2.5],
			"scale": [0.31, 0.31, 0.31]
		},
		"thirdperson_lefthand": {
			"rotation": [75, -35, 0],
			"translation": [0, 2.75, 2.5],
			"scale": [0.31, 0.31, 0.31]
		},
		"firstperson_righthand": {
			"rotation": [0, 35, 0],
			"scale": [0.4, 0.4, 0.4]
		},
		"firstperson_lefthand": {
			"rotation": [0, 35, 0],
			"scale": [0.4, 0.4, 0.4]
		},
		"ground": {
			"translation": [0, 6, 0]
		},
		"gui": {
			"rotation": [30, 135, 0],
			"translation": [0, 2.25, 0],
			"scale": [0.64, 0.64, 0.64]
		},
		"head": {
			"translation": [0, 12.25, 0],
			"scale": [0.72, 0.72, 0.72]
		},
		"fixed": {
			"rotation": [-90, 0, 0],
			"translation": [0, -1, -16.01],
			"scale": [1.99, 1.99, 1.99]
		}
	}
}