{
	"credit": "Made with Blockbench",
	"textures": {
		"0": "custom/block/npc_coinflip",
		"1": "custom/item/banknote",
		"particle": "custom/block/npc_coinflip"
	},
	"elements": [
		{
			"from": [6.5, 1.41529, 11.32735],
			"to": [9.5, 2.16529, 13.57735],
			"rotation": {"angle": -45, "axis": "x", "origin": [8, 1.79029, 12.45235]},
			"faces": {
				"north": {"uv": [3, 7.5, 5, 8], "texture": "#0"},
				"east": {"uv": [8.5, 5, 10, 5.5], "texture": "#0"},
				"south": {"uv": [5, 7.5, 3, 8], "texture": "#0"},
				"west": {"uv": [8.5, 3, 10, 3.5], "texture": "#0"},
				"up": {"uv": [8.5, 5.5, 10, 3.5], "rotation": 90, "texture": "#0"},
				"down": {"uv": [8.5, 5, 10, 3], "rotation": 90, "texture": "#0"}
			}
		},
		{
			"from": [6.5, 9.24892, 1.66529],
			"to": [9.5, 9.99892, 3.91529],
			"rotation": {"angle": -45, "axis": "x", "origin": [8, 11.74524, 3.4974]},
			"faces": {
				"north": {"uv": [3, 0, 5, 0.5], "texture": "#0"},
				"east": {"uv": [8.5, 5, 10, 5.5], "texture": "#0"},
				"south": {"uv": [5, 0, 3, 0.5], "texture": "#0"},
				"west": {"uv": [8.5, 3, 10, 3.5], "texture": "#0"},
				"up": {"uv": [10, 5, 8.5, 3], "rotation": 90, "texture": "#0"},
				"down": {"uv": [8.5, 5, 10, 3], "rotation": 90, "texture": "#0"}
			}
		},
		{
			"from": [5, 1.94562, 10.79702],
			"to": [11, 2.69562, 13.04702],
			"rotation": {"angle": -45, "axis": "x", "origin": [8, 2.32062, 11.92202]},
			"faces": {
				"north": {"uv": [2, 7, 6, 7.5], "texture": "#0"},
				"east": {"uv": [8.5, 1.5, 10, 2], "texture": "#0"},
				"south": {"uv": [6, 7, 2, 7.5], "texture": "#0"},
				"west": {"uv": [8.5, 5, 10, 5.5], "texture": "#0"},
				"up": {"uv": [8.5, 6, 10, 2], "rotation": 90, "texture": "#0"},
				"down": {"uv": [8.5, 5.5, 10, 1.5], "rotation": 90, "texture": "#0"}
			}
		},
		{
			"from": [5, 8.83991, 3.90273],
			"to": [11, 9.58991, 6.15273],
			"rotation": {"angle": -45, "axis": "x", "origin": [8, 9.21491, 5.02773]},
			"faces": {
				"north": {"uv": [2, 0.5, 6, 1], "texture": "#0"},
				"east": {"uv": [8.5, 1.5, 10, 2], "texture": "#0"},
				"south": {"uv": [6, 0.5, 2, 1], "texture": "#0"},
				"west": {"uv": [8.5, 5, 10, 5.5], "texture": "#0"},
				"up": {"uv": [10, 6, 8.5, 2], "rotation": 90, "texture": "#0"},
				"down": {"uv": [8.5, 5.5, 10, 1.5], "rotation": 90, "texture": "#0"}
			}
		},
		{
			"from": [4.25, 2.47595, 10.26669],
			"to": [11.75, 3.22595, 12.51669],
			"rotation": {"angle": -45, "axis": "x", "origin": [8, 2.85095, 11.39169]},
			"faces": {
				"north": {"uv": [1.5, 6.5, 6.5, 7], "texture": "#0"},
				"east": {"uv": [8.5, 2.5, 10, 3], "texture": "#0"},
				"south": {"uv": [6.5, 6.5, 1.5, 7], "texture": "#0"},
				"west": {"uv": [10, 4.5, 8.5, 5], "texture": "#0"},
				"up": {"uv": [8.5, 6.5, 10, 1.5], "rotation": 90, "texture": "#0"},
				"down": {"uv": [8.5, 5.5, 10, 0.5], "rotation": 90, "texture": "#0"}
			}
		},
		{
			"from": [4.25, 12.25933, 6.89752],
			"to": [11.75, 13.00933, 9.14752],
			"rotation": {"angle": -45, "axis": "x", "origin": [8, 7.68458, 11.55806]},
			"faces": {
				"north": {"uv": [1.5, 1, 6.5, 1.5], "texture": "#0"},
				"east": {"uv": [8.5, 2.5, 10, 3], "texture": "#0"},
				"south": {"uv": [6.5, 1, 1.5, 1.5], "texture": "#0"},
				"west": {"uv": [10, 4.5, 8.5, 5], "texture": "#0"},
				"up": {"uv": [10, 6.5, 8.5, 1.5], "rotation": 90, "texture": "#0"},
				"down": {"uv": [8.5, 5.5, 10, 0.5], "rotation": 90, "texture": "#0"}
			}
		},
		{
			"from": [3.5, 3.00628, 9.73636],
			"to": [12.5, 3.75628, 11.98636],
			"rotation": {"angle": -45, "axis": "x", "origin": [8, 3.38128, 10.86136]},
			"faces": {
				"north": {"uv": [1, 6, 7, 6.5], "texture": "#0"},
				"east": {"uv": [8.5, 2.5, 10, 3], "texture": "#0"},
				"south": {"uv": [7, 6, 1, 6.5], "texture": "#0"},
				"west": {"uv": [10, 4.5, 8.5, 5], "texture": "#0"},
				"up": {"uv": [8.5, 6.5, 10, 0.5], "rotation": 90, "texture": "#0"},
				"down": {"uv": [8.5, 6, 10, 0], "rotation": 90, "texture": "#0"}
			}
		},
		{
			"from": [3.5, 9.60768, 6.54917],
			"to": [12.5, 10.35768, 8.79917],
			"rotation": {"angle": -45, "axis": "x", "origin": [8, 7.15425, 9.08839]},
			"faces": {
				"north": {"uv": [1, 1.5, 7, 2], "texture": "#0"},
				"east": {"uv": [8.5, 2.5, 10, 3], "texture": "#0"},
				"south": {"uv": [7, 1.5, 1, 2], "texture": "#0"},
				"west": {"uv": [10, 4.5, 8.5, 5], "texture": "#0"},
				"up": {"uv": [10, 6.5, 8.5, 0.5], "rotation": 90, "texture": "#0"},
				"down": {"uv": [8.5, 6, 10, 0], "rotation": 90, "texture": "#0"}
			}
		},
		{
			"from": [2.75, 3.42678, 8.94086],
			"to": [13.25, 4.92678, 11.19086],
			"rotation": {"angle": -45, "axis": "x", "origin": [8, 4.17678, 10.06586]},
			"faces": {
				"north": {"uv": [0.5, 5, 7.5, 6], "texture": "#0"},
				"east": {"uv": [8.5, 1, 10, 2], "texture": "#0"},
				"south": {"uv": [7.5, 5, 0.5, 6], "texture": "#0"},
				"west": {"uv": [10, 5, 8.5, 6], "texture": "#0"},
				"up": {"uv": [8.5, 7.5, 10, 0.5], "rotation": 90, "texture": "#0"},
				"down": {"uv": [8.5, 7.5, 10, 0.5], "rotation": 90, "texture": "#0"}
			}
		},
		{
			"from": [2.75, 6.60876, 5.75888],
			"to": [13.25, 8.10876, 8.00888],
			"rotation": {"angle": -45, "axis": "x", "origin": [8, 7.35876, 6.88388]},
			"faces": {
				"north": {"uv": [0.5, 2, 7.5, 3], "texture": "#0"},
				"east": {"uv": [8.5, 1, 10, 2], "texture": "#0"},
				"south": {"uv": [7.5, 2, 0.5, 3], "texture": "#0"},
				"west": {"uv": [10, 5, 8.5, 6], "texture": "#0"},
				"up": {"uv": [10, 7.5, 8.5, 0.5], "rotation": 90, "texture": "#0"},
				"down": {"uv": [8.5, 7.5, 10, 0.5], "rotation": 90, "texture": "#0"}
			}
		},
		{
			"from": [2, 4.97487, 7.64277],
			"to": [14, 7.97487, 9.89277],
			"rotation": {"angle": -45, "axis": "x", "origin": [8, 5.76777, 9.47487]},
			"faces": {
				"north": {"uv": [0, 3, 8, 5], "texture": "#0"},
				"east": {"uv": [8.5, 1, 10, 3], "texture": "#0"},
				"south": {"uv": [8, 3, 0, 5], "texture": "#0"},
				"west": {"uv": [10, 5.5, 8.5, 7.5], "texture": "#0"},
				"up": {"uv": [10, 7, 8.5, 0], "rotation": 90, "texture": "#0"},
				"down": {"uv": [8.5, 7, 10, 0], "rotation": 90, "texture": "#0"}
			}
		},
		{
			"from": [4.48927, 16.28, 8.39552],
			"to": [5.80927, 16.94, 9.05552],
			"rotation": {"angle": -22.5, "axis": "y", "origin": [7.12927, 13.31, 8.72552]},
			"faces": {
				"north": {"uv": [10, 3, 12, 4], "texture": "#1"},
				"east": {"uv": [10, 3, 11, 4], "texture": "#1"},
				"south": {"uv": [10, 3, 12, 4], "texture": "#1"},
				"west": {"uv": [11, 3, 12, 4], "texture": "#1"},
				"up": {"uv": [10, 3, 12, 4], "texture": "#1"},
				"down": {"uv": [10, 3, 12, 4], "texture": "#1"}
			}
		},
		{
			"from": [3.82927, 15.62, 8.39552],
			"to": [7.78927, 16.28, 9.05552],
			"rotation": {"angle": -22.5, "axis": "y", "origin": [7.12927, 13.31, 8.72552]},
			"faces": {
				"north": {"uv": [7, 4, 13, 5], "texture": "#1"},
				"east": {"uv": [7, 4, 8, 5], "texture": "#1"},
				"south": {"uv": [13, 4, 7, 5], "texture": "#1"},
				"west": {"uv": [12, 4, 13, 5], "texture": "#1"},
				"up": {"uv": [13, 4, 7, 5], "texture": "#1"},
				"down": {"uv": [13, 4, 7, 5], "texture": "#1"}
			}
		},
		{
			"from": [3.16927, 14.96, 8.39552],
			"to": [9.76927, 15.62, 9.05552],
			"rotation": {"angle": -22.5, "axis": "y", "origin": [7.12927, 13.31, 8.72552]},
			"faces": {
				"north": {"uv": [4, 5, 14, 6], "texture": "#1"},
				"east": {"uv": [4, 5, 5, 6], "texture": "#1"},
				"south": {"uv": [14, 5, 4, 6], "texture": "#1"},
				"west": {"uv": [13, 5, 14, 6], "texture": "#1"},
				"up": {"uv": [14, 5, 4, 6], "texture": "#1"},
				"down": {"uv": [14, 5, 4, 6], "texture": "#1"}
			}
		},
		{
			"from": [2.50927, 14.3, 8.39552],
			"to": [11.74927, 14.96, 9.05552],
			"rotation": {"angle": -22.5, "axis": "y", "origin": [7.12927, 13.31, 8.72552]},
			"faces": {
				"north": {"uv": [1, 6, 15, 7], "texture": "#1"},
				"east": {"uv": [1, 6, 2, 7], "texture": "#1"},
				"south": {"uv": [15, 6, 1, 7], "texture": "#1"},
				"west": {"uv": [14, 6, 15, 7], "texture": "#1"},
				"up": {"uv": [15, 6, 1, 7], "texture": "#1"},
				"down": {"uv": [15, 6, 1, 7], "texture": "#1"}
			}
		},
		{
			"from": [1.84927, 12.32, 8.39552],
			"to": [12.40927, 14.3, 9.05552],
			"rotation": {"angle": -22.5, "axis": "y", "origin": [7.12927, 13.31, 8.72552]},
			"faces": {
				"north": {"uv": [0, 7, 16, 10], "texture": "#1"},
				"east": {"uv": [0, 7, 1, 10], "texture": "#1"},
				"south": {"uv": [16, 7, 0, 10], "texture": "#1"},
				"west": {"uv": [15, 7, 16, 10], "texture": "#1"},
				"up": {"uv": [16, 7, 0, 8], "texture": "#1"},
				"down": {"uv": [16, 7, 0, 8], "texture": "#1"}
			}
		},
		{
			"from": [2.50927, 11.66, 8.39552],
			"to": [12.40927, 12.32, 9.05552],
			"rotation": {"angle": -22.5, "axis": "y", "origin": [7.12927, 13.31, 8.72552]},
			"faces": {
				"north": {"uv": [0, 10, 15, 11], "texture": "#1"},
				"east": {"uv": [0, 10, 1, 11], "texture": "#1"},
				"south": {"uv": [15, 10, 0, 11], "texture": "#1"},
				"west": {"uv": [14, 10, 15, 11], "texture": "#1"},
				"up": {"uv": [15, 10, 0, 11], "texture": "#1"},
				"down": {"uv": [15, 10, 0, 11], "texture": "#1"}
			}
		},
		{
			"from": [3.82927, 11, 8.39552],
			"to": [11.74927, 11.66, 9.05552],
			"rotation": {"angle": -22.5, "axis": "y", "origin": [7.12927, 13.31, 8.72552]},
			"faces": {
				"north": {"uv": [1, 11, 13, 12], "texture": "#1"},
				"east": {"uv": [1, 11, 2, 12], "texture": "#1"},
				"south": {"uv": [13, 11, 1, 12], "texture": "#1"},
				"west": {"uv": [12, 11, 13, 12], "texture": "#1"},
				"up": {"uv": [13, 11, 1, 12], "texture": "#1"},
				"down": {"uv": [13, 11, 1, 12], "texture": "#1"}
			}
		},
		{
			"from": [5.80927, 10.34, 8.39552],
			"to": [11.08927, 11, 9.05552],
			"rotation": {"angle": -22.5, "axis": "y", "origin": [7.12927, 13.31, 8.72552]},
			"faces": {
				"north": {"uv": [2, 12, 10, 13], "texture": "#1"},
				"east": {"uv": [2, 12, 3, 13], "texture": "#1"},
				"south": {"uv": [10, 12, 2, 13], "texture": "#1"},
				"west": {"uv": [9, 12, 10, 13], "texture": "#1"},
				"up": {"uv": [10, 12, 2, 13], "texture": "#1"},
				"down": {"uv": [10, 12, 2, 13], "texture": "#1"}
			}
		},
		{
			"from": [7.78927, 9.68, 8.39552],
			"to": [10.42927, 10.34, 9.05552],
			"rotation": {"angle": -22.5, "axis": "y", "origin": [7.12927, 13.31, 8.72552]},
			"faces": {
				"north": {"uv": [3, 13, 7, 14], "texture": "#1"},
				"east": {"uv": [3, 13, 4, 14], "texture": "#1"},
				"south": {"uv": [7, 13, 3, 14], "texture": "#1"},
				"west": {"uv": [6, 13, 7, 14], "texture": "#1"},
				"up": {"uv": [7, 13, 3, 14], "texture": "#1"},
				"down": {"uv": [7, 13, 3, 14], "texture": "#1"}
			}
		}
	],
	"gui_light": "front",
	"display": {
		"thirdperson_righthand": {
			"rotation": [-38.09, 73.66, 36.94],
			"translation": [0.5, 1.5, -2]
		},
		"thirdperson_lefthand": {
			"rotation": [-34, -107, -37],
			"translation": [0.5, 1.5, -1.75]
		},
		"firstperson_righthand": {
			"rotation": [0, 80, 0],
			"translation": [10.25, 2.45, -3.5]
		},
		"firstperson_lefthand": {
			"rotation": [0, -100, 0],
			"translation": [10.25, 2.45, -3.5]
		},
		"ground": {
			"translation": [0, 3.5, 0]
		},
		"gui": {
			"rotation": [20, -9, -9],
			"translation": [0.75, -0.25, 0],
			"scale": [1.5, 1.5, 1.5]
		},
		"head": {
			"rotation": [0, 90, 0],
			"translation": [0, 14, 0]
		},
		"fixed": {
			"translation": [0, 0, -10],
			"scale": [2, 2, 2]
		}
	},
	"groups": [
		{
			"name": "group",
			"origin": [0, 0, 0],
			"color": 0,
			"children": [0, 1, 2, 3, 4, 5, 6, 7, 8, 9, 10]
		},
		{
			"name": "group",
			"origin": [8, 5.28, 8],
			"color": 0,
			"children": [11, 12, 13, 14, 15, 16, 17, 18, 19]
		}
	]
}