{
	"credit": "Made with Blockbench",
	"texture_size": [32, 32],
	"textures": {
		"0": "custom/block/spotlight",
		"1": "custom/block/beam",
		"particle": "custom/block/spotlight"
	},
	"elements": [
		{
			"from": [4, -16, 4],
			"to": [12, -8, 12],
			"rotation": {"angle": 0, "axis": "y", "origin": [4, -16, 4]},
			"faces": {
				"north": {"uv": [0, 0, 4, 4], "texture": "#0"},
				"east": {"uv": [0, 0, 4, 4], "texture": "#0"},
				"south": {"uv": [0, 0, 4, 4], "texture": "#0"},
				"west": {"uv": [0, 0, 4, 4], "texture": "#0"},
				"up": {"uv": [0, 4, 4, 8], "texture": "#0"},
				"down": {"uv": [0, 8, 4, 12], "texture": "#0"}
			}
		},
		{
			"from": [11, -8, 5],
			"to": [11, 32, 11],
			"rotation": {"angle": 0, "axis": "y", "origin": [11, 12, 8]},
			"faces": {
				"north": {"uv": [0, 0, 0, 5.2], "texture": "#1"},
				"east": {"uv": [0, 0, 1.5, 10], "texture": "#1"},
				"south": {"uv": [0, 0, 0, 5.2], "texture": "#1"},
				"west": {"uv": [0, 0, 1.5, 10], "texture": "#1"},
				"up": {"uv": [0, 0, 1.5, 0.4], "rotation": 270, "texture": "#1"},
				"down": {"uv": [0, 0, 1.5, 0.4], "rotation": 90, "texture": "#1"}
			}
		},
		{
			"from": [4, -8, 4],
			"to": [4, 32, 12],
			"rotation": {"angle": 0, "axis": "y", "origin": [4.5, 12, 8]},
			"faces": {
				"north": {"uv": [0, 0, 14.22222, 0], "texture": "#0"},
				"east": {"uv": [4, 0, 4.5, 12], "texture": "#0"},
				"south": {"uv": [0, 0, 14.22222, 0], "texture": "#0"},
				"west": {"uv": [4, 0, 4.5, 12], "texture": "#0"},
				"up": {"uv": [14.22222, 0, 0, 0], "rotation": 270, "texture": "#0"},
				"down": {"uv": [14.22222, 0, 0, 0], "rotation": 90, "texture": "#0"}
			}
		},
		{
			"from": [5, -8, 5],
			"to": [5, 32, 11],
			"rotation": {"angle": 0, "axis": "y", "origin": [4.5, 12, 8]},
			"faces": {
				"north": {"uv": [0, 0, 0, 5.2], "texture": "#1"},
				"east": {"uv": [1.5, 0, 0, 10], "texture": "#1"},
				"south": {"uv": [0, 0, 0, 5.2], "texture": "#1"},
				"west": {"uv": [1.5, 0, 0, 10], "texture": "#1"},
				"up": {"uv": [0, 0.4, 1.5, 0], "rotation": 270, "texture": "#1"},
				"down": {"uv": [0, 0.4, 1.5, 0], "rotation": 90, "texture": "#1"}
			}
		},
		{
			"from": [4, -8, 4],
			"to": [12, 32, 4],
			"rotation": {"angle": 0, "axis": "y", "origin": [8, 12, 8]},
			"faces": {
				"north": {"uv": [4, 0, 4.5, 12], "texture": "#0"},
				"east": {"uv": [14.22222, 0, 0, 0], "texture": "#0"},
				"south": {"uv": [4, 0, 4.5, 12], "texture": "#0"},
				"west": {"uv": [14.22222, 0, 0, 0], "texture": "#0"},
				"up": {"uv": [14.22222, 0, 0, 0], "rotation": 180, "texture": "#0"},
				"down": {"uv": [14.22222, 0, 0, 0], "rotation": 180, "texture": "#0"}
			}
		},
		{
			"from": [5, -8, 5],
			"to": [11, 32, 5],
			"rotation": {"angle": 0, "axis": "y", "origin": [8, 12, 8]},
			"faces": {
				"north": {"uv": [0, 0, 1.5, 10], "texture": "#1"},
				"east": {"uv": [0, 0, 0, 5.2], "texture": "#1"},
				"south": {"uv": [0, 0, 1.5, 10], "texture": "#1"},
				"west": {"uv": [0, 0, 0, 5.2], "texture": "#1"},
				"up": {"uv": [0, 0, 1.5, 0.4], "rotation": 180, "texture": "#1"},
				"down": {"uv": [0, 0, 1.5, 0.4], "rotation": 180, "texture": "#1"}
			}
		},
		{
			"from": [4, -8, 12],
			"to": [12, 32, 12],
			"rotation": {"angle": 0, "axis": "y", "origin": [8, 12, 8]},
			"faces": {
				"north": {"uv": [4, 0, 4.5, 12], "texture": "#0"},
				"east": {"uv": [0, 0, 14.22222, 0], "texture": "#0"},
				"south": {"uv": [4, 0, 4.5, 12], "texture": "#0"},
				"west": {"uv": [0, 0, 14.22222, 0], "texture": "#0"},
				"up": {"uv": [14.22222, 0, 0, 0], "rotation": 180, "texture": "#0"},
				"down": {"uv": [14.22222, 0, 0, 0], "rotation": 180, "texture": "#0"}
			}
		},
		{
			"from": [5, -8, 11],
			"to": [11, 32, 11],
			"rotation": {"angle": 0, "axis": "y", "origin": [8, 12, 8]},
			"faces": {
				"north": {"uv": [1.5, 0, 0, 10], "texture": "#1"},
				"east": {"uv": [0, 0, 0, 5.2], "texture": "#1"},
				"south": {"uv": [1.5, 0, 0, 10], "texture": "#1"},
				"west": {"uv": [0, 0, 0, 5.2], "texture": "#1"},
				"up": {"uv": [0, 0.4, 1.5, 0], "rotation": 180, "texture": "#1"},
				"down": {"uv": [0, 0.4, 1.5, 0], "rotation": 180, "texture": "#1"}
			}
		},
		{
			"from": [12, -8, 4],
			"to": [12, 32, 12],
			"rotation": {"angle": 0, "axis": "y", "origin": [12, 12, 7]},
			"faces": {
				"north": {"uv": [14.22222, 0, 0, 0], "texture": "#0"},
				"east": {"uv": [4, 0, 4.5, 12], "texture": "#0"},
				"south": {"uv": [14.22222, 0, 0, 0], "texture": "#0"},
				"west": {"uv": [4, 0, 4.5, 12], "texture": "#0"},
				"up": {"uv": [14.22222, 0, 0, 0], "rotation": 270, "texture": "#0"},
				"down": {"uv": [14.22222, 0, 0, 0], "rotation": 90, "texture": "#0"}
			}
		}
	],
	"display": {
		"thirdperson_righthand": {
			"rotation": [-13.75, 0, 0],
			"translation": [0, 17.5, -3.25]
		},
		"thirdperson_lefthand": {
			"rotation": [-13.75, 0, 0],
			"translation": [0, 17.5, -3.25]
		},
		"firstperson_righthand": {
			"rotation": [0, -100, 90],
			"translation": [0, 3.75, 0],
			"scale": [0.4, 0.4, 0.4]
		},
		"firstperson_lefthand": {
			"rotation": [0, -100, 90],
			"translation": [0, 3.75, 0],
			"scale": [0.4, 0.4, 0.4]
		},
		"ground": {
			"rotation": [0, 180, 0],
			"translation": [0, 22.25, 0]
		},
		"gui": {
			"rotation": [30, 45, 37],
			"translation": [-0.5, 0.75, 0],
			"scale": [0.53, 0.53, 0.53]
		},
		"head": {
			"rotation": [0, 180, 0],
			"translation": [0, 44.75, 0],
			"scale": [1.6, 1.6, 1.6]
		},
		"fixed": {
			"rotation": [-45, 180, 0],
			"translation": [0, 28.25, -39.75],
			"scale": [2, 2, 2]
		}
	}
}