{
	"credit": "Made with Blockbench",
	"texture_size": [32, 32],
	"textures": {
		"1": "custom/block/vault",
		"particle": "custom/block/vault"
	},
	"elements": [
		{
			"from": [0, 0, 0],
			"to": [16, 16, 16],
			"rotation": {"angle": 0, "axis": "y", "origin": [8, 8, 8]},
			"faces": {
				"north": {"uv": [0, 0, 8, 8], "texture": "#1"},
				"east": {"uv": [0, 0, 8, 8], "texture": "#1"},
				"south": {"uv": [0, 0, 8, 8], "texture": "#1"},
				"west": {"uv": [0, 0, 8, 8], "texture": "#1"},
				"up": {"uv": [0, 0, 8, 8], "texture": "#1"},
				"down": {"uv": [0, 0, 8, 8], "texture": "#1"}
			}
		},
		{
			"from": [6, 16, 6],
			"to": [10, 17, 10],
			"rotation": {"angle": 0, "axis": "y", "origin": [8, 16.5, 8]},
			"faces": {
				"north": {"uv": [8, 2, 10, 2.5], "texture": "#1"},
				"east": {"uv": [8, 2, 10, 2.5], "texture": "#1"},
				"south": {"uv": [8, 2, 10, 2.5], "texture": "#1"},
				"west": {"uv": [8, 2, 10, 2.5], "texture": "#1"},
				"up": {"uv": [8, 0, 10, 2], "texture": "#1"},
				"down": {"uv": [8, 0, 10, 2], "texture": "#1"}
			}
		},
		{
			"from": [7.5, 17, 7.5],
			"to": [8.5, 19, 8.5],
			"rotation": {"angle": 0, "axis": "y", "origin": [8.5, 17.5, 7.5]},
			"faces": {
				"north": {"uv": [10, 0, 10.5, 1], "texture": "#1"},
				"east": {"uv": [10, 0, 10.5, 1], "texture": "#1"},
				"south": {"uv": [10, 0, 10.5, 1], "texture": "#1"},
				"west": {"uv": [10, 0, 10.5, 1], "texture": "#1"},
				"up": {"uv": [10, 0, 10.5, 0.5], "texture": "#1"},
				"down": {"uv": [10, 0, 10.5, 0.5], "texture": "#1"}
			}
		},
		{
			"from": [8.5, 18, 7.5],
			"to": [11.5, 19, 8.5],
			"rotation": {"angle": 0, "axis": "y", "origin": [8, 18.5, 8]},
			"faces": {
				"north": {"uv": [8.5, 1.5, 10, 2], "texture": "#1"},
				"east": {"uv": [9.5, 2, 10, 2.5], "texture": "#1"},
				"south": {"uv": [8.5, 1.5, 10, 2], "texture": "#1"},
				"west": {"uv": [9.5, 2, 10, 2.5], "texture": "#1"},
				"up": {"uv": [8.5, 1.5, 10, 2], "texture": "#1"},
				"down": {"uv": [8, 2, 9.5, 2.5], "texture": "#1"}
			}
		},
		{
			"from": [11.5, 17.5, 7],
			"to": [13.5, 19.5, 9],
			"rotation": {"angle": 0, "axis": "y", "origin": [8, 18.5, 8]},
			"faces": {
				"north": {"uv": [11.5, 0, 12.5, 1], "texture": "#1"},
				"east": {"uv": [9, 1.5, 10, 2.5], "texture": "#1"},
				"south": {"uv": [12.5, 0, 11.5, 1], "texture": "#1"},
				"west": {"uv": [12.5, 0, 13.5, 1], "texture": "#1"},
				"up": {"uv": [10.5, 0, 11.5, 1], "texture": "#1"},
				"down": {"uv": [12.5, 0, 13.5, 1], "rotation": 90, "texture": "#1"}
			}
		},
		{
			"from": [4.5, 18, 7.5],
			"to": [7.5, 19, 8.5],
			"rotation": {"angle": 0, "axis": "y", "origin": [8, 18.5, 8]},
			"faces": {
				"north": {"uv": [10, 1.5, 8.5, 2], "texture": "#1"},
				"east": {"uv": [10, 2, 9.5, 2.5], "texture": "#1"},
				"south": {"uv": [10, 1.5, 8.5, 2], "texture": "#1"},
				"west": {"uv": [10, 2, 9.5, 2.5], "texture": "#1"},
				"up": {"uv": [10, 1.5, 8.5, 2], "texture": "#1"},
				"down": {"uv": [9.5, 2, 8, 2.5], "texture": "#1"}
			}
		},
		{
			"from": [2.5, 17.5, 7],
			"to": [4.5, 19.5, 9],
			"rotation": {"angle": 0, "axis": "y", "origin": [8, 18.5, 8]},
			"faces": {
				"north": {"uv": [12.5, 0, 11.5, 1], "texture": "#1"},
				"east": {"uv": [13.5, 0, 12.5, 1], "texture": "#1"},
				"south": {"uv": [11.5, 0, 12.5, 1], "texture": "#1"},
				"west": {"uv": [10, 1.5, 9, 2.5], "texture": "#1"},
				"up": {"uv": [11.5, 0, 10.5, 1], "texture": "#1"},
				"down": {"uv": [12.5, 1, 13.5, 0], "rotation": 90, "texture": "#1"}
			}
		},
		{
			"from": [7.5, 18, 4.5],
			"to": [8.5, 19, 7.5],
			"rotation": {"angle": 0, "axis": "y", "origin": [8, 18.5, 8]},
			"faces": {
				"north": {"uv": [10, 2, 9.5, 2.5], "texture": "#1"},
				"east": {"uv": [10, 1.5, 8.5, 2], "texture": "#1"},
				"south": {"uv": [10, 2, 9.5, 2.5], "texture": "#1"},
				"west": {"uv": [10, 1.5, 8.5, 2], "texture": "#1"},
				"up": {"uv": [10, 1.5, 8.5, 2], "rotation": 90, "texture": "#1"},
				"down": {"uv": [9.5, 2, 8, 2.5], "rotation": 270, "texture": "#1"}
			}
		},
		{
			"from": [7, 17.5, 2.5],
			"to": [9, 19.5, 4.5],
			"rotation": {"angle": 0, "axis": "y", "origin": [8, 18.5, 8]},
			"faces": {
				"north": {"uv": [10, 1.5, 9, 2.5], "texture": "#1"},
				"east": {"uv": [12.5, 0, 11.5, 1], "texture": "#1"},
				"south": {"uv": [13.5, 0, 12.5, 1], "texture": "#1"},
				"west": {"uv": [11.5, 0, 12.5, 1], "texture": "#1"},
				"up": {"uv": [11.5, 0, 10.5, 1], "rotation": 90, "texture": "#1"},
				"down": {"uv": [12.5, 1, 13.5, 0], "texture": "#1"}
			}
		},
		{
			"from": [7.5, 18, 8.5],
			"to": [8.5, 19, 11.5],
			"rotation": {"angle": 0, "axis": "y", "origin": [8, 18.5, 8]},
			"faces": {
				"north": {"uv": [9.5, 2, 10, 2.5], "texture": "#1"},
				"east": {"uv": [8.5, 1.5, 10, 2], "texture": "#1"},
				"south": {"uv": [9.5, 2, 10, 2.5], "texture": "#1"},
				"west": {"uv": [8.5, 1.5, 10, 2], "texture": "#1"},
				"up": {"uv": [8.5, 1.5, 10, 2], "rotation": 90, "texture": "#1"},
				"down": {"uv": [8, 2, 9.5, 2.5], "rotation": 270, "texture": "#1"}
			}
		},
		{
			"from": [7, 17.5, 11.5],
			"to": [9, 19.5, 13.5],
			"rotation": {"angle": 0, "axis": "y", "origin": [8, 18.5, 8]},
			"faces": {
				"north": {"uv": [12.5, 0, 13.5, 1], "texture": "#1"},
				"east": {"uv": [11.5, 0, 12.5, 1], "texture": "#1"},
				"south": {"uv": [9, 1.5, 10, 2.5], "texture": "#1"},
				"west": {"uv": [12.5, 0, 11.5, 1], "texture": "#1"},
				"up": {"uv": [10.5, 0, 11.5, 1], "rotation": 90, "texture": "#1"},
				"down": {"uv": [12.5, 0, 13.5, 1], "texture": "#1"}
			}
		}
	],
	"display": {
		"thirdperson_righthand": {
			"rotation": [75, -135, 0],
			"translation": [0, 2.75, 0],
			"scale": [0.31, 0.31, 0.31]
		},
		"thirdperson_lefthand": {
			"rotation": [75, 135, 0],
			"translation": [0, 2.75, 0],
			"scale": [0.31, 0.31, 0.31]
		},
		"firstperson_righthand": {
			"rotation": [0, -135, 0],
			"scale": [0.4, 0.4, 0.4]
		},
		"firstperson_lefthand": {
			"rotation": [0, -135, 0],
			"scale": [0.4, 0.4, 0.4]
		},
		"ground": {
			"rotation": [0, 180, 0],
			"scale": [0.25, 0.25, 0.25]
		},
		"gui": {
			"rotation": [30, 45, 0],
			"translation": [0, -0.5, 0],
			"scale": [0.53, 0.53, 0.53]
		},
		"head": {
			"rotation": [0, 180, 0]
		},
		"fixed": {
			"rotation": [0, 180, 0],
			"scale": [0.68, 0.68, 0.68]
		}
	},
	"groups": [
		{
			"name": "top",
			"origin": [0, 0, 0],
			"color": 0,
			"children": []
		},
		{
			"name": "bottom",
			"origin": [0, 0, 0],
			"color": 0,
			"children": []
		},
		0,
		1,
		2,
		3,
		4,
		5,
		6,
		7,
		8,
		9,
		10
	]
}