{"textures":{"0":"modelengine:entity/cars","particle":"#0"},"elements":[{"from":[4.0,4.0,0.0],"to":[20.0,12.0,8.0],"faces":{"east":{"uv":[4.0,12.0,8.0,16.0],"tintindex":0,"rotation":0,"texture":"#0"},"south":{"uv":[12.0,12.0,4.0,16.0],"tintindex":0,"rotation":0,"texture":"#0"},"north":{"uv":[4.0,12.0,12.0,16.0],"tintindex":0,"rotation":0,"texture":"#0"},"west":{"uv":[4.0,12.0,8.0,16.0],"tintindex":0,"rotation":0,"texture":"#0"},"up":{"uv":[4.0,12.0,12.0,16.0],"tintindex":0,"rotation":180,"texture":"#0"},"down":{"uv":[4.0,12.0,12.0,16.0],"tintindex":0,"rotation":180,"texture":"#0"}}},{"from":[-4.0,4.0,-1.5],"to":[4.0,12.0,0.0],"faces":{"east":{"uv":[8.0,8.75,12.0,8.0],"tintindex":0,"rotation":270,"texture":"#0"},"south":{"uv":[12.0,8.0,8.0,12.0],"tintindex":0,"rotation":0,"texture":"#0"},"north":{"uv":[8.0,12.0,12.0,8.0],"tintindex":0,"rotation":270,"texture":"#0"},"west":{"uv":[8.0,8.75,12.0,8.0],"tintindex":0,"rotation":90,"texture":"#0"},"up":{"uv":[8.0,8.75,12.0,8.0],"tintindex":0,"rotation":180,"texture":"#0"},"down":{"uv":[8.0,8.0,12.0,8.75],"tintindex":0,"rotation":180,"texture":"#0"}}},{"from":[20.0,10.5,8.0],"to":[28.0,12.0,16.0],"faces":{"east":{"uv":[12.0,0.0,16.0,0.75],"tintindex":0,"rotation":0,"texture":"#0"},"south":{"uv":[12.0,0.0,12.75,4.0],"tintindex":0,"rotation":90,"texture":"#0"},"north":{"uv":[12.0,0.0,12.75,4.0],"tintindex":0,"rotation":90,"texture":"#0"},"west":{"uv":[12.0,0.0,16.0,0.75],"tintindex":0,"rotation":0,"texture":"#0"},"up":{"uv":[12.0,0.0,16.0,4.0],"tintindex":0,"rotation":270,"texture":"#0"},"down":{"uv":[12.0,0.0,16.0,4.0],"tintindex":0,"rotation":270,"texture":"#0"}}},{"from":[12.0,3.0,4.0],"to":[14.0,5.0,12.0],"faces":{"east":{"uv":[8.0,4.25,4.0,5.25],"tintindex":0,"rotation":0,"texture":"#0"},"south":{"uv":[4.0,4.25,5.0,5.25],"tintindex":0,"rotation":0,"texture":"#0"},"north":{"uv":[4.0,4.25,5.0,5.25],"tintindex":0,"rotation":0,"texture":"#0"},"west":{"uv":[4.0,4.25,8.0,5.25],"tintindex":0,"rotation":0,"texture":"#0"},"up":{"uv":[4.0,4.25,8.0,5.25],"tintindex":0,"rotation":90,"texture":"#0"},"down":{"uv":[8.0,4.25,4.0,5.25],"tintindex":0,"rotation":90,"texture":"#0"}}},{"from":[-8.0,4.0,8.0],"to":[4.0,12.0,16.0],"faces":{"east":{"uv":[12.0,10.0,16.0,6.0],"tintindex":0,"rotation":0,"texture":"#0"},"south":{"uv":[12.0,10.0,16.0,16.0],"tintindex":0,"rotation":90,"texture":"#0"},"north":{"uv":[12.0,10.0,16.0,16.0],"tintindex":0,"rotation":90,"texture":"#0"},"west":{"uv":[16.0,10.0,12.0,6.0],"tintindex":0,"rotation":0,"texture":"#0"},"up":{"uv":[12.0,10.0,16.0,16.0],"tintindex":0,"rotation":270,"texture":"#0"},"down":{"uv":[12.0,10.0,16.0,16.0],"tintindex":0,"rotation":270,"texture":"#0"}}},{"from":[23.5,8.5,0.0],"to":[25.5,10.5,8.0],"faces":{"east":{"uv":[4.0,4.25,8.0,5.25],"tintindex":0,"rotation":0,"texture":"#0"},"south":{"uv":[4.0,4.25,5.0,5.25],"tintindex":0,"rotation":0,"texture":"#0"},"north":{"uv":[4.0,4.25,5.0,5.25],"tintindex":0,"rotation":0,"texture":"#0"},"west":{"uv":[8.0,4.25,4.0,5.25],"tintindex":0,"rotation":0,"texture":"#0"},"up":{"uv":[4.0,4.25,8.0,5.25],"tintindex":0,"rotation":270,"texture":"#0"},"down":{"uv":[8.0,4.25,4.0,5.25],"tintindex":0,"rotation":270,"texture":"#0"}}},{"from":[4.0,3.0,10.0],"to":[12.0,5.0,12.0],"faces":{"east":{"uv":[4.0,4.25,5.0,5.25],"tintindex":0,"rotation":0,"texture":"#0"},"south":{"uv":[4.0,4.25,8.0,5.25],"tintindex":0,"rotation":0,"texture":"#0"},"north":{"uv":[8.0,4.25,4.0,5.25],"tintindex":0,"rotation":0,"texture":"#0"},"west":{"uv":[4.0,4.25,5.0,5.25],"tintindex":0,"rotation":270,"texture":"#0"},"up":{"uv":[4.0,4.25,8.0,5.25],"tintindex":0,"rotation":0,"texture":"#0"},"down":{"uv":[8.0,4.25,4.0,5.25],"tintindex":0,"rotation":180,"texture":"#0"}}},{"from":[23.5,5.0,8.0],"to":[25.5,7.0,16.0],"faces":{"east":{"uv":[4.0,4.25,8.0,5.25],"tintindex":0,"rotation":0,"texture":"#0"},"south":{"uv":[4.0,4.25,5.0,5.25],"tintindex":0,"rotation":0,"texture":"#0"},"north":{"uv":[4.0,4.25,5.0,5.25],"tintindex":0,"rotation":0,"texture":"#0"},"west":{"uv":[8.0,4.25,4.0,5.25],"tintindex":0,"rotation":0,"texture":"#0"},"up":{"uv":[4.0,4.25,8.0,5.25],"tintindex":0,"rotation":270,"texture":"#0"},"down":{"uv":[8.0,4.25,4.0,5.25],"tintindex":0,"rotation":270,"texture":"#0"}}},{"from":[4.0,4.0,8.0],"to":[20.0,12.0,16.0],"faces":{"east":{"uv":[4.0,12.0,8.0,16.0],"tintindex":0,"rotation":0,"texture":"#0"},"south":{"uv":[12.0,12.0,4.0,16.0],"tintindex":0,"rotation":0,"texture":"#0"},"north":{"uv":[4.0,12.0,12.0,16.0],"tintindex":0,"rotation":0,"texture":"#0"},"west":{"uv":[4.0,12.0,8.0,16.0],"tintindex":0,"rotation":0,"texture":"#0"},"up":{"uv":[4.0,12.0,12.0,16.0],"tintindex":0,"rotation":180,"texture":"#0"},"down":{"uv":[4.0,12.0,12.0,16.0],"tintindex":0,"rotation":180,"texture":"#0"}}},{"from":[-4.0,12.0,0.0],"to":[4.0,16.0,8.0],"faces":{"east":{"uv":[12.0,6.0,16.0,4.0],"tintindex":0,"rotation":0,"texture":"#0"},"south":{"uv":[12.0,4.0,16.0,6.0],"tintindex":0,"rotation":0,"texture":"#0"},"north":{"uv":[12.0,4.0,16.0,6.0],"tintindex":0,"rotation":0,"texture":"#0"},"west":{"uv":[12.0,6.0,16.0,4.0],"tintindex":0,"rotation":0,"texture":"#0"},"up":{"uv":[12.0,0.0,16.0,4.0],"tintindex":0,"rotation":180,"texture":"#0"},"down":{"uv":[12.0,0.0,16.0,4.0],"tintindex":0,"rotation":270,"texture":"#0"}}},{"from":[12.0,7.0,-1.5],"to":[20.0,9.0,0.5],"faces":{"east":{"uv":[5.0,4.25,4.0,5.25],"tintindex":0,"rotation":0,"texture":"#0"},"south":{"uv":[4.0,4.25,8.0,5.25],"tintindex":0,"rotation":0,"texture":"#0"},"north":{"uv":[8.0,4.25,4.0,5.25],"tintindex":0,"rotation":0,"texture":"#0"},"west":{"uv":[5.0,4.25,4.0,5.25],"tintindex":0,"rotation":0,"texture":"#0"},"up":{"uv":[4.0,5.25,8.0,4.25],"tintindex":0,"rotation":0,"texture":"#0"},"down":{"uv":[8.0,5.25,4.0,4.25],"tintindex":0,"rotation":180,"texture":"#0"}}},{"from":[23.5,8.5,8.0],"to":[25.5,10.5,16.0],"faces":{"east":{"uv":[4.0,4.25,8.0,5.25],"tintindex":0,"rotation":0,"texture":"#0"},"south":{"uv":[4.0,4.25,5.0,5.25],"tintindex":0,"rotation":0,"texture":"#0"},"north":{"uv":[4.0,4.25,5.0,5.25],"tintindex":0,"rotation":0,"texture":"#0"},"west":{"uv":[8.0,4.25,4.0,5.25],"tintindex":0,"rotation":0,"texture":"#0"},"up":{"uv":[4.0,4.25,8.0,5.25],"tintindex":0,"rotation":270,"texture":"#0"},"down":{"uv":[8.0,4.25,4.0,5.25],"tintindex":0,"rotation":270,"texture":"#0"}}},{"from":[20.0,10.5,0.0],"to":[28.0,12.0,8.0],"faces":{"east":{"uv":[12.0,0.0,16.0,0.75],"tintindex":0,"rotation":0,"texture":"#0"},"south":{"uv":[12.0,0.0,12.75,4.0],"tintindex":0,"rotation":90,"texture":"#0"},"north":{"uv":[12.0,0.0,12.75,4.0],"tintindex":0,"rotation":90,"texture":"#0"},"west":{"uv":[12.0,0.0,16.0,0.75],"tintindex":0,"rotation":0,"texture":"#0"},"up":{"uv":[12.0,0.0,16.0,4.0],"tintindex":0,"rotation":270,"texture":"#0"},"down":{"uv":[12.0,0.0,16.0,4.0],"tintindex":0,"rotation":270,"texture":"#0"}}},{"from":[4.0,7.0,15.5],"to":[12.0,9.0,17.5],"faces":{"east":{"uv":[4.0,4.25,5.0,5.25],"tintindex":0,"rotation":0,"texture":"#0"},"south":{"uv":[4.0,4.25,8.0,5.25],"tintindex":0,"rotation":0,"texture":"#0"},"north":{"uv":[8.0,4.25,4.0,5.25],"tintindex":0,"rotation":0,"texture":"#0"},"west":{"uv":[4.0,4.25,5.0,5.25],"tintindex":0,"rotation":0,"texture":"#0"},"up":{"uv":[4.0,4.25,8.0,5.25],"tintindex":0,"rotation":0,"texture":"#0"},"down":{"uv":[8.0,4.25,4.0,5.25],"tintindex":0,"rotation":180,"texture":"#0"}}},{"from":[20.0,5.0,0.0],"to":[22.0,7.0,8.0],"faces":{"east":{"uv":[4.0,4.25,8.0,5.25],"tintindex":0,"rotation":0,"texture":"#0"},"south":{"uv":[4.0,4.25,5.0,5.25],"tintindex":0,"rotation":0,"texture":"#0"},"north":{"uv":[4.0,4.25,5.0,5.25],"tintindex":0,"rotation":0,"texture":"#0"},"west":{"uv":[8.0,4.25,4.0,5.25],"tintindex":0,"rotation":0,"texture":"#0"},"up":{"uv":[4.0,4.25,8.0,5.25],"tintindex":0,"rotation":270,"texture":"#0"},"down":{"uv":[8.0,4.25,4.0,5.25],"tintindex":0,"rotation":270,"texture":"#0"}}},{"from":[20.0,5.0,8.0],"to":[22.0,7.0,16.0],"faces":{"east":{"uv":[4.0,4.25,8.0,5.25],"tintindex":0,"rotation":0,"texture":"#0"},"south":{"uv":[4.0,4.25,5.0,5.25],"tintindex":0,"rotation":0,"texture":"#0"},"north":{"uv":[4.0,4.25,5.0,5.25],"tintindex":0,"rotation":0,"texture":"#0"},"west":{"uv":[8.0,4.25,4.0,5.25],"tintindex":0,"rotation":0,"texture":"#0"},"up":{"uv":[4.0,4.25,8.0,5.25],"tintindex":0,"rotation":270,"texture":"#0"},"down":{"uv":[8.0,4.25,4.0,5.25],"tintindex":0,"rotation":270,"texture":"#0"}}},{"from":[-8.0,4.0,0.0],"to":[4.0,12.0,8.0],"faces":{"east":{"uv":[16.0,10.0,12.0,6.0],"tintindex":0,"rotation":0,"texture":"#0"},"south":{"uv":[12.0,10.0,16.0,16.0],"tintindex":0,"rotation":90,"texture":"#0"},"north":{"uv":[12.0,10.0,16.0,16.0],"tintindex":0,"rotation":90,"texture":"#0"},"west":{"uv":[12.0,10.0,16.0,6.0],"tintindex":0,"rotation":0,"texture":"#0"},"up":{"uv":[12.0,10.0,16.0,16.0],"tintindex":0,"rotation":270,"texture":"#0"},"down":{"uv":[12.0,10.0,16.0,16.0],"tintindex":0,"rotation":270,"texture":"#0"}}},{"from":[20.0,4.0,16.0],"to":[28.0,12.0,17.5],"faces":{"east":{"uv":[8.0,8.0,12.0,8.75],"tintindex":0,"rotation":270,"texture":"#0"},"south":{"uv":[8.0,8.0,12.0,12.0],"tintindex":0,"rotation":270,"texture":"#0"},"north":{"uv":[8.0,8.0,12.0,12.0],"tintindex":0,"rotation":0,"texture":"#0"},"west":{"uv":[8.0,8.0,12.0,8.75],"tintindex":0,"rotation":90,"texture":"#0"},"up":{"uv":[8.0,8.0,12.0,8.75],"tintindex":0,"rotation":180,"texture":"#0"},"down":{"uv":[8.0,8.75,12.0,8.0],"tintindex":0,"rotation":180,"texture":"#0"}}},{"from":[-4.0,4.0,16.0],"to":[4.0,12.0,17.5],"faces":{"east":{"uv":[8.0,8.0,12.0,8.75],"tintindex":0,"rotation":270,"texture":"#0"},"south":{"uv":[8.0,8.0,12.0,12.0],"tintindex":0,"rotation":270,"texture":"#0"},"north":{"uv":[8.0,8.0,12.0,12.0],"tintindex":0,"rotation":0,"texture":"#0"},"west":{"uv":[8.0,8.0,12.0,8.75],"tintindex":0,"rotation":90,"texture":"#0"},"up":{"uv":[8.0,8.0,12.0,8.75],"tintindex":0,"rotation":180,"texture":"#0"},"down":{"uv":[8.0,8.75,12.0,8.0],"tintindex":0,"rotation":180,"texture":"#0"}}},{"from":[4.0,12.0,8.0],"to":[12.0,17.5,16.0],"faces":{"east":{"uv":[0.0,9.25,4.0,12.0],"tintindex":0,"rotation":0,"texture":"#0"},"south":{"uv":[8.0,5.25,4.0,8.0],"tintindex":0,"rotation":0,"texture":"#0"},"north":{"uv":[4.0,5.25,8.0,8.0],"tintindex":0,"rotation":0,"texture":"#0"},"west":{"uv":[0.0,9.25,4.0,12.0],"tintindex":0,"rotation":0,"texture":"#0"},"up":{"uv":[4.0,8.0,8.0,12.0],"tintindex":0,"rotation":270,"texture":"#0"},"down":{"uv":[4.0,8.0,8.0,12.0],"tintindex":0,"rotation":270,"texture":"#0"}}},{"from":[12.0,7.0,15.5],"to":[20.0,9.0,17.5],"faces":{"east":{"uv":[4.0,4.25,5.0,5.25],"tintindex":0,"rotation":0,"texture":"#0"},"south":{"uv":[4.0,4.25,8.0,5.25],"tintindex":0,"rotation":0,"texture":"#0"},"north":{"uv":[8.0,4.25,4.0,5.25],"tintindex":0,"rotation":0,"texture":"#0"},"west":{"uv":[4.0,4.25,5.0,5.25],"tintindex":0,"rotation":0,"texture":"#0"},"up":{"uv":[4.0,4.25,8.0,5.25],"tintindex":0,"rotation":0,"texture":"#0"},"down":{"uv":[8.0,4.25,4.0,5.25],"tintindex":0,"rotation":180,"texture":"#0"}}},{"from":[-4.0,12.0,8.0],"to":[4.0,16.0,16.0],"faces":{"east":{"uv":[12.0,6.0,16.0,4.0],"tintindex":0,"rotation":0,"texture":"#0"},"south":{"uv":[12.0,4.0,16.0,6.0],"tintindex":0,"rotation":0,"texture":"#0"},"north":{"uv":[12.0,4.0,16.0,6.0],"tintindex":0,"rotation":0,"texture":"#0"},"west":{"uv":[12.0,6.0,16.0,4.0],"tintindex":0,"rotation":0,"texture":"#0"},"up":{"uv":[12.0,0.0,16.0,4.0],"tintindex":0,"rotation":180,"texture":"#0"},"down":{"uv":[12.0,0.0,16.0,4.0],"tintindex":0,"rotation":270,"texture":"#0"}}},{"from":[14.0,3.0,4.0],"to":[22.0,5.0,6.0],"faces":{"east":{"uv":[4.0,4.25,5.0,5.25],"tintindex":0,"rotation":90,"texture":"#0"},"south":{"uv":[4.0,4.25,8.0,5.25],"tintindex":0,"rotation":0,"texture":"#0"},"north":{"uv":[8.0,4.25,4.0,5.25],"tintindex":0,"rotation":0,"texture":"#0"},"west":{"uv":[4.0,4.25,5.0,5.25],"tintindex":0,"rotation":0,"texture":"#0"},"up":{"uv":[4.0,4.25,8.0,5.25],"tintindex":0,"rotation":0,"texture":"#0"},"down":{"uv":[8.0,4.25,4.0,5.25],"tintindex":0,"rotation":180,"texture":"#0"}}},{"from":[23.5,5.0,0.0],"to":[25.5,7.0,8.0],"faces":{"east":{"uv":[4.0,4.25,8.0,5.25],"tintindex":0,"rotation":0,"texture":"#0"},"south":{"uv":[4.0,4.25,5.0,5.25],"tintindex":0,"rotation":0,"texture":"#0"},"north":{"uv":[4.0,4.25,5.0,5.25],"tintindex":0,"rotation":0,"texture":"#0"},"west":{"uv":[8.0,4.25,4.0,5.25],"tintindex":0,"rotation":0,"texture":"#0"},"up":{"uv":[4.0,4.25,8.0,5.25],"tintindex":0,"rotation":270,"texture":"#0"},"down":{"uv":[8.0,4.25,4.0,5.25],"tintindex":0,"rotation":270,"texture":"#0"}}},{"from":[12.0,12.0,8.0],"to":[20.0,17.5,16.0],"faces":{"east":{"uv":[0.0,9.25,4.0,12.0],"tintindex":0,"rotation":0,"texture":"#0"},"south":{"uv":[4.0,6.5,0.0,9.25],"tintindex":0,"rotation":0,"texture":"#0"},"north":{"uv":[0.0,6.5,4.0,9.25],"tintindex":0,"rotation":0,"texture":"#0"},"west":{"uv":[0.0,9.25,4.0,12.0],"tintindex":0,"rotation":0,"texture":"#0"},"up":{"uv":[4.0,8.0,8.0,12.0],"tintindex":0,"rotation":270,"texture":"#0"},"down":{"uv":[4.0,8.0,8.0,12.0],"tintindex":0,"rotation":270,"texture":"#0"}}},{"from":[4.0,7.0,-1.5],"to":[12.0,9.0,0.5],"faces":{"east":{"uv":[5.0,4.25,4.0,5.25],"tintindex":0,"rotation":0,"texture":"#0"},"south":{"uv":[4.0,4.25,8.0,5.25],"tintindex":0,"rotation":0,"texture":"#0"},"north":{"uv":[8.0,4.25,4.0,5.25],"tintindex":0,"rotation":0,"texture":"#0"},"west":{"uv":[5.0,4.25,4.0,5.25],"tintindex":0,"rotation":0,"texture":"#0"},"up":{"uv":[4.0,5.25,8.0,4.25],"tintindex":0,"rotation":0,"texture":"#0"},"down":{"uv":[8.0,5.25,4.0,4.25],"tintindex":0,"rotation":180,"texture":"#0"}}},{"from":[20.0,4.0,-1.5],"to":[28.0,12.0,0.0],"faces":{"east":{"uv":[8.0,8.75,12.0,8.0],"tintindex":0,"rotation":270,"texture":"#0"},"south":{"uv":[12.0,8.0,8.0,12.0],"tintindex":0,"rotation":0,"texture":"#0"},"north":{"uv":[8.0,12.0,12.0,8.0],"tintindex":0,"rotation":270,"texture":"#0"},"west":{"uv":[8.0,8.75,12.0,8.0],"tintindex":0,"rotation":90,"texture":"#0"},"up":{"uv":[8.0,8.75,12.0,8.0],"tintindex":0,"rotation":180,"texture":"#0"},"down":{"uv":[8.0,8.0,12.0,8.75],"tintindex":0,"rotation":180,"texture":"#0"}}},{"from":[12.0,12.0,0.0],"to":[20.0,17.5,8.0],"faces":{"east":{"uv":[0.0,9.25,4.0,12.0],"tintindex":0,"rotation":0,"texture":"#0"},"south":{"uv":[4.0,6.5,0.0,9.25],"tintindex":0,"rotation":0,"texture":"#0"},"north":{"uv":[0.0,6.5,4.0,9.25],"tintindex":0,"rotation":0,"texture":"#0"},"west":{"uv":[0.0,9.25,4.0,12.0],"tintindex":0,"rotation":0,"texture":"#0"},"up":{"uv":[4.0,8.0,8.0,12.0],"tintindex":0,"rotation":270,"texture":"#0"},"down":{"uv":[4.0,8.0,8.0,12.0],"tintindex":0,"rotation":270,"texture":"#0"}}},{"from":[4.0,12.0,0.0],"to":[12.0,17.5,8.0],"faces":{"east":{"uv":[0.0,9.25,4.0,12.0],"tintindex":0,"rotation":0,"texture":"#0"},"south":{"uv":[8.0,5.25,4.0,8.0],"tintindex":0,"rotation":0,"texture":"#0"},"north":{"uv":[4.0,5.25,8.0,8.0],"tintindex":0,"rotation":0,"texture":"#0"},"west":{"uv":[0.0,9.25,4.0,12.0],"tintindex":0,"rotation":0,"texture":"#0"},"up":{"uv":[4.0,8.0,8.0,12.0],"tintindex":0,"rotation":270,"texture":"#0"},"down":{"uv":[4.0,8.0,8.0,12.0],"tintindex":0,"rotation":270,"texture":"#0"}}}],"display":{"head":{"rotation":[0.0,0.0,0.0]},"firstperson_righthand":{"rotation":[0.0,0.0,0.0]},"thirdperson_lefthand":{"rotation":[0.0,-0.0,-0.0]},"firstperson_lefthand":{"rotation":[0.0,-0.0,-0.0]},"fixed":{"rotation":[0.0,0.0,0.0]},"ground":{"rotation":[0.0,0.0,0.0]},"thirdperson_righthand":{"rotation":[0.0,0.0,0.0]},"gui":{"rotation":[-150.0,-45.0,180.0]}}}