{"textures":{"0":"modelengine:entity/balloons_3","particle":"#0"},"elements":[{"from":[7.5,8.0,8.0],"to":[8.5,24.0,8.0],"faces":{"south":{"uv":[0.0,15.5,8.0,16.0],"tintindex":0,"rotation":90,"texture":"#0"},"north":{"uv":[0.0,15.5,8.0,16.0],"tintindex":0,"rotation":90,"texture":"#0"}}}],"display":{"head":{"rotation":[0.0,0.0,0.0]},"firstperson_righthand":{"rotation":[0.0,0.0,0.0]},"thirdperson_lefthand":{"rotation":[0.0,-0.0,-0.0]},"firstperson_lefthand":{"rotation":[0.0,-0.0,-0.0]},"fixed":{"rotation":[0.0,0.0,0.0]},"ground":{"rotation":[0.0,0.0,0.0]},"thirdperson_righthand":{"rotation":[0.0,0.0,0.0]},"gui":{"rotation":[-150.0,-45.0,180.0]}}}