{
	"hand_animation_on_swap": true,
	"model": {
		"property": "custom_model_data",
		"scale": 1.0,
		"type": "minecraft:range_dispatch",
		"fallback": {
			"type": "model",
			"model": "item/brick"
		},
		"entries": [

			{"threshold": 1, "model": {"type": "model", "model": "block/custom/title_prisonblock"}},
			{"threshold": 2, "model": {"type": "model", "model": "block/custom/title_lasertag"}},
			{"threshold": 3, "model": {"type": "model", "model": "block/custom/trophy"}},			
			{"threshold": 4, "model": {"type": "model", "model": "block/custom/bench"}},
			{"threshold": 5, "model": {"type": "model", "model": "block/custom/pot_plant"}},
			{"threshold": 6, "model": {"type": "model", "model": "block/custom/drone"}},
			{"threshold": 7, "model": {"type": "model", "model": "block/custom/cone"}},
			{"threshold": 8, "model": {"type": "model", "model": "block/custom/telescope"}},			
			{"threshold": 9, "model": {"type": "model", "model": "block/custom/cookies1"}},
			{"threshold": 10, "model": {"type": "model", "model": "block/custom/cookies2"}},
			{"threshold": 11, "model": {"type": "model", "model": "block/custom/cookies3"}},
			{"threshold": 12, "model": {"type": "model", "model": "block/custom/cookies4"}},
			{"threshold": 13, "model": {"type": "model", "model": "block/custom/cookies5"}},
			{"threshold": 14, "model": {"type": "model", "model": "block/custom/big_title"}},
			{"threshold": 15, "model": {"type": "model", "model": "block/custom/big_logo"}},
			{"threshold": 16, "model": {"type": "model", "model": "block/custom/title_arcade"}},
			{"threshold": 17, "model": {"type": "model", "model": "block/custom/tv"}}

		]
	}
}