{
    "model": {
        "type": "range_dispatch",
        "property": "custom_model_data",
        "fallback": {
            "type": "model",
            "model": "minecraft:item/leather_horse_armor"
        },
        "entries": [
            {
                "threshold": 1,
                "model": {
                    "type": "model",
                    "model": "modelengine:drone/base"
                }
            },
            {
                "threshold": 2,
                "model": {
                    "type": "model",
                    "model": "modelengine:billboard_right/base"
                }
            },
            {
                "threshold": 3,
                "model": {
                    "type": "model",
                    "model": "modelengine:billboard_right/text1"
                }
            },
            {
                "threshold": 4,
                "model": {
                    "type": "model",
                    "model": "modelengine:billboard_right/text2"
                }
            },
            {
                "threshold": 5,
                "model": {
                    "type": "model",
                    "model": "modelengine:balloons_2/rope_3"
                }
            },
            {
                "threshold": 6,
                "model": {
                    "type": "model",
                    "model": "modelengine:balloons_2/rope_1"
                }
            },
            {
                "threshold": 7,
                "model": {
                    "type": "model",
                    "model": "modelengine:balloons_2/rope_2"
                }
            },
            {
                "threshold": 8,
                "model": {
                    "type": "model",
                    "model": "modelengine:balloons_2/balloon_3"
                }
            },
            {
                "threshold": 9,
                "model": {
                    "type": "model",
                    "model": "modelengine:balloons_2/balloon_1"
                }
            },
            {
                "threshold": 10,
                "model": {
                    "type": "model",
                    "model": "modelengine:balloons_2/balloon_2"
                }
            },
            {
                "threshold": 11,
                "model": {
                    "type": "model",
                    "model": "modelengine:balloons_1/rope_3"
                }
            },
            {
                "threshold": 12,
                "model": {
                    "type": "model",
                    "model": "modelengine:balloons_1/rope_1"
                }
            },
            {
                "threshold": 13,
                "model": {
                    "type": "model",
                    "model": "modelengine:balloons_1/rope_2"
                }
            },
            {
                "threshold": 14,
                "model": {
                    "type": "model",
                    "model": "modelengine:balloons_1/balloon_3"
                }
            },
            {
                "threshold": 15,
                "model": {
                    "type": "model",
                    "model": "modelengine:balloons_1/balloon_1"
                }
            },
            {
                "threshold": 16,
                "model": {
                    "type": "model",
                    "model": "modelengine:balloons_1/balloon_2"
                }
            },
            {
                "threshold": 17,
                "model": {
                    "type": "model",
                    "model": "modelengine:balloons_3/rope_3"
                }
            },
            {
                "threshold": 18,
                "model": {
                    "type": "model",
                    "model": "modelengine:balloons_3/rope_1"
                }
            },
            {
                "threshold": 19,
                "model": {
                    "type": "model",
                    "model": "modelengine:balloons_3/rope_2"
                }
            },
            {
                "threshold": 20,
                "model": {
                    "type": "model",
                    "model": "modelengine:balloons_3/balloon_3"
                }
            },
            {
                "threshold": 21,
                "model": {
                    "type": "model",
                    "model": "modelengine:balloons_3/balloon_1"
                }
            },
            {
                "threshold": 22,
                "model": {
                    "type": "model",
                    "model": "modelengine:balloons_3/balloon_2"
                }
            },
            {
                "threshold": 23,
                "model": {
                    "type": "model",
                    "model": "modelengine:lamppost/base"
                }
            },
            {
                "threshold": 24,
                "model": {
                    "type": "model",
                    "model": "modelengine:lamppost/light"
                }
            },
            {
                "threshold": 25,
                "model": {
                    "type": "model",
                    "model": "modelengine:billboard_left/base"
                }
            },
            {
                "threshold": 26,
                "model": {
                    "type": "model",
                    "model": "modelengine:billboard_left/text1"
                }
            },
            {
                "threshold": 27,
                "model": {
                    "type": "model",
                    "model": "modelengine:billboard_left/text2"
                }
            },
            {
                "threshold": 28,
                "model": {
                    "type": "model",
                    "model": "modelengine:logo_portal/cube"
                }
            },
            {
                "threshold": 29,
                "model": {
                    "type": "model",
                    "model": "modelengine:logo_portal/vortex"
                }
            },
            {
                "threshold": 30,
                "model": {
                    "type": "model",
                    "model": "modelengine:npc_event/torso"
                }
            },
            {
                "threshold": 31,
                "model": {
                    "type": "model",
                    "model": "modelengine:npc_event/leg_r"
                }
            },
            {
                "threshold": 32,
                "model": {
                    "type": "model",
                    "model": "modelengine:npc_event/leg_l"
                }
            },
            {
                "threshold": 33,
                "model": {
                    "type": "model",
                    "model": "modelengine:npc_event/arm_l"
                }
            },
            {
                "threshold": 34,
                "model": {
                    "type": "model",
                    "model": "modelengine:npc_event/head"
                }
            },
            {
                "threshold": 35,
                "model": {
                    "type": "model",
                    "model": "modelengine:npc_event/arm_r"
                }
            },
            {
                "threshold": 36,
                "model": {
                    "type": "model",
                    "model": "modelengine:npc_lasertag/torso"
                }
            },
            {
                "threshold": 37,
                "model": {
                    "type": "model",
                    "model": "modelengine:npc_lasertag/leg_r"
                }
            },
            {
                "threshold": 38,
                "model": {
                    "type": "model",
                    "model": "modelengine:wumpus/legs"
                }
            },
            {
                "threshold": 39,
                "model": {
                    "type": "model",
                    "model": "modelengine:wumpus/leaf"
                }
            },
            {
                "threshold": 40,
                "model": {
                    "type": "model",
                    "model": "modelengine:wumpus/belly"
                }
            },
            {
                "threshold": 41,
                "model": {
                    "type": "model",
                    "model": "modelengine:wumpus/head"
                }
            },
            {
                "threshold": 42,
                "model": {
                    "type": "model",
                    "model": "modelengine:wumpus/arm_r"
                }
            },
            {
                "threshold": 43,
                "model": {
                    "type": "model",
                    "model": "modelengine:wumpus/arm_l"
                }
            },
            {
                "threshold": 44,
                "model": {
                    "type": "model",
                    "model": "modelengine:wumpus/ear_l"
                }
            },
            {
                "threshold": 45,
                "model": {
                    "type": "model",
                    "model": "modelengine:wumpus/ear_r"
                }
            },
            {
                "threshold": 46,
                "model": {
                    "type": "model",
                    "model": "modelengine:npc_store/stick"
                }
            },
            {
                "threshold": 47,
                "model": {
                    "type": "model",
                    "model": "modelengine:npc_store/torso"
                }
            },
            {
                "threshold": 48,
                "model": {
                    "type": "model",
                    "model": "modelengine:npc_store/leg_r"
                }
            },
            {
                "threshold": 49,
                "model": {
                    "type": "model",
                    "model": "modelengine:npc_store/leg_l"
                }
            },
            {
                "threshold": 50,
                "model": {
                    "type": "model",
                    "model": "modelengine:npc_store/arm_l"
                }
            },
            {
                "threshold": 51,
                "model": {
                    "type": "model",
                    "model": "modelengine:npc_store/head"
                }
            },
            {
                "threshold": 52,
                "model": {
                    "type": "model",
                    "model": "modelengine:npc_store/arm_r"
                }
            },
            {
                "threshold": 53,
                "model": {
                    "type": "model",
                    "model": "modelengine:npc_store/hat"
                }
            },
            {
                "threshold": 54,
                "model": {
                    "type": "model",
                    "model": "modelengine:lavalamp/base"
                }
            },
            {
                "threshold": 55,
                "model": {
                    "type": "model",
                    "model": "modelengine:lavalamp/blob_5"
                }
            },
            {
                "threshold": 56,
                "model": {
                    "type": "model",
                    "model": "modelengine:lavalamp/blob_2"
                }
            },
            {
                "threshold": 57,
                "model": {
                    "type": "model",
                    "model": "modelengine:lavalamp/blob_4"
                }
            },
            {
                "threshold": 58,
                "model": {
                    "type": "model",
                    "model": "modelengine:lavalamp/blob_3"
                }
            },
            {
                "threshold": 59,
                "model": {
                    "type": "model",
                    "model": "modelengine:lavalamp/blob_1"
                }
            },
            {
                "threshold": 60,
                "model": {
                    "type": "model",
                    "model": "modelengine:lavalamp/blob_6"
                }
            },
            {
                "threshold": 61,
                "model": {
                    "type": "model",
                    "model": "modelengine:npc_lasertag/leg_l"
                }
            },
            {
                "threshold": 62,
                "model": {
                    "type": "model",
                    "model": "modelengine:npc_lasertag/arm_l"
                }
            },
            {
                "threshold": 63,
                "model": {
                    "type": "model",
                    "model": "modelengine:npc_lasertag/head"
                }
            },
            {
                "threshold": 64,
                "model": {
                    "type": "model",
                    "model": "modelengine:npc_lasertag/arm_r"
                }
            },
            {
                "threshold": 65,
                "model": {
                    "type": "model",
                    "model": "modelengine:npc_lasertag/lasergun"
                }
            },
            {
                "threshold": 66,
                "model": {
                    "type": "model",
                    "model": "modelengine:npc_lasertag/lasergun_reload"
                }
            },
            {
                "threshold": 67,
                "model": {
                    "type": "model",
                    "model": "modelengine:npc_pink/torso"
                }
            },
            {
                "threshold": 68,
                "model": {
                    "type": "model",
                    "model": "modelengine:npc_pink/leg_r"
                }
            },
            {
                "threshold": 69,
                "model": {
                    "type": "model",
                    "model": "modelengine:npc_pink/leg_l"
                }
            },
            {
                "threshold": 70,
                "model": {
                    "type": "model",
                    "model": "modelengine:npc_pink/cube_4"
                }
            },
            {
                "threshold": 71,
                "model": {
                    "type": "model",
                    "model": "modelengine:npc_pink/cube_3"
                }
            },
            {
                "threshold": 72,
                "model": {
                    "type": "model",
                    "model": "modelengine:npc_pink/cube_1"
                }
            },
            {
                "threshold": 73,
                "model": {
                    "type": "model",
                    "model": "modelengine:npc_pink/cube_2"
                }
            },
            {
                "threshold": 74,
                "model": {
                    "type": "model",
                    "model": "modelengine:npc_pink/arm_l"
                }
            },
            {
                "threshold": 75,
                "model": {
                    "type": "model",
                    "model": "modelengine:npc_pink/head"
                }
            },
            {
                "threshold": 76,
                "model": {
                    "type": "model",
                    "model": "modelengine:npc_pink/arm_r"
                }
            },
            {
                "threshold": 77,
                "model": {
                    "type": "model",
                    "model": "modelengine:npc_pink/glasses"
                }
            },
            {
                "threshold": 78,
                "model": {
                    "type": "model",
                    "model": "modelengine:npc_pink/phone"
                }
            },
            {
                "threshold": 79,
                "model": {
                    "type": "model",
                    "model": "modelengine:cars/car3"
                }
            },
            {
                "threshold": 80,
                "model": {
                    "type": "model",
                    "model": "modelengine:cars/car6"
                }
            },
            {
                "threshold": 81,
                "model": {
                    "type": "model",
                    "model": "modelengine:cars/car2"
                }
            },
            {
                "threshold": 82,
                "model": {
                    "type": "model",
                    "model": "modelengine:cars/car4"
                }
            },
            {
                "threshold": 83,
                "model": {
                    "type": "model",
                    "model": "modelengine:cars/car5"
                }
            },
            {
                "threshold": 84,
                "model": {
                    "type": "model",
                    "model": "modelengine:cars/car1"
                }
            },
            {
                "threshold": 85,
                "model": {
                    "type": "model",
                    "model": "modelengine:npc_prison/static"
                }
            },
            {
                "threshold": 86,
                "model": {
                    "type": "model",
                    "model": "modelengine:npc_prison/torso"
                }
            },
            {
                "threshold": 87,
                "model": {
                    "type": "model",
                    "model": "modelengine:npc_prison/leg_r"
                }
            },
            {
                "threshold": 88,
                "model": {
                    "type": "model",
                    "model": "modelengine:npc_prison/leg_l"
                }
            },
            {
                "threshold": 89,
                "model": {
                    "type": "model",
                    "model": "modelengine:npc_prison/chain"
                }
            },
            {
                "threshold": 90,
                "model": {
                    "type": "model",
                    "model": "modelengine:npc_prison/arm_l"
                }
            },
            {
                "threshold": 91,
                "model": {
                    "type": "model",
                    "model": "modelengine:npc_prison/head"
                }
            },
            {
                "threshold": 92,
                "model": {
                    "type": "model",
                    "model": "modelengine:npc_prison/arm_r"
                }
            },
            {
                "threshold": 93,
                "model": {
                    "type": "model",
                    "model": "modelengine:npc_prison/pickaxe"
                }
            },
            {
                "threshold": 94,
                "model": {
                    "type": "model",
                    "model": "modelengine:lamppost_banner/base"
                }
            },
            {
                "threshold": 95,
                "model": {
                    "type": "model",
                    "model": "modelengine:lamppost_banner/banner"
                }
            },
            {
                "threshold": 96,
                "model": {
                    "type": "model",
                    "model": "modelengine:lamppost_banner/light"
                }
            }
        ]
    }
}