{
	"hand_animation_on_swap": true,
	"model": {
		"property": "custom_model_data",
		"scale": 1.0,
		"type": "minecraft:range_dispatch",
		"fallback": {
			"type": "model",
			"model": "item/paper"
		},
		"entries": [

			{"threshold": 1, "model": {"type": "model", "model": "item/gui/empty"}},
			{"threshold": 2, "model": {"type": "model", "model": "item/gui/yes"}},
			{"threshold": 3, "model": {"type": "model", "model": "item/gui/no"}},
			
			{"threshold": 6, "model": {"type": "model", "model": "item/gui/next"}},
			{"threshold": 7, "model": {"type": "model", "model": "item/gui/previous"}},
			{"threshold": 8, "model": {"type": "model", "model": "item/gui/back"}},
			{"threshold": 9, "model": {"type": "model", "model": "item/gui/website"}},
			{"threshold": 10, "model": {"type": "model", "model": "item/gui/guide"}},
			{"threshold": 11, "model": {"type": "model", "model": "item/gui/warning"}},
			{"threshold": 12, "model": {"type": "model", "model": "item/gui/discord"}},
			{"threshold": 13, "model": {"type": "model", "model": "item/gui/buy"}},

			{"threshold": 14, "model": {"type": "model", "model": "item/gui/locked"}},

			{"threshold": 35, "model": {"type": "model", "model": "item/gui/refresh"}},

			{"threshold": 49, "model": {"type": "model", "model": "item/gui/staff_freeze"}},
			{"threshold": 50, "model": {"type": "model", "model": "item/gui/staff_punish"}},
			{"threshold": 51, "model": {"type": "model", "model": "item/gui/staff_teleport"}},
			{"threshold": 52, "model": {"type": "model", "model": "item/gui/staff_spectator"}},

			{"threshold": 93, "model": {"type": "model", "model": "item/gui/alien_minion"}},
			{"threshold": 94, "model": {"type": "model", "model": "item/gui/alien_alpha"}},

			{"threshold": 200, "model": {"type": "model", "model": "item/particle/spark"}},
			{"threshold": 201, "model": {"type": "model", "model": "item/particle/witch"}},
			{"threshold": 202, "model": {"type": "model", "model": "item/particle/note"}},
			{"threshold": 203, "model": {"type": "model", "model": "item/particle/heart"}},
			{"threshold": 204, "model": {"type": "model", "model": "item/particle/emerald"}},
			{"threshold": 205, "model": {"type": "model", "model": "item/particle/totem"}},
			{"threshold": 206, "model": {"type": "model", "model": "item/particle/flame"}},
			{"threshold": 207, "model": {"type": "model", "model": "item/particle/soulflame"}},
			{"threshold": 208, "model": {"type": "model", "model": "item/particle/rain"}},
			{"threshold": 209, "model": {"type": "model", "model": "item/particle/lavarain"}},
			{"threshold": 210, "model": {"type": "model", "model": "item/particle/obsidianrain"}},
			{"threshold": 211, "model": {"type": "model", "model": "item/particle/rainbow"}},
			{"threshold": 212, "model": {"type": "model", "model": "item/particle/blood"}},
			{"threshold": 213, "model": {"type": "model", "model": "item/particle/slime"}},
			{"threshold": 214, "model": {"type": "model", "model": "item/particle/snow"}},
			{"threshold": 215, "model": {"type": "model", "model": "item/particle/gold"}},
			{"threshold": 216, "model": {"type": "model", "model": "item/particle/diamond"}},

			{"threshold": 400, "model": {"type": "model", "model": "item/gui/profile/home"}},
			
			{"threshold": 405, "model": {"type": "model", "model": "item/gui/profile/friends_yes"}},
			{"threshold": 406, "model": {"type": "model", "model": "item/gui/profile/friends_no"}},
			
			{"threshold": 409, "model": {"type": "model", "model": "item/gui/profile/preferences"}},
			{"threshold": 410, "model": {"type": "model", "model": "item/gui/profile/join_on"}},
			{"threshold": 411, "model": {"type": "model", "model": "item/gui/profile/join_off"}},
			{"threshold": 412, "model": {"type": "model", "model": "item/gui/profile/whisper_on"}},
			{"threshold": 413, "model": {"type": "model", "model": "item/gui/profile/whisper_off"}},
			{"threshold": 414, "model": {"type": "model", "model": "item/gui/profile/mention_on"}},
			{"threshold": 415, "model": {"type": "model", "model": "item/gui/profile/mention_off"}},
			{"threshold": 416, "model": {"type": "model", "model": "item/gui/profile/playerheads_on"}},
			{"threshold": 417, "model": {"type": "model", "model": "item/gui/profile/playerheads_off"}},
			
			{"threshold": 420, "model": {"type": "model", "model": "item/gui/profile/staffchat_on"}},
			{"threshold": 421, "model": {"type": "model", "model": "item/gui/profile/staffchat_off"}},
			{"threshold": 422, "model": {"type": "model", "model": "item/gui/profile/vanish_on"}},
			{"threshold": 423, "model": {"type": "model", "model": "item/gui/profile/vanish_off"}},
			{"threshold": 424, "model": {"type": "model", "model": "item/gui/profile/forcefield_on"}},
			{"threshold": 425, "model": {"type": "model", "model": "item/gui/profile/forcefield_off"}},
			{"threshold": 426, "model": {"type": "model", "model": "item/gui/profile/debug_on"}},
			{"threshold": 427, "model": {"type": "model", "model": "item/gui/profile/debug_off"}},
			{"threshold": 428, "model": {"type": "model", "model": "item/gui/profile/store"}},
			{"threshold": 429, "model": {"type": "model", "model": "item/gui/profile/previous"}},
			{"threshold": 430, "model": {"type": "model", "model": "item/gui/profile/next"}},
			{"threshold": 431, "model": {"type": "model", "model": "item/gui/profile/banner_default"}},
			{"threshold": 432, "model": {"type": "model", "model": "item/gui/profile/banner_hive"}},
			{"threshold": 433, "model": {"type": "model", "model": "item/gui/profile/status_on"}},
			{"threshold": 434, "model": {"type": "model", "model": "item/gui/profile/status_afk"}},
			{"threshold": 435, "model": {"type": "model", "model": "item/gui/profile/status_off"}},
			{"threshold": 436, "model": {"type": "model", "model": "item/gui/profile/pf_lunar"}},
			{"threshold": 437, "model": {"type": "model", "model": "item/gui/profile/pf_solar"}},
			{"threshold": 438, "model": {"type": "model", "model": "item/gui/profile/pf_galactic"}},
			{"threshold": 439, "model": {"type": "model", "model": "item/gui/profile/pf_cosmic"}},
			{"threshold": 440, "model": {"type": "model", "model": "item/gui/profile/pf_eternal"}},
			{"threshold": 441, "model": {"type": "model", "model": "item/gui/profile/pf_celestial"}},
			{"threshold": 442, "model": {"type": "model", "model": "item/gui/profile/pf_creator"}},
			{"threshold": 443, "model": {"type": "model", "model": "item/gui/profile/rank_lunar"}},
			{"threshold": 444, "model": {"type": "model", "model": "item/gui/profile/rank_solar"}},
			{"threshold": 445, "model": {"type": "model", "model": "item/gui/profile/rank_galactic"}},
			{"threshold": 446, "model": {"type": "model", "model": "item/gui/profile/rank_cosmic"}},
			{"threshold": 447, "model": {"type": "model", "model": "item/gui/profile/rank_eternal"}},
			{"threshold": 448, "model": {"type": "model", "model": "item/gui/profile/rank_celestial"}},
			{"threshold": 449, "model": {"type": "model", "model": "item/gui/profile/rank_creator"}},
			{"threshold": 450, "model": {"type": "model", "model": "item/gui/profile/rank_rookie"}},
			{"threshold": 451, "model": {"type": "model", "model": "item/gui/profile/rank_helper"}},
			{"threshold": 452, "model": {"type": "model", "model": "item/gui/profile/rank_mod"}},
			{"threshold": 453, "model": {"type": "model", "model": "item/gui/profile/rank_srmod"}},
			{"threshold": 454, "model": {"type": "model", "model": "item/gui/profile/rank_dev"}},
			{"threshold": 455, "model": {"type": "model", "model": "item/gui/profile/rank_admin"}},
			{"threshold": 456, "model": {"type": "model", "model": "item/gui/profile/rank_owner"}},
			{"threshold": 457, "model": {"type": "model", "model": "item/gui/profile/parkour"}},
			{"threshold": 458, "model": {"type": "model", "model": "item/gui/profile/prison"}},
			{"threshold": 459, "model": {"type": "model", "model": "item/gui/profile/lasertag"}},
			{"threshold": 460, "model": {"type": "model", "model": "item/gui/profile/youtube"}},
			{"threshold": 461, "model": {"type": "model", "model": "item/gui/profile/twitch"}},
			{"threshold": 462, "model": {"type": "model", "model": "item/gui/profile/tiktok"}},
			{"threshold": 463, "model": {"type": "model", "model": "item/gui/profile/lobby_star"}},
			{"threshold": 464, "model": {"type": "model", "model": "item/gui/profile/parkour_checkpoint"}},
			{"threshold": 465, "model": {"type": "model", "model": "item/gui/profile/parkour_leave"}},

			{"threshold": 500, "model": {"type": "model", "model": "item/gui/punish_back"}},
			{"threshold": 501, "model": {"type": "model", "model": "item/gui/punish_ban_0"}},
			{"threshold": 502, "model": {"type": "model", "model": "item/gui/punish_ban_1"}},
			{"threshold": 503, "model": {"type": "model", "model": "item/gui/punish_ban_2"}},
			{"threshold": 504, "model": {"type": "model", "model": "item/gui/punish_ban_3"}},
			{"threshold": 505, "model": {"type": "model", "model": "item/gui/punish_ban_4"}},
			{"threshold": 506, "model": {"type": "model", "model": "item/gui/punish_kick_0"}},
			{"threshold": 507, "model": {"type": "model", "model": "item/gui/punish_kick_1"}},
			{"threshold": 508, "model": {"type": "model", "model": "item/gui/punish_kick_2"}},
			{"threshold": 509, "model": {"type": "model", "model": "item/gui/punish_kick_3"}},
			{"threshold": 510, "model": {"type": "model", "model": "item/gui/punish_kick_4"}},
			{"threshold": 511, "model": {"type": "model", "model": "item/gui/punish_mute_0"}},
			{"threshold": 512, "model": {"type": "model", "model": "item/gui/punish_mute_1"}},
			{"threshold": 513, "model": {"type": "model", "model": "item/gui/punish_mute_2"}},
			{"threshold": 514, "model": {"type": "model", "model": "item/gui/punish_mute_3"}},
			{"threshold": 515, "model": {"type": "model", "model": "item/gui/punish_mute_4"}},
			{"threshold": 516, "model": {"type": "model", "model": "item/gui/punish_no"}},
			{"threshold": 517, "model": {"type": "model", "model": "item/gui/punish_yes"}},
			{"threshold": 518, "model": {"type": "model", "model": "item/gui/punish_reason"}}

		]
	}
}