{
	"hand_animation_on_swap": true,
	"model": {
		"property": "custom_model_data",
		"scale": 1.0,
		"type": "minecraft:range_dispatch",
		"fallback": {
			"type": "model",
			"model": "item/fishing_rod"
		},
		"entries": [
			{"threshold": 1, "model": {"type": "model", "model": "item/rod/fishers_rod"}},
			{"threshold": 2, "model": {"type": "model", "model": "item/rod/celestial_rod"}},
			{"threshold": 3, "model": {"type": "model", "model": "item/rod/bamboo_rod"}},
			{"threshold": 4, "model": {"type": "model", "model": "item/rod/master_rod"}},
			{"threshold": 5, "model": {"type": "model", "model": "item/rod/mini_rod"}},
			{"threshold": 6, "model": {"type": "model", "model": "item/rod/camo_rod"}},
			{"threshold": 7, "model": {"type": "model", "model": "item/rod/blossom_rod"}},
			{"threshold": 8, "model": {"type": "model", "model": "item/rod/pencil_rod"}},
			{"threshold": 9, "model": {"type": "model", "model": "item/rod/crystal_rod"}},
			{"threshold": 10, "model": {"type": "model", "model": "item/rod/mercury_rod"}},
			{"threshold": 11, "model": {"type": "model", "model": "item/rod/leviathan_rod"}},
			{"threshold": 12, "model": {"type": "model", "model": "item/rod/hive_rod"}},
			{"threshold": 13, "model": {"type": "model", "model": "item/rod/marshmallow_rod"}},
			{"threshold": 14, "model": {"type": "model", "model": "item/rod/swordfish_rod"}},
			{"threshold": 102, "model": {"type": "model", "model": "item/locked/celestial_rod"}},
			{"threshold": 103, "model": {"type": "model", "model": "item/locked/bamboo_rod"}},
			{"threshold": 104, "model": {"type": "model", "model": "item/locked/master_rod"}},
			{"threshold": 105, "model": {"type": "model", "model": "item/locked/mini_rod"}},
			{"threshold": 106, "model": {"type": "model", "model": "item/locked/camo_rod"}},
			{"threshold": 107, "model": {"type": "model", "model": "item/locked/blossom_rod"}},
			{"threshold": 108, "model": {"type": "model", "model": "item/locked/pencil_rod"}},
			{"threshold": 109, "model": {"type": "model", "model": "item/locked/crystal_rod"}},
			{"threshold": 110, "model": {"type": "model", "model": "item/locked/mercury_rod"}},
			{"threshold": 111, "model": {"type": "model", "model": "item/locked/leviathan_rod"}},
			{"threshold": 112, "model": {"type": "model", "model": "item/locked/hive_rod"}},
			{"threshold": 113, "model": {"type": "model", "model": "item/locked/marshmallow_rod"}},
			{"threshold": 114, "model": {"type": "model", "model": "item/locked/swordfish_rod"}},
			{"threshold": 501, "model": {"type": "model", "model": "item/rod/black_widow_rod"}},
			{"threshold": 502, "model": {"type": "model", "model": "item/rod/twinkle_rod"}},
			{"threshold": 503, "model": {"type": "model", "model": "item/rod/sparkler_rod"}},
			{"threshold": 601, "model": {"type": "model", "model": "item/locked/black_widow_rod"}},
			{"threshold": 602, "model": {"type": "model", "model": "item/locked/twinkle_rod"}},
			{"threshold": 603, "model": {"type": "model", "model": "item/locked/sparkler_rod"}}
		]
	}
}