{
    "model": {
        "type": "range_dispatch",
        "property": "custom_model_data",
        "fallback": {
            "type": "model",
            "model": "minecraft:item/leather_horse_armor"
        },
        "entries": [
            {
                "threshold": 1,
                "model": {
                    "type": "model",
                    "model": "modelengine:cave_turtle/body"
                }
            },
            {
                "threshold": 2,
                "model": {
                    "type": "model",
                    "model": "modelengine:cave_turtle/head"
                }
            },
            {
                "threshold": 3,
                "model": {
                    "type": "model",
                    "model": "modelengine:cave_turtle/leg1"
                }
            },
            {
                "threshold": 4,
                "model": {
                    "type": "model",
                    "model": "modelengine:cave_turtle/pot"
                }
            },
            {
                "threshold": 5,
                "model": {
                    "type": "model",
                    "model": "modelengine:cave_turtle/leg4"
                }
            },
            {
                "threshold": 6,
                "model": {
                    "type": "model",
                    "model": "modelengine:cave_turtle/leg2"
                }
            },
            {
                "threshold": 7,
                "model": {
                    "type": "model",
                    "model": "modelengine:cave_turtle/leg3"
                }
            },
            {
                "threshold": 8,
                "model": {
                    "type": "model",
                    "model": "modelengine:crate_farming/body"
                }
            },
            {
                "threshold": 9,
                "model": {
                    "type": "model",
                    "model": "modelengine:crate_farming/top"
                }
            },
            {
                "threshold": 10,
                "model": {
                    "type": "model",
                    "model": "modelengine:crate_farming/key"
                }
            },
            {
                "threshold": 11,
                "model": {
                    "type": "model",
                    "model": "modelengine:crate_fishing/body"
                }
            },
            {
                "threshold": 12,
                "model": {
                    "type": "model",
                    "model": "modelengine:crate_fishing/top"
                }
            },
            {
                "threshold": 13,
                "model": {
                    "type": "model",
                    "model": "modelengine:crate_fishing/key"
                }
            },
            {
                "threshold": 14,
                "model": {
                    "type": "model",
                    "model": "modelengine:crate_hunting/body"
                }
            },
            {
                "threshold": 15,
                "model": {
                    "type": "model",
                    "model": "modelengine:crate_hunting/top"
                }
            },
            {
                "threshold": 16,
                "model": {
                    "type": "model",
                    "model": "modelengine:crate_hunting/key"
                }
            },
            {
                "threshold": 17,
                "model": {
                    "type": "model",
                    "model": "modelengine:crate_legendary/body"
                }
            },
            {
                "threshold": 18,
                "model": {
                    "type": "model",
                    "model": "modelengine:crate_legendary/top"
                }
            },
            {
                "threshold": 19,
                "model": {
                    "type": "model",
                    "model": "modelengine:crate_legendary/key"
                }
            },
            {
                "threshold": 20,
                "model": {
                    "type": "model",
                    "model": "modelengine:crate_mining/body"
                }
            },
            {
                "threshold": 21,
                "model": {
                    "type": "model",
                    "model": "modelengine:crate_mining/top"
                }
            },
            {
                "threshold": 22,
                "model": {
                    "type": "model",
                    "model": "modelengine:crate_mining/key"
                }
            },
            {
                "threshold": 23,
                "model": {
                    "type": "model",
                    "model": "modelengine:crate_voting/body"
                }
            },
            {
                "threshold": 24,
                "model": {
                    "type": "model",
                    "model": "modelengine:crate_voting/top"
                }
            },
            {
                "threshold": 25,
                "model": {
                    "type": "model",
                    "model": "modelengine:crate_voting/key"
                }
            },
            {
                "threshold": 26,
                "model": {
                    "type": "model",
                    "model": "modelengine:floater/body"
                }
            },
            {
                "threshold": 27,
                "model": {
                    "type": "model",
                    "model": "modelengine:hive_mind/neck_6"
                }
            },
            {
                "threshold": 28,
                "model": {
                    "type": "model",
                    "model": "modelengine:hive_mind/neck_5"
                }
            },
            {
                "threshold": 29,
                "model": {
                    "type": "model",
                    "model": "modelengine:hive_mind/neck_4"
                }
            },
            {
                "threshold": 30,
                "model": {
                    "type": "model",
                    "model": "modelengine:hive_mind/neck_3"
                }
            },
            {
                "threshold": 31,
                "model": {
                    "type": "model",
                    "model": "modelengine:hive_mind/neck_2"
                }
            },
            {
                "threshold": 32,
                "model": {
                    "type": "model",
                    "model": "modelengine:hive_mind/neck_1"
                }
            },
            {
                "threshold": 33,
                "model": {
                    "type": "model",
                    "model": "modelengine:hive_mind/head"
                }
            },
            {
                "threshold": 34,
                "model": {
                    "type": "model",
                    "model": "modelengine:hive_mind/eye"
                }
            },
            {
                "threshold": 35,
                "model": {
                    "type": "model",
                    "model": "modelengine:hive_mind/fang_3"
                }
            },
            {
                "threshold": 36,
                "model": {
                    "type": "model",
                    "model": "modelengine:hive_mind/fang_4"
                }
            },
            {
                "threshold": 37,
                "model": {
                    "type": "model",
                    "model": "modelengine:hive_mind/gill_2"
                }
            },
            {
                "threshold": 38,
                "model": {
                    "type": "model",
                    "model": "modelengine:hive_mind/gill_1"
                }
            },
            {
                "threshold": 39,
                "model": {
                    "type": "model",
                    "model": "modelengine:hive_mind/gill_4"
                }
            },
            {
                "threshold": 40,
                "model": {
                    "type": "model",
                    "model": "modelengine:hive_mind/gill_3"
                }
            },
            {
                "threshold": 41,
                "model": {
                    "type": "model",
                    "model": "modelengine:hive_mind/fang_1"
                }
            },
            {
                "threshold": 42,
                "model": {
                    "type": "model",
                    "model": "modelengine:hive_mind/fang_2"
                }
            },
            {
                "threshold": 43,
                "model": {
                    "type": "model",
                    "model": "modelengine:jungle_lizzor/body"
                }
            },
            {
                "threshold": 44,
                "model": {
                    "type": "model",
                    "model": "modelengine:jungle_lizzor/arm_l"
                }
            },
            {
                "threshold": 45,
                "model": {
                    "type": "model",
                    "model": "modelengine:jungle_lizzor/arm_r"
                }
            },
            {
                "threshold": 46,
                "model": {
                    "type": "model",
                    "model": "modelengine:kraken/1"
                }
            },
            {
                "threshold": 47,
                "model": {
                    "type": "model",
                    "model": "modelengine:kraken/1_5"
                }
            },
            {
                "threshold": 48,
                "model": {
                    "type": "model",
                    "model": "modelengine:kraken/2"
                }
            },
            {
                "threshold": 49,
                "model": {
                    "type": "model",
                    "model": "modelengine:kraken/2_5"
                }
            },
            {
                "threshold": 50,
                "model": {
                    "type": "model",
                    "model": "modelengine:kraken/3"
                }
            },
            {
                "threshold": 51,
                "model": {
                    "type": "model",
                    "model": "modelengine:kraken/3_5"
                }
            },
            {
                "threshold": 52,
                "model": {
                    "type": "model",
                    "model": "modelengine:kraken/4"
                }
            },
            {
                "threshold": 53,
                "model": {
                    "type": "model",
                    "model": "modelengine:kraken/5"
                }
            },
            {
                "threshold": 54,
                "model": {
                    "type": "model",
                    "model": "modelengine:kraken/6"
                }
            },
            {
                "threshold": 55,
                "model": {
                    "type": "model",
                    "model": "modelengine:kraken/7"
                }
            },
            {
                "threshold": 56,
                "model": {
                    "type": "model",
                    "model": "modelengine:kraken/8"
                }
            },
            {
                "threshold": 57,
                "model": {
                    "type": "model",
                    "model": "modelengine:kraken/9"
                }
            },
            {
                "threshold": 58,
                "model": {
                    "type": "model",
                    "model": "modelengine:lava_lizzor/body"
                }
            },
            {
                "threshold": 59,
                "model": {
                    "type": "model",
                    "model": "modelengine:lava_lizzor/arm_l"
                }
            },
            {
                "threshold": 60,
                "model": {
                    "type": "model",
                    "model": "modelengine:lava_lizzor/arm_r"
                }
            },
            {
                "threshold": 61,
                "model": {
                    "type": "model",
                    "model": "modelengine:mech/body"
                }
            },
            {
                "threshold": 62,
                "model": {
                    "type": "model",
                    "model": "modelengine:mech/leg1"
                }
            },
            {
                "threshold": 63,
                "model": {
                    "type": "model",
                    "model": "modelengine:mech/leg4"
                }
            },
            {
                "threshold": 64,
                "model": {
                    "type": "model",
                    "model": "modelengine:mech/leg2"
                }
            },
            {
                "threshold": 65,
                "model": {
                    "type": "model",
                    "model": "modelengine:mech/leg3"
                }
            },
            {
                "threshold": 66,
                "model": {
                    "type": "model",
                    "model": "modelengine:meteor/meteor"
                }
            },
            {
                "threshold": 67,
                "model": {
                    "type": "model",
                    "model": "modelengine:meteor/bone"
                }
            },
            {
                "threshold": 68,
                "model": {
                    "type": "model",
                    "model": "modelengine:mimic_pot/body"
                }
            },
            {
                "threshold": 69,
                "model": {
                    "type": "model",
                    "model": "modelengine:mimic_pot/mouth"
                }
            },
            {
                "threshold": 70,
                "model": {
                    "type": "model",
                    "model": "modelengine:mind_crystal/tentacle"
                }
            },
            {
                "threshold": 71,
                "model": {
                    "type": "model",
                    "model": "modelengine:mind_crystal/yaw_2"
                }
            },
            {
                "threshold": 72,
                "model": {
                    "type": "model",
                    "model": "modelengine:mind_crystal/bomb"
                }
            },
            {
                "threshold": 73,
                "model": {
                    "type": "model",
                    "model": "modelengine:mind_crystal/yaw_1"
                }
            },
            {
                "threshold": 74,
                "model": {
                    "type": "model",
                    "model": "modelengine:mind_crystal/tentacle_2"
                }
            },
            {
                "threshold": 75,
                "model": {
                    "type": "model",
                    "model": "modelengine:mind_crystal/crystal"
                }
            },
            {
                "threshold": 76,
                "model": {
                    "type": "model",
                    "model": "modelengine:mutated_stalker_1/body"
                }
            },
            {
                "threshold": 77,
                "model": {
                    "type": "model",
                    "model": "modelengine:mutated_stalker_2/body"
                }
            },
            {
                "threshold": 78,
                "model": {
                    "type": "model",
                    "model": "modelengine:soul/body"
                }
            },
            {
                "threshold": 79,
                "model": {
                    "type": "model",
                    "model": "modelengine:spinner_golem/body"
                }
            },
            {
                "threshold": 80,
                "model": {
                    "type": "model",
                    "model": "modelengine:spinner_golem/arms"
                }
            },
            {
                "threshold": 81,
                "model": {
                    "type": "model",
                    "model": "modelengine:storm_golem/body"
                }
            },
            {
                "threshold": 82,
                "model": {
                    "type": "model",
                    "model": "modelengine:storm_golem/arms"
                }
            },
            {
                "threshold": 83,
                "model": {
                    "type": "model",
                    "model": "modelengine:termite/body"
                }
            },
            {
                "threshold": 84,
                "model": {
                    "type": "model",
                    "model": "modelengine:termite_queen/body"
                }
            },
            {
                "threshold": 85,
                "model": {
                    "type": "model",
                    "model": "modelengine:tomb_stalker_1/body"
                }
            },
            {
                "threshold": 86,
                "model": {
                    "type": "model",
                    "model": "modelengine:tomb_stalker_2/body"
                }
            },
            {
                "threshold": 87,
                "model": {
                    "type": "model",
                    "model": "modelengine:bug_6/bug_6"
                }
            },
            {
                "threshold": 88,
                "model": {
                    "type": "model",
                    "model": "modelengine:bug_2/bug_2"
                }
            },
            {
                "threshold": 89,
                "model": {
                    "type": "model",
                    "model": "modelengine:bug_4/bug_4"
                }
            },
            {
                "threshold": 90,
                "model": {
                    "type": "model",
                    "model": "modelengine:bug_2/static"
                }
            },
            {
                "threshold": 91,
                "model": {
                    "type": "model",
                    "model": "modelengine:bug_4/cello"
                }
            },
            {
                "threshold": 92,
                "model": {
                    "type": "model",
                    "model": "modelengine:bug_1/bug_1"
                }
            },
            {
                "threshold": 93,
                "model": {
                    "type": "model",
                    "model": "modelengine:bug_3/bug_3"
                }
            },
            {
                "threshold": 94,
                "model": {
                    "type": "model",
                    "model": "modelengine:mutated_stalker/body"
                }
            },
            {
                "threshold": 95,
                "model": {
                    "type": "model",
                    "model": "modelengine:box_monthly/bottom"
                }
            },
            {
                "threshold": 96,
                "model": {
                    "type": "model",
                    "model": "modelengine:box_monthly/top"
                }
            },
            {
                "threshold": 97,
                "model": {
                    "type": "model",
                    "model": "modelengine:box_monthly/flap_3"
                }
            },
            {
                "threshold": 98,
                "model": {
                    "type": "model",
                    "model": "modelengine:box_monthly/flap_2"
                }
            },
            {
                "threshold": 99,
                "model": {
                    "type": "model",
                    "model": "modelengine:box_monthly/flap_1"
                }
            },
            {
                "threshold": 100,
                "model": {
                    "type": "model",
                    "model": "modelengine:box_monthly/flap_4"
                }
            },
            {
                "threshold": 101,
                "model": {
                    "type": "model",
                    "model": "modelengine:box_daily/bottom"
                }
            },
            {
                "threshold": 102,
                "model": {
                    "type": "model",
                    "model": "modelengine:box_daily/top"
                }
            },
            {
                "threshold": 103,
                "model": {
                    "type": "model",
                    "model": "modelengine:box_daily/flap_3"
                }
            },
            {
                "threshold": 104,
                "model": {
                    "type": "model",
                    "model": "modelengine:box_daily/flap_2"
                }
            },
            {
                "threshold": 105,
                "model": {
                    "type": "model",
                    "model": "modelengine:box_daily/flap_1"
                }
            },
            {
                "threshold": 106,
                "model": {
                    "type": "model",
                    "model": "modelengine:box_daily/flap_4"
                }
            },
            {
                "threshold": 107,
                "model": {
                    "type": "model",
                    "model": "modelengine:bug_5/bug_5"
                }
            },
            {
                "threshold": 108,
                "model": {
                    "type": "model",
                    "model": "modelengine:box_weekly/bottom"
                }
            },
            {
                "threshold": 109,
                "model": {
                    "type": "model",
                    "model": "modelengine:box_weekly/top"
                }
            },
            {
                "threshold": 110,
                "model": {
                    "type": "model",
                    "model": "modelengine:box_weekly/flap_3"
                }
            },
            {
                "threshold": 111,
                "model": {
                    "type": "model",
                    "model": "modelengine:box_weekly/flap_2"
                }
            },
            {
                "threshold": 112,
                "model": {
                    "type": "model",
                    "model": "modelengine:box_weekly/flap_1"
                }
            },
            {
                "threshold": 113,
                "model": {
                    "type": "model",
                    "model": "modelengine:box_weekly/flap_4"
                }
            },
            {
                "threshold": 114,
                "model": {
                    "type": "model",
                    "model": "modelengine:razor/body"
                }
            },
            {
                "threshold": 115,
                "model": {
                    "type": "model",
                    "model": "modelengine:razor/wing34"
                }
            },
            {
                "threshold": 116,
                "model": {
                    "type": "model",
                    "model": "modelengine:razor/wing12"
                }
            },
            {
                "threshold": 117,
                "model": {
                    "type": "model",
                    "model": "modelengine:razor/head"
                }
            },
            {
                "threshold": 118,
                "model": {
                    "type": "model",
                    "model": "modelengine:razor/eye"
                }
            },
            {
                "threshold": 119,
                "model": {
                    "type": "model",
                    "model": "modelengine:walker/head"
                }
            },
            {
                "threshold": 120,
                "model": {
                    "type": "model",
                    "model": "modelengine:walker/leg_2"
                }
            },
            {
                "threshold": 121,
                "model": {
                    "type": "model",
                    "model": "modelengine:walker/leg_4"
                }
            },
            {
                "threshold": 122,
                "model": {
                    "type": "model",
                    "model": "modelengine:walker/leg_3"
                }
            },
            {
                "threshold": 123,
                "model": {
                    "type": "model",
                    "model": "modelengine:walker/leg_1"
                }
            },
            {
                "threshold": 124,
                "model": {
                    "type": "model",
                    "model": "modelengine:walker/gil_2"
                }
            },
            {
                "threshold": 125,
                "model": {
                    "type": "model",
                    "model": "modelengine:walker/eye"
                }
            },
            {
                "threshold": 126,
                "model": {
                    "type": "model",
                    "model": "modelengine:walker/gil_1"
                }
            },
            {
                "threshold": 127,
                "model": {
                    "type": "model",
                    "model": "modelengine:walker/foot_2"
                }
            },
            {
                "threshold": 128,
                "model": {
                    "type": "model",
                    "model": "modelengine:walker/foot_4"
                }
            },
            {
                "threshold": 129,
                "model": {
                    "type": "model",
                    "model": "modelengine:walker/foot_3"
                }
            },
            {
                "threshold": 130,
                "model": {
                    "type": "model",
                    "model": "modelengine:walker/foot_1"
                }
            },
            {
                "threshold": 131,
                "model": {
                    "type": "model",
                    "model": "modelengine:wumpus/legs"
                }
            },
            {
                "threshold": 132,
                "model": {
                    "type": "model",
                    "model": "modelengine:wumpus/leaf"
                }
            },
            {
                "threshold": 133,
                "model": {
                    "type": "model",
                    "model": "modelengine:wumpus/belly"
                }
            },
            {
                "threshold": 134,
                "model": {
                    "type": "model",
                    "model": "modelengine:wumpus/head"
                }
            },
            {
                "threshold": 135,
                "model": {
                    "type": "model",
                    "model": "modelengine:wumpus/arm_r"
                }
            },
            {
                "threshold": 136,
                "model": {
                    "type": "model",
                    "model": "modelengine:wumpus/arm_l"
                }
            },
            {
                "threshold": 137,
                "model": {
                    "type": "model",
                    "model": "modelengine:wumpus/ear_l"
                }
            },
            {
                "threshold": 138,
                "model": {
                    "type": "model",
                    "model": "modelengine:wumpus/ear_r"
                }
            },
            {
                "threshold": 139,
                "model": {
                    "type": "model",
                    "model": "modelengine:hive_mind/lighteye"
                }
            },
            {
                "threshold": 140,
                "model": {
                    "type": "model",
                    "model": "modelengine:store_guy/stick"
                }
            },
            {
                "threshold": 141,
                "model": {
                    "type": "model",
                    "model": "modelengine:store_guy/torso"
                }
            },
            {
                "threshold": 142,
                "model": {
                    "type": "model",
                    "model": "modelengine:store_guy/leg_r"
                }
            },
            {
                "threshold": 143,
                "model": {
                    "type": "model",
                    "model": "modelengine:store_guy/leg_l"
                }
            },
            {
                "threshold": 144,
                "model": {
                    "type": "model",
                    "model": "modelengine:store_guy/arm_l"
                }
            },
            {
                "threshold": 145,
                "model": {
                    "type": "model",
                    "model": "modelengine:store_guy/head"
                }
            },
            {
                "threshold": 146,
                "model": {
                    "type": "model",
                    "model": "modelengine:store_guy/arm_r"
                }
            },
            {
                "threshold": 147,
                "model": {
                    "type": "model",
                    "model": "modelengine:store_guy/hat"
                }
            }
        ]
    }
}