{
	"hand_animation_on_swap": true,
	"model": {
		"property": "custom_model_data",
		"scale": 1.0,
		"type": "minecraft:range_dispatch",
		"fallback": {
			"type": "model",
			"model": "item/netherite_pickaxe"
		},
		"entries": [
			{"threshold": 1, "model": {"type": "model", "model": "item/pickaxe/miners_pickaxe"}},
			{"threshold": 2, "model": {"type": "model", "model": "item/pickaxe/celestial_pickaxe"}},
			{"threshold": 3, "model": {"type": "model", "model": "item/pickaxe/lollipop_pickaxe"}},
			{"threshold": 4, "model": {"type": "model", "model": "item/pickaxe/magma_pickaxe"}},
			{"threshold": 5, "model": {"type": "model", "model": "item/pickaxe/rainbow_pickaxe"}},
			{"threshold": 6, "model": {"type": "model", "model": "item/pickaxe/colossal_pickaxe"}},
			{"threshold": 7, "model": {"type": "model", "model": "item/pickaxe/gear_pickaxe"}},
			{"threshold": 8, "model": {"type": "model", "model": "item/pickaxe/tnt_pickaxe"}},
			{"threshold": 9, "model": {"type": "model", "model": "item/pickaxe/toy_pickaxe"}},
			{"threshold": 10, "model": {"type": "model", "model": "item/pickaxe/cyber_pickaxe"}},
			{"threshold": 11, "model": {"type": "model", "model": "item/pickaxe/jungle_pickaxe"}},
			{"threshold": 12, "model": {"type": "model", "model": "item/pickaxe/sausage_pickaxe"}},
			{"threshold": 13, "model": {"type": "model", "model": "item/pickaxe/mini_pickaxe"}},
			{"threshold": 14, "model": {"type": "model", "model": "item/pickaxe/electric_pickaxe"}},
			{"threshold": 15, "model": {"type": "model", "model": "item/pickaxe/monster_pickaxe"}},
			{"threshold": 16, "model": {"type": "model", "model": "item/pickaxe/hive_pickaxe"}},
			{"threshold": 17, "model": {"type": "model", "model": "item/pickaxe/shadow_pickaxe"}},
			{"threshold": 18, "model": {"type": "model", "model": "item/pickaxe/drill_pickaxe"}},
			{"threshold": 19, "model": {"type": "model", "model": "item/pickaxe/fruit_pickaxe"}},
			{"threshold": 20, "model": {"type": "model", "model": "item/pickaxe/neon_pickaxe"}},
			{"threshold": 21, "model": {"type": "model", "model": "item/pickaxe/fish_pickaxe"}},
			{"threshold": 22, "model": {"type": "model", "model": "item/pickaxe/claw_pickaxe"}},
			{"threshold": 23, "model": {"type": "model", "model": "item/pickaxe/music_pickaxe"}},
			{"threshold": 24, "model": {"type": "model", "model": "item/pickaxe/leaf_pickaxe"}},
			{"threshold": 25, "model": {"type": "model", "model": "item/pickaxe/saturn_pickaxe"}},
			{"threshold": 26, "model": {"type": "model", "model": "item/pickaxe/star_pickaxe"}},
			{"threshold": 27, "model": {"type": "model", "model": "item/pickaxe/shark_pickaxe"}},
			{"threshold": 28, "model": {"type": "model", "model": "item/pickaxe/rocket_pickaxe"}},
			{"threshold": 102, "model": {"type": "model", "model": "item/locked/celestial_pickaxe"}},
			{"threshold": 103, "model": {"type": "model", "model": "item/locked/lollipop_pickaxe"}},
			{"threshold": 104, "model": {"type": "model", "model": "item/locked/magma_pickaxe"}},
			{"threshold": 105, "model": {"type": "model", "model": "item/locked/rainbow_pickaxe"}},
			{"threshold": 106, "model": {"type": "model", "model": "item/locked/colossal_pickaxe"}},
			{"threshold": 107, "model": {"type": "model", "model": "item/locked/gear_pickaxe"}},
			{"threshold": 108, "model": {"type": "model", "model": "item/locked/tnt_pickaxe"}},
			{"threshold": 109, "model": {"type": "model", "model": "item/locked/toy_pickaxe"}},
			{"threshold": 110, "model": {"type": "model", "model": "item/locked/cyber_pickaxe"}},
			{"threshold": 111, "model": {"type": "model", "model": "item/locked/jungle_pickaxe"}},
			{"threshold": 112, "model": {"type": "model", "model": "item/locked/sausage_pickaxe"}},
			{"threshold": 113, "model": {"type": "model", "model": "item/locked/mini_pickaxe"}},
			{"threshold": 114, "model": {"type": "model", "model": "item/locked/electric_pickaxe"}},
			{"threshold": 115, "model": {"type": "model", "model": "item/locked/monster_pickaxe"}},
			{"threshold": 116, "model": {"type": "model", "model": "item/locked/hive_pickaxe"}},
			{"threshold": 117, "model": {"type": "model", "model": "item/locked/shadow_pickaxe"}},
			{"threshold": 118, "model": {"type": "model", "model": "item/locked/drill_pickaxe"}},
			{"threshold": 119, "model": {"type": "model", "model": "item/locked/fruit_pickaxe"}},
			{"threshold": 120, "model": {"type": "model", "model": "item/locked/neon_pickaxe"}},
			{"threshold": 121, "model": {"type": "model", "model": "item/locked/fish_pickaxe"}},
			{"threshold": 122, "model": {"type": "model", "model": "item/locked/claw_pickaxe"}},
			{"threshold": 123, "model": {"type": "model", "model": "item/locked/music_pickaxe"}},
			{"threshold": 124, "model": {"type": "model", "model": "item/locked/leaf_pickaxe"}},
			{"threshold": 125, "model": {"type": "model", "model": "item/locked/saturn_pickaxe"}},
			{"threshold": 126, "model": {"type": "model", "model": "item/locked/star_pickaxe"}},
			{"threshold": 127, "model": {"type": "model", "model": "item/locked/shark_pickaxe"}},
			{"threshold": 128, "model": {"type": "model", "model": "item/locked/rocket_pickaxe"}},
			{"threshold": 501, "model": {"type": "model", "model": "item/pickaxe/pumpkin_pickaxe"}},
			{"threshold": 502, "model": {"type": "model", "model": "item/pickaxe/gingerbread_pickaxe"}},
			{"threshold": 503, "model": {"type": "model", "model": "item/pickaxe/antler_pickaxe"}},
			{"threshold": 601, "model": {"type": "model", "model": "item/locked/pumpkin_pickaxe"}},
			{"threshold": 602, "model": {"type": "model", "model": "item/locked/gingerbread_pickaxe"}},
			{"threshold": 603, "model": {"type": "model", "model": "item/locked/antler_pickaxe"}}
		]
	}
}