{
	"hand_animation_on_swap": true,
	"model": {
		"property": "custom_model_data",
		"scale": 1.0,
		"type": "minecraft:range_dispatch",
		"fallback": {
			"type": "model",
			"model": "item/paper"
		},
		"entries": [
			{"threshold": 1, "model": {"type": "model", "model": "item/gui/empty"}},
			{"threshold": 1, "model": {"type": "model", "model": "item/gui/empty"}},
			{"threshold": 2, "model": {"type": "model", "model": "item/gui/yes"}},
			{"threshold": 3, "model": {"type": "model", "model": "item/gui/no"}},
			{"threshold": 4, "model": {"type": "model", "model": "item/gui/plus"}},
			{"threshold": 5, "model": {"type": "model", "model": "item/gui/minus"}},
			{"threshold": 6, "model": {"type": "model", "model": "item/gui/next"}},
			{"threshold": 7, "model": {"type": "model", "model": "item/gui/previous"}},
			{"threshold": 8, "model": {"type": "model", "model": "item/gui/back"}},
			{"threshold": 9, "model": {"type": "model", "model": "item/gui/website"}},
			{"threshold": 10, "model": {"type": "model", "model": "item/gui/guide"}},
			{"threshold": 11, "model": {"type": "model", "model": "item/gui/warning"}},
			{"threshold": 12, "model": {"type": "model", "model": "item/gui/discord"}},
			{"threshold": 13, "model": {"type": "model", "model": "item/gui/buy"}},
			{"threshold": 14, "model": {"type": "model", "model": "item/gui/locked"}},
			{"threshold": 15, "model": {"type": "model", "model": "item/gui/sell_drops"}},		
			{"threshold": 16, "model": {"type": "model", "model": "item/gui/warp_spawn"}},
			{"threshold": 17, "model": {"type": "model", "model": "item/gui/warp_crates"}},
			{"threshold": 18, "model": {"type": "model", "model": "item/gui/warp_mines"}},
			{"threshold": 19, "model": {"type": "model", "model": "item/gui/market"}},		
			{"threshold": 20, "model": {"type": "model", "model": "item/gui/trade_wait"}},
			{"threshold": 21, "model": {"type": "model", "model": "item/gui/trade_ready"}},
			{"threshold": 22, "model": {"type": "model", "model": "item/gui/warp_pvp"}},
			{"threshold": 23, "model": {"type": "model", "model": "item/gui/warp_hunter"}},
			{"threshold": 24, "model": {"type": "model", "model": "item/gui/warp_merchant"}},
			{"threshold": 25, "model": {"type": "model", "model": "item/gui/warp_traveler"}},
			{"threshold": 26, "model": {"type": "model", "model": "item/gui/excollect"}},
			{"threshold": 27, "model": {"type": "model", "model": "item/gui/warp_mage"}},
			{"threshold": 28, "model": {"type": "model", "model": "item/gui/exupgrade_money"}},
			{"threshold": 29, "model": {"type": "model", "model": "item/gui/exupgrade_efficiency"}},
			{"threshold": 30, "model": {"type": "model", "model": "item/gui/exupgrade_oil"}},
			{"threshold": 31, "model": {"type": "model", "model": "item/gui/add_item"}},
			{"threshold": 32, "model": {"type": "model", "model": "item/gui/no_buy"}},
			{"threshold": 33, "model": {"type": "model", "model": "item/gui/book_on"}},
			{"threshold": 34, "model": {"type": "model", "model": "item/gui/book_off"}},
			{"threshold": 35, "model": {"type": "model", "model": "item/gui/refresh"}},
			{"threshold": 36, "model": {"type": "model", "model": "item/gui/repair_gear"}},
			{"threshold": 37, "model": {"type": "model", "model": "item/gui/upgrade_gear"}},
			{"threshold": 38, "model": {"type": "model", "model": "item/gui/geode_cracking"}},
			{"threshold": 39, "model": {"type": "model", "model": "item/gui/info_label"}},
			{"threshold": 40, "model": {"type": "model", "model": "item/gui/open_geode"}},
			{"threshold": 41, "model": {"type": "model", "model": "item/gui/warp_farmer"}},		
			{"threshold": 42, "model": {"type": "model", "model": "item/gui/check"}},
			{"threshold": 43, "model": {"type": "model", "model": "item/gui/no_minus"}},
			{"threshold": 44, "model": {"type": "model", "model": "item/gui/sort_recent"}},
			{"threshold": 45, "model": {"type": "model", "model": "item/gui/sort_price"}},
			{"threshold": 46, "model": {"type": "model", "model": "item/gui/sort_rarity"}},
			{"threshold": 47, "model": {"type": "model", "model": "item/gui/shopping_bag"}},
			{"threshold": 48, "model": {"type": "model", "model": "item/gui/coinflipping"}},
			{"threshold": 49, "model": {"type": "model", "model": "item/gui/staff_freeze"}},
			{"threshold": 50, "model": {"type": "model", "model": "item/gui/staff_punish"}},
			{"threshold": 51, "model": {"type": "model", "model": "item/gui/staff_teleport"}},
			{"threshold": 52, "model": {"type": "model", "model": "item/gui/staff_spectator"}},
			{"threshold": 53, "model": {"type": "model", "model": "item/fish/speed_bait_gray"}},
			{"threshold": 54, "model": {"type": "model", "model": "item/fish/glow_bait_gray"}},
			{"threshold": 55, "model": {"type": "model", "model": "item/fish/luxury_bait_gray"}},
			{"threshold": 56, "model": {"type": "model", "model": "item/fish/titan_bait_gray"}},
			{"threshold": 57, "model": {"type": "model", "model": "item/gui/buy_skin"}},
			{"threshold": 58, "model": {"type": "model", "model": "item/gui/warp_boat"}},
			{"threshold": 59, "model": {"type": "model", "model": "item/gui/warp_l_dock"}},
			{"threshold": 60, "model": {"type": "model", "model": "item/gui/warp_r_dock"}},
			{"threshold": 61, "model": {"type": "model", "model": "item/gui/giant_geode_cracking"}},

			{"threshold": 63, "model": {"type": "model", "model": "item/gui/quests"}},
			{"threshold": 64, "model": {"type": "model", "model": "item/gui/sell_fish"}},
			{"threshold": 65, "model": {"type": "model", "model": "item/gui/booster_millionaire"}},
			{"threshold": 66, "model": {"type": "model", "model": "item/gui/booster_mine"}},
			{"threshold": 67, "model": {"type": "model", "model": "item/gui/booster_hunt"}},
			{"threshold": 68, "model": {"type": "model", "model": "item/gui/booster_fish"}},
			{"threshold": 69, "model": {"type": "model", "model": "item/gui/booster_farm"}},
			{"threshold": 70, "model": {"type": "model", "model": "item/gui/coinflip_win"}},
			{"threshold": 71, "model": {"type": "model", "model": "item/gui/coinflip_lose"}},
			{"threshold": 73, "model": {"type": "model", "model": "item/gui/random_buy"}},
			{"threshold": 74, "model": {"type": "model", "model": "item/gui/vault_0"}},
			{"threshold": 75, "model": {"type": "model", "model": "item/gui/vault_1"}},
			{"threshold": 76, "model": {"type": "model", "model": "item/gui/vault_2"}},
			
			{"threshold": 82, "model": {"type": "model", "model": "item/gui/pickaxe_notes"}},
			{"threshold": 83, "model": {"type": "model", "model": "item/gui/kit_pvp"}},
			{"threshold": 84, "model": {"type": "model", "model": "item/gui/warp_pond"}},
			{"threshold": 93, "model": {"type": "model", "model": "item/gui/alien_minion"}},
			{"threshold": 94, "model": {"type": "model", "model": "item/gui/alien_alpha"}},

			{"threshold": 96, "model": {"type": "model", "model": "item/gui/excavators"}},

			{"threshold": 98, "model": {"type": "model", "model": "item/gui/island"}},
			{"threshold": 99, "model": {"type": "model", "model": "item/skymines_spawn"}},
			
			{"threshold": 109, "model": {"type": "model", "model": "item/gui/cf_winner"}},
			{"threshold": 110, "model": {"type": "model", "model": "item/gui/cf_loser"}},
			{"threshold": 111, "model": {"type": "model", "model": "item/gui/booster_on"}},
			{"threshold": 112, "model": {"type": "model", "model": "item/gui/booster_off"}},
			
			{"threshold": 115, "model": {"type": "model", "model": "item/gui/exupgrade_mineral_1"}},
			{"threshold": 116, "model": {"type": "model", "model": "item/gui/exupgrade_mineral_2"}},
			{"threshold": 117, "model": {"type": "model", "model": "item/gui/exupgrade_mineral_3"}},
			{"threshold": 118, "model": {"type": "model", "model": "item/gui/exupgrade_mineral_4"}},
			{"threshold": 119, "model": {"type": "model", "model": "item/gui/exupgrade_mineral_5"}},
			{"threshold": 120, "model": {"type": "model", "model": "item/gui/exupgrade_mineral_6"}},
			{"threshold": 121, "model": {"type": "model", "model": "item/gui/exupgrade_mineral_7"}},
			{"threshold": 122, "model": {"type": "model", "model": "item/gui/exupgrade_mineral_8"}},
			{"threshold": 123, "model": {"type": "model", "model": "item/gui/exupgrade_mineral_9"}},
			{"threshold": 124, "model": {"type": "model", "model": "item/gui/exupgrade_mineral_10"}},
			
			{"threshold": 126, "model": {"type": "model", "model": "item/gui/refill_oil"}},
			{"threshold": 128, "model": {"type": "model", "model": "item/gui/warp_volcano"}},
			{"threshold": 129, "model": {"type": "model", "model": "item/gui/island_pick_1"}},
			{"threshold": 130, "model": {"type": "model", "model": "item/gui/island_pick_2"}},
			{"threshold": 131, "model": {"type": "model", "model": "item/gui/island_pick_3"}},
			{"threshold": 132, "model": {"type": "model", "model": "item/gui/island_pick_4"}},
			{"threshold": 133, "model": {"type": "model", "model": "item/gui/night_vision"}},
			{"threshold": 134, "model": {"type": "model", "model": "item/gui/leap"}},
			{"threshold": 135, "model": {"type": "model", "model": "item/gui/speed"}},
			
			{"threshold": 140, "model": {"type": "model", "model": "item/gui/warp_tomb"}},
			{"threshold": 141, "model": {"type": "model", "model": "item/gui/clock"}},

			{"threshold": 200, "model": {"type": "model", "model": "item/particle/spark"}},
			{"threshold": 201, "model": {"type": "model", "model": "item/particle/witch"}},
			{"threshold": 202, "model": {"type": "model", "model": "item/particle/note"}},
			{"threshold": 203, "model": {"type": "model", "model": "item/particle/heart"}},
			{"threshold": 204, "model": {"type": "model", "model": "item/particle/emerald"}},
			{"threshold": 205, "model": {"type": "model", "model": "item/particle/totem"}},
			{"threshold": 206, "model": {"type": "model", "model": "item/particle/flame"}},
			{"threshold": 207, "model": {"type": "model", "model": "item/particle/soulflame"}},
			{"threshold": 208, "model": {"type": "model", "model": "item/particle/rain"}},
			{"threshold": 209, "model": {"type": "model", "model": "item/particle/lavarain"}},
			{"threshold": 210, "model": {"type": "model", "model": "item/particle/obsidianrain"}},
			{"threshold": 211, "model": {"type": "model", "model": "item/particle/rainbow"}},
			{"threshold": 212, "model": {"type": "model", "model": "item/particle/blood"}},
			{"threshold": 213, "model": {"type": "model", "model": "item/particle/slime"}},
			{"threshold": 214, "model": {"type": "model", "model": "item/particle/snow"}},
			{"threshold": 215, "model": {"type": "model", "model": "item/particle/gold"}},
			{"threshold": 216, "model": {"type": "model", "model": "item/particle/diamond"}},
			{"threshold": 217, "model": {"type": "model", "model": "item/gui/jobbooster_mine"}},
			{"threshold": 218, "model": {"type": "model", "model": "item/gui/jobbooster_hunt"}},
			{"threshold": 219, "model": {"type": "model", "model": "item/gui/jobbooster_fish"}},
			{"threshold": 220, "model": {"type": "model", "model": "item/gui/jobbooster_farm"}},

			{"threshold": 221, "model": {"type": "model", "model": "item/achievements/tutorial_done"}},
			{"threshold": 222, "model": {"type": "model", "model": "item/achievements/medal_0"}},
			{"threshold": 223, "model": {"type": "model", "model": "item/achievements/medal_1"}},
			{"threshold": 224, "model": {"type": "model", "model": "item/achievements/medal_2"}},
			{"threshold": 225, "model": {"type": "model", "model": "item/achievements/medal_3"}},
			{"threshold": 226, "model": {"type": "model", "model": "item/achievements/medal_4"}},
			{"threshold": 227, "model": {"type": "model", "model": "item/achievements/medal_5"}},
			{"threshold": 228, "model": {"type": "model", "model": "item/achievements/medal_6"}},
			{"threshold": 229, "model": {"type": "model", "model": "item/achievements/medal_7"}},
			{"threshold": 230, "model": {"type": "model", "model": "item/achievements/medal_8"}},
			{"threshold": 231, "model": {"type": "model", "model": "item/achievements/medal_9"}},
			{"threshold": 232, "model": {"type": "model", "model": "item/achievements/medal_10"}},

			{"threshold": 400, "model": {"type": "model", "model": "item/gui/profile/home"}},
			{"threshold": 401, "model": {"type": "model", "model": "item/gui/profile/balance"}},
			{"threshold": 402, "model": {"type": "model", "model": "item/gui/profile/kdr"}},
			{"threshold": 403, "model": {"type": "model", "model": "item/gui/profile/cf"}},
			{"threshold": 404, "model": {"type": "model", "model": "item/gui/profile/oilpump"}},
			{"threshold": 405, "model": {"type": "model", "model": "item/gui/profile/friends_yes"}},
			{"threshold": 406, "model": {"type": "model", "model": "item/gui/profile/friends_no"}},
			{"threshold": 407, "model": {"type": "model", "model": "item/gui/profile/island"}},
			{"threshold": 408, "model": {"type": "model", "model": "item/gui/profile/achievements"}},
			{"threshold": 409, "model": {"type": "model", "model": "item/gui/profile/preferences"}},
			{"threshold": 410, "model": {"type": "model", "model": "item/gui/profile/join_on"}},
			{"threshold": 411, "model": {"type": "model", "model": "item/gui/profile/join_off"}},
			{"threshold": 412, "model": {"type": "model", "model": "item/gui/profile/whisper_on"}},
			{"threshold": 413, "model": {"type": "model", "model": "item/gui/profile/whisper_off"}},
			{"threshold": 414, "model": {"type": "model", "model": "item/gui/profile/mention_on"}},
			{"threshold": 415, "model": {"type": "model", "model": "item/gui/profile/mention_off"}},
			{"threshold": 416, "model": {"type": "model", "model": "item/gui/profile/playerheads_on"}},
			{"threshold": 417, "model": {"type": "model", "model": "item/gui/profile/playerheads_off"}},
			{"threshold": 418, "model": {"type": "model", "model": "item/gui/profile/minute_earnings_on"}},
			{"threshold": 419, "model": {"type": "model", "model": "item/gui/profile/minute_earnings_off"}},
			{"threshold": 420, "model": {"type": "model", "model": "item/gui/profile/staffchat_on"}},
			{"threshold": 421, "model": {"type": "model", "model": "item/gui/profile/staffchat_off"}},
			{"threshold": 422, "model": {"type": "model", "model": "item/gui/profile/vanish_on"}},
			{"threshold": 423, "model": {"type": "model", "model": "item/gui/profile/vanish_off"}},
			{"threshold": 424, "model": {"type": "model", "model": "item/gui/profile/forcefield_on"}},
			{"threshold": 425, "model": {"type": "model", "model": "item/gui/profile/forcefield_off"}},
			{"threshold": 426, "model": {"type": "model", "model": "item/gui/profile/debug_on"}},
			{"threshold": 427, "model": {"type": "model", "model": "item/gui/profile/debug_off"}},
			{"threshold": 428, "model": {"type": "model", "model": "item/gui/profile/store"}},
			{"threshold": 429, "model": {"type": "model", "model": "item/gui/profile/previous"}},
			{"threshold": 430, "model": {"type": "model", "model": "item/gui/profile/next"}},
			{"threshold": 431, "model": {"type": "model", "model": "item/gui/profile/banner_default"}},
			{"threshold": 432, "model": {"type": "model", "model": "item/gui/profile/banner_hive"}},
			{"threshold": 433, "model": {"type": "model", "model": "item/gui/profile/status_on"}},
			{"threshold": 434, "model": {"type": "model", "model": "item/gui/profile/status_afk"}},
			{"threshold": 435, "model": {"type": "model", "model": "item/gui/profile/status_off"}},
			{"threshold": 436, "model": {"type": "model", "model": "item/gui/profile/pf_lunar"}},
			{"threshold": 437, "model": {"type": "model", "model": "item/gui/profile/pf_solar"}},
			{"threshold": 438, "model": {"type": "model", "model": "item/gui/profile/pf_galactic"}},
			{"threshold": 439, "model": {"type": "model", "model": "item/gui/profile/pf_cosmic"}},
			{"threshold": 440, "model": {"type": "model", "model": "item/gui/profile/pf_eternal"}},
			{"threshold": 441, "model": {"type": "model", "model": "item/gui/profile/pf_celestial"}},
			{"threshold": 442, "model": {"type": "model", "model": "item/gui/profile/pf_creator"}},
			{"threshold": 443, "model": {"type": "model", "model": "item/gui/profile/rank_lunar"}},
			{"threshold": 444, "model": {"type": "model", "model": "item/gui/profile/rank_solar"}},
			{"threshold": 445, "model": {"type": "model", "model": "item/gui/profile/rank_galactic"}},
			{"threshold": 446, "model": {"type": "model", "model": "item/gui/profile/rank_cosmic"}},
			{"threshold": 447, "model": {"type": "model", "model": "item/gui/profile/rank_eternal"}},
			{"threshold": 448, "model": {"type": "model", "model": "item/gui/profile/rank_celestial"}},
			{"threshold": 449, "model": {"type": "model", "model": "item/gui/profile/rank_creator"}},
			{"threshold": 450, "model": {"type": "model", "model": "item/gui/profile/rank_rookie"}},
			{"threshold": 451, "model": {"type": "model", "model": "item/gui/profile/rank_helper"}},
			{"threshold": 452, "model": {"type": "model", "model": "item/gui/profile/rank_mod"}},
			{"threshold": 453, "model": {"type": "model", "model": "item/gui/profile/rank_srmod"}},
			{"threshold": 454, "model": {"type": "model", "model": "item/gui/profile/rank_dev"}},
			{"threshold": 455, "model": {"type": "model", "model": "item/gui/profile/rank_admin"}},
			{"threshold": 456, "model": {"type": "model", "model": "item/gui/profile/rank_owner"}},
			
			{"threshold": 460, "model": {"type": "model", "model": "item/gui/profile/youtube"}},
			{"threshold": 461, "model": {"type": "model", "model": "item/gui/profile/twitch"}},
			{"threshold": 462, "model": {"type": "model", "model": "item/gui/profile/tiktok"}},
			
			{"threshold": 466, "model": {"type": "model", "model": "item/gui/profile/public_on"}},
			{"threshold": 467, "model": {"type": "model", "model": "item/gui/profile/public_off"}},
			{"threshold": 468, "model": {"type": "model", "model": "item/gui/profile/button_on"}},
			{"threshold": 469, "model": {"type": "model", "model": "item/gui/profile/button_off"}},
			{"threshold": 470, "model": {"type": "model", "model": "item/gui/profile/lever_on"}},
			{"threshold": 471, "model": {"type": "model", "model": "item/gui/profile/lever_off"}},
			{"threshold": 472, "model": {"type": "model", "model": "item/gui/profile/pressureplate_on"}},
			{"threshold": 473, "model": {"type": "model", "model": "item/gui/profile/pressureplate_off"}},
			{"threshold": 474, "model": {"type": "model", "model": "item/gui/profile/door_on"}},
			{"threshold": 475, "model": {"type": "model", "model": "item/gui/profile/door_off"}},
			{"threshold": 476, "model": {"type": "model", "model": "item/gui/profile/fencegate_on"}},
			{"threshold": 477, "model": {"type": "model", "model": "item/gui/profile/fencegate_off"}},
			{"threshold": 478, "model": {"type": "model", "model": "item/gui/profile/manage_on"}},
			{"threshold": 479, "model": {"type": "model", "model": "item/gui/profile/manage_off"}},
			{"threshold": 480, "model": {"type": "model", "model": "item/gui/profile/build_on"}},
			{"threshold": 481, "model": {"type": "model", "model": "item/gui/profile/build_off"}},
			{"threshold": 482, "model": {"type": "model", "model": "item/gui/profile/pickup_sellblock_on"}},
			{"threshold": 483, "model": {"type": "model", "model": "item/gui/profile/pickup_sellblock_off"}},
			{"threshold": 484, "model": {"type": "model", "model": "item/gui/profile/pickup_oilpump_on"}},
			{"threshold": 485, "model": {"type": "model", "model": "item/gui/profile/pickup_oilpump_off"}},
			{"threshold": 486, "model": {"type": "model", "model": "item/gui/profile/boarder_on"}},
			{"threshold": 487, "model": {"type": "model", "model": "item/gui/profile/boarder_off"}},
			
			{"threshold": 500, "model": {"type": "model", "model": "item/gui/punish_back"}},
			{"threshold": 501, "model": {"type": "model", "model": "item/gui/punish_ban_0"}},
			{"threshold": 502, "model": {"type": "model", "model": "item/gui/punish_ban_1"}},
			{"threshold": 503, "model": {"type": "model", "model": "item/gui/punish_ban_2"}},
			{"threshold": 504, "model": {"type": "model", "model": "item/gui/punish_ban_3"}},
			{"threshold": 505, "model": {"type": "model", "model": "item/gui/punish_ban_4"}},
			{"threshold": 506, "model": {"type": "model", "model": "item/gui/punish_kick_0"}},
			{"threshold": 507, "model": {"type": "model", "model": "item/gui/punish_kick_1"}},
			{"threshold": 508, "model": {"type": "model", "model": "item/gui/punish_kick_2"}},
			{"threshold": 509, "model": {"type": "model", "model": "item/gui/punish_kick_3"}},
			{"threshold": 510, "model": {"type": "model", "model": "item/gui/punish_kick_4"}},
			{"threshold": 511, "model": {"type": "model", "model": "item/gui/punish_mute_0"}},
			{"threshold": 512, "model": {"type": "model", "model": "item/gui/punish_mute_1"}},
			{"threshold": 513, "model": {"type": "model", "model": "item/gui/punish_mute_2"}},
			{"threshold": 514, "model": {"type": "model", "model": "item/gui/punish_mute_3"}},
			{"threshold": 515, "model": {"type": "model", "model": "item/gui/punish_mute_4"}},
			{"threshold": 516, "model": {"type": "model", "model": "item/gui/punish_no"}},
			{"threshold": 517, "model": {"type": "model", "model": "item/gui/punish_yes"}},
			{"threshold": 518, "model": {"type": "model", "model": "item/gui/punish_reason"}},
			

			{"threshold": 900, "model": {"type": "model", "model": "item/gui/jobs/box_closed"}},
			{"threshold": 901, "model": {"type": "model", "model": "item/gui/jobs/box_open"}},
			{"threshold": 902, "model": {"type": "model", "model": "item/gui/jobs/keybox_closed"}},
			{"threshold": 903, "model": {"type": "model", "model": "item/gui/jobs/keybox_open"}},
			{"threshold": 904, "model": {"type": "model", "model": "item/gui/jobs/upgrade_points"}},
			{"threshold": 905, "model": {"type": "model", "model": "item/gui/jobs/respec"}},
			{"threshold": 906, "model": {"type": "model", "model": "item/gui/jobs/scythe_skins"}},
			{"threshold": 907, "model": {"type": "model", "model": "item/gui/jobs/pickaxe_skins"}},
			{"threshold": 908, "model": {"type": "model", "model": "item/gui/jobs/sword_skins"}},
			{"threshold": 909, "model": {"type": "model", "model": "item/gui/jobs/rod_skins"}},
			
			{"threshold": 1001, "model": {"type": "model", "model": "item/gui/jobs/respec/mining_key"}},
			{"threshold": 1002, "model": {"type": "model", "model": "item/gui/jobs/respec/mining_mystery_chest"}},
			{"threshold": 1003, "model": {"type": "model", "model": "item/gui/jobs/respec/pickaxe_efficiency"}},
			{"threshold": 1004, "model": {"type": "model", "model": "item/gui/jobs/respec/pickaxe_midas"}},
			{"threshold": 1005, "model": {"type": "model", "model": "item/gui/jobs/respec/pickaxe_explosive"}},
			{"threshold": 1006, "model": {"type": "model", "model": "item/gui/jobs/respec/pickaxe_prosperity"}},
			{"threshold": 1007, "model": {"type": "model", "model": "item/gui/jobs/respec/pickaxe_cluster_bomb"}},
			{"threshold": 1008, "model": {"type": "model", "model": "item/gui/jobs/respec/pickaxe_fortune"}},
			{"threshold": 1009, "model": {"type": "model", "model": "item/gui/jobs/respec/pickaxe_laser"}},
			{"threshold": 1010, "model": {"type": "model", "model": "item/gui/jobs/respec/pickaxe_drill"}},
			{"threshold": 1011, "model": {"type": "model", "model": "item/gui/jobs/respec/hunting_key"}},
			{"threshold": 1012, "model": {"type": "model", "model": "item/gui/jobs/respec/hunting_mystery_chest"}},
			{"threshold": 1013, "model": {"type": "model", "model": "item/gui/jobs/respec/hunting_looting"}},
			{"threshold": 1014, "model": {"type": "model", "model": "item/gui/jobs/respec/hunting_prosperity"}},
			{"threshold": 1015, "model": {"type": "model", "model": "item/gui/jobs/respec/sword_knock_back"}},
			{"threshold": 1016, "model": {"type": "model", "model": "item/gui/jobs/respec/sword_fire_aspect"}},
			{"threshold": 1017, "model": {"type": "model", "model": "item/gui/jobs/respec/sword_sharpness"}},
			{"threshold": 1018, "model": {"type": "model", "model": "item/gui/jobs/respec/sword_sweeping_edge"}},
			{"threshold": 1019, "model": {"type": "model", "model": "item/gui/jobs/respec/bow_punch"}},
			{"threshold": 1020, "model": {"type": "model", "model": "item/gui/jobs/respec/bow_flame"}},
			{"threshold": 1021, "model": {"type": "model", "model": "item/gui/jobs/respec/bow_power"}},
			{"threshold": 1022, "model": {"type": "model", "model": "item/gui/jobs/respec/bow_infinity"}},
			{"threshold": 1023, "model": {"type": "model", "model": "item/gui/jobs/respec/cross_bow_piercing"}},
			{"threshold": 1024, "model": {"type": "model", "model": "item/gui/jobs/respec/cross_bow_multishot"}},
			{"threshold": 1025, "model": {"type": "model", "model": "item/gui/jobs/respec/fishing_key"}},
			{"threshold": 1026, "model": {"type": "model", "model": "item/gui/jobs/respec/fishing_mystery_chest"}},
			{"threshold": 1027, "model": {"type": "model", "model": "item/gui/jobs/respec/fishing_trader"}},
			{"threshold": 1028, "model": {"type": "model", "model": "item/gui/jobs/respec/rod_grip_lock"}},
			{"threshold": 1029, "model": {"type": "model", "model": "item/gui/jobs/respec/rod_speed_bait"}},
			{"threshold": 1030, "model": {"type": "model", "model": "item/gui/jobs/respec/rod_glow_bait"}},
			{"threshold": 1031, "model": {"type": "model", "model": "item/gui/jobs/respec/rod_titan_bait"}},
			{"threshold": 1032, "model": {"type": "model", "model": "item/gui/jobs/respec/rod_luxury_bait"}},
			{"threshold": 1033, "model": {"type": "model", "model": "item/gui/jobs/respec/farming_key"}},
			{"threshold": 1034, "model": {"type": "model", "model": "item/gui/jobs/respec/farming_mystery_chest"}},
			{"threshold": 1035, "model": {"type": "model", "model": "item/gui/jobs/respec/farming_island_expansion"}},
			{"threshold": 1036, "model": {"type": "model", "model": "item/gui/jobs/respec/scythe_precision_cut"}},
			{"threshold": 1037, "model": {"type": "model", "model": "item/gui/jobs/respec/scythe_prosperity"}},
			{"threshold": 1038, "model": {"type": "model", "model": "item/gui/jobs/respec/watering_can_capacity"}},
			{"threshold": 1039, "model": {"type": "model", "model": "item/gui/jobs/respec/watering_can_spread"}},
			{"threshold": 1040, "model": {"type": "model", "model": "item/gui/jobs/respec/watering_can_holy_water"}},
			
			{"threshold": 1101, "model": {"type": "model", "model": "item/gui/jobs/locked/mining_key"}},
			{"threshold": 1102, "model": {"type": "model", "model": "item/gui/jobs/locked/mining_mystery_chest"}},
			{"threshold": 1103, "model": {"type": "model", "model": "item/gui/jobs/locked/pickaxe_efficiency"}},
			{"threshold": 1104, "model": {"type": "model", "model": "item/gui/jobs/locked/pickaxe_midas"}},
			{"threshold": 1105, "model": {"type": "model", "model": "item/gui/jobs/locked/pickaxe_explosive"}},
			{"threshold": 1106, "model": {"type": "model", "model": "item/gui/jobs/locked/pickaxe_prosperity"}},
			{"threshold": 1107, "model": {"type": "model", "model": "item/gui/jobs/locked/pickaxe_cluster_bomb"}},
			{"threshold": 1108, "model": {"type": "model", "model": "item/gui/jobs/locked/pickaxe_fortune"}},
			{"threshold": 1109, "model": {"type": "model", "model": "item/gui/jobs/locked/pickaxe_laser"}},
			{"threshold": 1110, "model": {"type": "model", "model": "item/gui/jobs/locked/pickaxe_drill"}},
			{"threshold": 1111, "model": {"type": "model", "model": "item/gui/jobs/locked/hunting_key"}},
			{"threshold": 1112, "model": {"type": "model", "model": "item/gui/jobs/locked/hunting_mystery_chest"}},
			{"threshold": 1113, "model": {"type": "model", "model": "item/gui/jobs/locked/hunting_looting"}},
			{"threshold": 1114, "model": {"type": "model", "model": "item/gui/jobs/locked/hunting_prosperity"}},
			{"threshold": 1115, "model": {"type": "model", "model": "item/gui/jobs/locked/sword_knock_back"}},
			{"threshold": 1116, "model": {"type": "model", "model": "item/gui/jobs/locked/sword_fire_aspect"}},
			{"threshold": 1117, "model": {"type": "model", "model": "item/gui/jobs/locked/sword_sharpness"}},
			{"threshold": 1118, "model": {"type": "model", "model": "item/gui/jobs/locked/sword_sweeping_edge"}},
			{"threshold": 1119, "model": {"type": "model", "model": "item/gui/jobs/locked/bow_punch"}},
			{"threshold": 1120, "model": {"type": "model", "model": "item/gui/jobs/locked/bow_flame"}},
			{"threshold": 1121, "model": {"type": "model", "model": "item/gui/jobs/locked/bow_power"}},
			{"threshold": 1122, "model": {"type": "model", "model": "item/gui/jobs/locked/bow_infinity"}},
			{"threshold": 1123, "model": {"type": "model", "model": "item/gui/jobs/locked/cross_bow_piercing"}},
			{"threshold": 1124, "model": {"type": "model", "model": "item/gui/jobs/locked/cross_bow_multishot"}},
			{"threshold": 1125, "model": {"type": "model", "model": "item/gui/jobs/locked/fishing_key"}},
			{"threshold": 1126, "model": {"type": "model", "model": "item/gui/jobs/locked/fishing_mystery_chest"}},
			{"threshold": 1127, "model": {"type": "model", "model": "item/gui/jobs/locked/fishing_trader"}},
			{"threshold": 1128, "model": {"type": "model", "model": "item/gui/jobs/locked/rod_grip_lock"}},
			{"threshold": 1129, "model": {"type": "model", "model": "item/gui/jobs/locked/rod_speed_bait"}},
			{"threshold": 1130, "model": {"type": "model", "model": "item/gui/jobs/locked/rod_glow_bait"}},
			{"threshold": 1131, "model": {"type": "model", "model": "item/gui/jobs/locked/rod_titan_bait"}},
			{"threshold": 1132, "model": {"type": "model", "model": "item/gui/jobs/locked/rod_luxury_bait"}},
			{"threshold": 1133, "model": {"type": "model", "model": "item/gui/jobs/locked/farming_key"}},
			{"threshold": 1134, "model": {"type": "model", "model": "item/gui/jobs/locked/farming_mystery_chest"}},
			{"threshold": 1135, "model": {"type": "model", "model": "item/gui/jobs/locked/farming_island_expansion"}},
			{"threshold": 1136, "model": {"type": "model", "model": "item/gui/jobs/locked/scythe_precision_cut"}},
			{"threshold": 1137, "model": {"type": "model", "model": "item/gui/jobs/locked/scythe_prosperity"}},
			{"threshold": 1138, "model": {"type": "model", "model": "item/gui/jobs/locked/watering_can_capacity"}},
			{"threshold": 1139, "model": {"type": "model", "model": "item/gui/jobs/locked/watering_can_spread"}},
			{"threshold": 1140, "model": {"type": "model", "model": "item/gui/jobs/locked/watering_can_holy_water"}},
			
			{"threshold": 1201, "model": {"type": "model", "model": "item/gui/jobs/enabled/mining_key"}},
			{"threshold": 1202, "model": {"type": "model", "model": "item/gui/jobs/enabled/mining_mystery_chest"}},
			{"threshold": 1203, "model": {"type": "model", "model": "item/gui/jobs/enabled/pickaxe_efficiency"}},
			{"threshold": 1204, "model": {"type": "model", "model": "item/gui/jobs/enabled/pickaxe_midas"}},
			{"threshold": 1205, "model": {"type": "model", "model": "item/gui/jobs/enabled/pickaxe_explosive"}},
			{"threshold": 1206, "model": {"type": "model", "model": "item/gui/jobs/enabled/pickaxe_prosperity"}},
			{"threshold": 1207, "model": {"type": "model", "model": "item/gui/jobs/enabled/pickaxe_cluster_bomb"}},
			{"threshold": 1208, "model": {"type": "model", "model": "item/gui/jobs/enabled/pickaxe_fortune"}},
			{"threshold": 1209, "model": {"type": "model", "model": "item/gui/jobs/enabled/pickaxe_laser"}},
			{"threshold": 1210, "model": {"type": "model", "model": "item/gui/jobs/enabled/pickaxe_drill"}},
			{"threshold": 1211, "model": {"type": "model", "model": "item/gui/jobs/enabled/hunting_key"}},
			{"threshold": 1212, "model": {"type": "model", "model": "item/gui/jobs/enabled/hunting_mystery_chest"}},
			{"threshold": 1213, "model": {"type": "model", "model": "item/gui/jobs/enabled/hunting_looting"}},
			{"threshold": 1214, "model": {"type": "model", "model": "item/gui/jobs/enabled/hunting_prosperity"}},
			{"threshold": 1215, "model": {"type": "model", "model": "item/gui/jobs/enabled/sword_knock_back"}},
			{"threshold": 1216, "model": {"type": "model", "model": "item/gui/jobs/enabled/sword_fire_aspect"}},
			{"threshold": 1217, "model": {"type": "model", "model": "item/gui/jobs/enabled/sword_sharpness"}},
			{"threshold": 1218, "model": {"type": "model", "model": "item/gui/jobs/enabled/sword_sweeping_edge"}},
			{"threshold": 1219, "model": {"type": "model", "model": "item/gui/jobs/enabled/bow_punch"}},
			{"threshold": 1220, "model": {"type": "model", "model": "item/gui/jobs/enabled/bow_flame"}},
			{"threshold": 1221, "model": {"type": "model", "model": "item/gui/jobs/enabled/bow_power"}},
			{"threshold": 1222, "model": {"type": "model", "model": "item/gui/jobs/enabled/bow_infinity"}},
			{"threshold": 1223, "model": {"type": "model", "model": "item/gui/jobs/enabled/cross_bow_piercing"}},
			{"threshold": 1224, "model": {"type": "model", "model": "item/gui/jobs/enabled/cross_bow_multishot"}},
			{"threshold": 1225, "model": {"type": "model", "model": "item/gui/jobs/enabled/fishing_key"}},
			{"threshold": 1226, "model": {"type": "model", "model": "item/gui/jobs/enabled/fishing_mystery_chest"}},
			{"threshold": 1227, "model": {"type": "model", "model": "item/gui/jobs/enabled/fishing_trader"}},
			{"threshold": 1228, "model": {"type": "model", "model": "item/gui/jobs/enabled/rod_grip_lock"}},
			{"threshold": 1229, "model": {"type": "model", "model": "item/gui/jobs/enabled/rod_speed_bait"}},
			{"threshold": 1230, "model": {"type": "model", "model": "item/gui/jobs/enabled/rod_glow_bait"}},
			{"threshold": 1231, "model": {"type": "model", "model": "item/gui/jobs/enabled/rod_titan_bait"}},
			{"threshold": 1232, "model": {"type": "model", "model": "item/gui/jobs/enabled/rod_luxury_bait"}},
			{"threshold": 1233, "model": {"type": "model", "model": "item/gui/jobs/enabled/farming_key"}},
			{"threshold": 1234, "model": {"type": "model", "model": "item/gui/jobs/enabled/farming_mystery_chest"}},
			{"threshold": 1235, "model": {"type": "model", "model": "item/gui/jobs/enabled/farming_island_expansion"}},
			{"threshold": 1236, "model": {"type": "model", "model": "item/gui/jobs/enabled/scythe_precision_cut"}},
			{"threshold": 1237, "model": {"type": "model", "model": "item/gui/jobs/enabled/scythe_prosperity"}},
			{"threshold": 1238, "model": {"type": "model", "model": "item/gui/jobs/enabled/watering_can_capacity"}},
			{"threshold": 1239, "model": {"type": "model", "model": "item/gui/jobs/enabled/watering_can_spread"}},
			{"threshold": 1240, "model": {"type": "model", "model": "item/gui/jobs/enabled/watering_can_holy_water"}},
			
			{"threshold": 1301, "model": {"type": "model", "model": "item/gui/jobs/disabled/mining_key"}},
			{"threshold": 1302, "model": {"type": "model", "model": "item/gui/jobs/disabled/mining_mystery_chest"}},
			{"threshold": 1303, "model": {"type": "model", "model": "item/gui/jobs/disabled/pickaxe_efficiency"}},
			{"threshold": 1304, "model": {"type": "model", "model": "item/gui/jobs/disabled/pickaxe_midas"}},
			{"threshold": 1305, "model": {"type": "model", "model": "item/gui/jobs/disabled/pickaxe_explosive"}},
			{"threshold": 1306, "model": {"type": "model", "model": "item/gui/jobs/disabled/pickaxe_prosperity"}},
			{"threshold": 1307, "model": {"type": "model", "model": "item/gui/jobs/disabled/pickaxe_cluster_bomb"}},
			{"threshold": 1308, "model": {"type": "model", "model": "item/gui/jobs/disabled/pickaxe_fortune"}},
			{"threshold": 1309, "model": {"type": "model", "model": "item/gui/jobs/disabled/pickaxe_laser"}},
			{"threshold": 1310, "model": {"type": "model", "model": "item/gui/jobs/disabled/pickaxe_drill"}},
			{"threshold": 1311, "model": {"type": "model", "model": "item/gui/jobs/disabled/hunting_key"}},
			{"threshold": 1312, "model": {"type": "model", "model": "item/gui/jobs/disabled/hunting_mystery_chest"}},
			{"threshold": 1313, "model": {"type": "model", "model": "item/gui/jobs/disabled/hunting_looting"}},
			{"threshold": 1314, "model": {"type": "model", "model": "item/gui/jobs/disabled/hunting_prosperity"}},
			{"threshold": 1315, "model": {"type": "model", "model": "item/gui/jobs/disabled/sword_knock_back"}},
			{"threshold": 1316, "model": {"type": "model", "model": "item/gui/jobs/disabled/sword_fire_aspect"}},
			{"threshold": 1317, "model": {"type": "model", "model": "item/gui/jobs/disabled/sword_sharpness"}},
			{"threshold": 1318, "model": {"type": "model", "model": "item/gui/jobs/disabled/sword_sweeping_edge"}},
			{"threshold": 1319, "model": {"type": "model", "model": "item/gui/jobs/disabled/bow_punch"}},
			{"threshold": 1320, "model": {"type": "model", "model": "item/gui/jobs/disabled/bow_flame"}},
			{"threshold": 1321, "model": {"type": "model", "model": "item/gui/jobs/disabled/bow_power"}},
			{"threshold": 1322, "model": {"type": "model", "model": "item/gui/jobs/disabled/bow_infinity"}},
			{"threshold": 1323, "model": {"type": "model", "model": "item/gui/jobs/disabled/cross_bow_piercing"}},
			{"threshold": 1324, "model": {"type": "model", "model": "item/gui/jobs/disabled/cross_bow_multishot"}},
			{"threshold": 1325, "model": {"type": "model", "model": "item/gui/jobs/disabled/fishing_key"}},
			{"threshold": 1326, "model": {"type": "model", "model": "item/gui/jobs/disabled/fishing_mystery_chest"}},
			{"threshold": 1327, "model": {"type": "model", "model": "item/gui/jobs/disabled/fishing_trader"}},
			{"threshold": 1328, "model": {"type": "model", "model": "item/gui/jobs/disabled/rod_grip_lock"}},
			{"threshold": 1329, "model": {"type": "model", "model": "item/gui/jobs/disabled/rod_speed_bait"}},
			{"threshold": 1330, "model": {"type": "model", "model": "item/gui/jobs/disabled/rod_glow_bait"}},
			{"threshold": 1331, "model": {"type": "model", "model": "item/gui/jobs/disabled/rod_titan_bait"}},
			{"threshold": 1332, "model": {"type": "model", "model": "item/gui/jobs/disabled/rod_luxury_bait"}},
			{"threshold": 1333, "model": {"type": "model", "model": "item/gui/jobs/disabled/farming_key"}},
			{"threshold": 1334, "model": {"type": "model", "model": "item/gui/jobs/disabled/farming_mystery_chest"}},
			{"threshold": 1335, "model": {"type": "model", "model": "item/gui/jobs/disabled/farming_island_expansion"}},
			{"threshold": 1336, "model": {"type": "model", "model": "item/gui/jobs/disabled/scythe_precision_cut"}},
			{"threshold": 1337, "model": {"type": "model", "model": "item/gui/jobs/disabled/scythe_prosperity"}},
			{"threshold": 1338, "model": {"type": "model", "model": "item/gui/jobs/disabled/watering_can_capacity"}},
			{"threshold": 1339, "model": {"type": "model", "model": "item/gui/jobs/disabled/watering_can_spread"}},
			{"threshold": 1340, "model": {"type": "model", "model": "item/gui/jobs/disabled/watering_can_holy_water"}},
			
			{"threshold": 1401, "model": {"type": "model", "model": "item/gui/jobs/maxed/mining_key"}},
			{"threshold": 1402, "model": {"type": "model", "model": "item/gui/jobs/maxed/mining_mystery_chest"}},
			{"threshold": 1403, "model": {"type": "model", "model": "item/gui/jobs/maxed/pickaxe_efficiency"}},
			{"threshold": 1404, "model": {"type": "model", "model": "item/gui/jobs/maxed/pickaxe_midas"}},
			{"threshold": 1405, "model": {"type": "model", "model": "item/gui/jobs/maxed/pickaxe_explosive"}},
			{"threshold": 1406, "model": {"type": "model", "model": "item/gui/jobs/maxed/pickaxe_prosperity"}},
			{"threshold": 1407, "model": {"type": "model", "model": "item/gui/jobs/maxed/pickaxe_cluster_bomb"}},
			{"threshold": 1408, "model": {"type": "model", "model": "item/gui/jobs/maxed/pickaxe_fortune"}},
			{"threshold": 1409, "model": {"type": "model", "model": "item/gui/jobs/maxed/pickaxe_laser"}},
			{"threshold": 1410, "model": {"type": "model", "model": "item/gui/jobs/maxed/pickaxe_drill"}},
			{"threshold": 1411, "model": {"type": "model", "model": "item/gui/jobs/maxed/hunting_key"}},
			{"threshold": 1412, "model": {"type": "model", "model": "item/gui/jobs/maxed/hunting_mystery_chest"}},
			{"threshold": 1413, "model": {"type": "model", "model": "item/gui/jobs/maxed/hunting_looting"}},
			{"threshold": 1414, "model": {"type": "model", "model": "item/gui/jobs/maxed/hunting_prosperity"}},
			{"threshold": 1415, "model": {"type": "model", "model": "item/gui/jobs/maxed/sword_knock_back"}},
			{"threshold": 1416, "model": {"type": "model", "model": "item/gui/jobs/maxed/sword_fire_aspect"}},
			{"threshold": 1417, "model": {"type": "model", "model": "item/gui/jobs/maxed/sword_sharpness"}},
			{"threshold": 1418, "model": {"type": "model", "model": "item/gui/jobs/maxed/sword_sweeping_edge"}},
			{"threshold": 1419, "model": {"type": "model", "model": "item/gui/jobs/maxed/bow_punch"}},
			{"threshold": 1420, "model": {"type": "model", "model": "item/gui/jobs/maxed/bow_flame"}},
			{"threshold": 1421, "model": {"type": "model", "model": "item/gui/jobs/maxed/bow_power"}},
			{"threshold": 1422, "model": {"type": "model", "model": "item/gui/jobs/maxed/bow_infinity"}},
			{"threshold": 1423, "model": {"type": "model", "model": "item/gui/jobs/maxed/cross_bow_piercing"}},
			{"threshold": 1424, "model": {"type": "model", "model": "item/gui/jobs/maxed/cross_bow_multishot"}},
			{"threshold": 1425, "model": {"type": "model", "model": "item/gui/jobs/maxed/fishing_key"}},
			{"threshold": 1426, "model": {"type": "model", "model": "item/gui/jobs/maxed/fishing_mystery_chest"}},
			{"threshold": 1427, "model": {"type": "model", "model": "item/gui/jobs/maxed/fishing_trader"}},
			{"threshold": 1428, "model": {"type": "model", "model": "item/gui/jobs/maxed/rod_grip_lock"}},
			{"threshold": 1429, "model": {"type": "model", "model": "item/gui/jobs/maxed/rod_speed_bait"}},
			{"threshold": 1430, "model": {"type": "model", "model": "item/gui/jobs/maxed/rod_glow_bait"}},
			{"threshold": 1431, "model": {"type": "model", "model": "item/gui/jobs/maxed/rod_titan_bait"}},
			{"threshold": 1432, "model": {"type": "model", "model": "item/gui/jobs/maxed/rod_luxury_bait"}},
			{"threshold": 1433, "model": {"type": "model", "model": "item/gui/jobs/maxed/farming_key"}},
			{"threshold": 1434, "model": {"type": "model", "model": "item/gui/jobs/maxed/farming_mystery_chest"}},
			{"threshold": 1435, "model": {"type": "model", "model": "item/gui/jobs/maxed/farming_island_expansion"}},
			{"threshold": 1436, "model": {"type": "model", "model": "item/gui/jobs/maxed/scythe_precision_cut"}},
			{"threshold": 1437, "model": {"type": "model", "model": "item/gui/jobs/maxed/scythe_prosperity"}},
			{"threshold": 1438, "model": {"type": "model", "model": "item/gui/jobs/maxed/watering_can_capacity"}},
			{"threshold": 1439, "model": {"type": "model", "model": "item/gui/jobs/maxed/watering_can_spread"}},
			{"threshold": 1440, "model": {"type": "model", "model": "item/gui/jobs/maxed/watering_can_holy_water"}}
		]
	}
}