{
	"credit": "Made with Blockbench",
	"texture_size": [64, 64],
	"textures": {
		"1": "custom/block/alien_eye_ravage",
		"2": "custom/block/alien",
		"3": "custom/block/alien_lamp_ravage",
		"particle": "custom/block/alien"
	},
	"elements": [
		{
			"from": [0, 19, 0],
			"to": [16, 32, 16],
			"rotation": {"angle": 0, "axis": "y", "origin": [8, 8.14668, 10.45518]},
			"faces": {
				"north": {"uv": [4, 0, 0, 3.25], "texture": "#2"},
				"east": {"uv": [4, 0, 0, 3.25], "texture": "#2"},
				"south": {"uv": [4, 0, 0, 3.25], "texture": "#2"},
				"west": {"uv": [0, 0, 4, 3.25], "texture": "#2"},
				"up": {"uv": [0, 4, 4, 0], "rotation": 90, "texture": "#2"},
				"down": {"uv": [4, 0, 0, 4], "rotation": 90, "texture": "#2"}
			}
		},
		{
			"from": [-12, 14, 5],
			"to": [4, 27, 21],
			"rotation": {"angle": 0, "axis": "y", "origin": [8, 8.14668, 10.45518]},
			"faces": {
				"north": {"uv": [4, 0, 0, 3.25], "texture": "#2"},
				"east": {"uv": [4, 0, 0, 3.25], "texture": "#2"},
				"south": {"uv": [4, 0, 0, 3.25], "texture": "#2"},
				"west": {"uv": [0, 0, 4, 3.25], "texture": "#2"},
				"up": {"uv": [0, 4, 4, 0], "rotation": 90, "texture": "#2"},
				"down": {"uv": [4, 0, 0, 4], "rotation": 90, "texture": "#2"}
			}
		},
		{
			"from": [-12, 12, 5],
			"to": [4, 14, 21],
			"rotation": {"angle": 0, "axis": "y", "origin": [8, 7.14668, 13.45518]},
			"faces": {
				"north": {"uv": [4, 3.5, 0, 4], "texture": "#2"},
				"east": {"uv": [4, 3.5, 0, 4], "texture": "#2"},
				"south": {"uv": [4, 3.5, 0, 4], "texture": "#2"},
				"west": {"uv": [0, 3.5, 4, 4], "texture": "#2"},
				"up": {"uv": [0, 4, 4, 0], "rotation": 90, "texture": "#2"},
				"down": {"uv": [4, 0, 0, 4], "rotation": 90, "texture": "#2"}
			}
		},
		{
			"from": [0, 10, 0],
			"to": [16, 19, 16],
			"rotation": {"angle": 0, "axis": "y", "origin": [8, 7.14668, 13.45518]},
			"faces": {
				"north": {"uv": [4, 1.75, 0, 4], "texture": "#2"},
				"east": {"uv": [4, 1.75, 0, 4], "texture": "#2"},
				"south": {"uv": [4, 1.75, 0, 4], "texture": "#2"},
				"west": {"uv": [0, 1.75, 4, 4], "texture": "#2"},
				"up": {"uv": [0, 4, 4, 0], "rotation": 90, "texture": "#2"},
				"down": {"uv": [4, 0, 0, 4], "rotation": 90, "texture": "#2"}
			}
		},
		{
			"from": [12, 12, 5],
			"to": [28, 14, 21],
			"rotation": {"angle": 0, "axis": "y", "origin": [8, 7.14668, 13.45518]},
			"faces": {
				"north": {"uv": [0, 3.5, 4, 4], "texture": "#2"},
				"east": {"uv": [4, 3.5, 0, 4], "texture": "#2"},
				"south": {"uv": [0, 3.5, 4, 4], "texture": "#2"},
				"west": {"uv": [0, 3.5, 4, 4], "texture": "#2"},
				"up": {"uv": [0, 0, 4, 4], "rotation": 90, "texture": "#2"},
				"down": {"uv": [4, 4, 0, 0], "rotation": 90, "texture": "#2"}
			}
		},
		{
			"from": [12, 14, 5],
			"to": [28, 27, 21],
			"rotation": {"angle": 0, "axis": "y", "origin": [8, 8.14668, 10.45518]},
			"faces": {
				"north": {"uv": [0, 0, 4, 3.25], "texture": "#2"},
				"east": {"uv": [4, 0, 0, 3.25], "texture": "#2"},
				"south": {"uv": [0, 0, 4, 3.25], "texture": "#2"},
				"west": {"uv": [0, 0, 4, 3.25], "texture": "#2"},
				"up": {"uv": [0, 0, 4, 4], "rotation": 90, "texture": "#2"},
				"down": {"uv": [4, 4, 0, 0], "rotation": 90, "texture": "#2"}
			}
		},
		{
			"from": [-0.005, 15.51256, 12.33058],
			"to": [16.005, 31.51256, 25.33058],
			"rotation": {"angle": -45, "axis": "x", "origin": [8, 23.51256, 18.83058]},
			"faces": {
				"north": {"uv": [0, 4, 4, 0], "rotation": 90, "texture": "#2"},
				"east": {"uv": [0, 12.25, 4, 9], "rotation": 90, "texture": "#2"},
				"south": {"uv": [4, 0, 0, 4], "rotation": 270, "texture": "#2"},
				"west": {"uv": [4, 12.25, 0, 9], "rotation": 270, "texture": "#2"},
				"up": {"uv": [0, 3.25, 4, 0], "texture": "#2"},
				"down": {"uv": [0, 9, 4, 5.75], "rotation": 180, "texture": "#2"}
			}
		},
		{
			"from": [0, 7.51256, 8.33058],
			"to": [16, 23.51256, 21.33058],
			"rotation": {"angle": -45, "axis": "x", "origin": [8, 23.51256, 18.83058]},
			"faces": {
				"north": {"uv": [0, 0, 4, 4], "rotation": 90, "texture": "#2"},
				"east": {"uv": [4, 5.75, 0, 9], "rotation": 270, "texture": "#2"},
				"south": {"uv": [4, 4, 0, 0], "rotation": 270, "texture": "#2"},
				"west": {"uv": [0, 5.75, 4, 9], "rotation": 90, "texture": "#2"},
				"up": {"uv": [4, 3.25, 0, 0], "texture": "#2"},
				"down": {"uv": [4, 9, 0, 5.75], "rotation": 180, "texture": "#2"}
			}
		},
		{
			"from": [-2, 5, -2],
			"to": [18, 10, 18],
			"rotation": {"angle": 0, "axis": "y", "origin": [8, 0.14668, 10.45518]},
			"faces": {
				"north": {"uv": [9, 5, 4, 6.25], "texture": "#2"},
				"east": {"uv": [9, 5, 4, 6.25], "texture": "#2"},
				"south": {"uv": [9, 5, 4, 6.25], "texture": "#2"},
				"west": {"uv": [4, 5, 9, 6.25], "texture": "#2"},
				"up": {"uv": [4, 5, 9, 0], "rotation": 90, "texture": "#2"},
				"down": {"uv": [9, 0, 4, 5], "rotation": 90, "texture": "#2"}
			}
		},
		{
			"from": [7, -5.03555, -2.55702],
			"to": [9, 1.96445, -0.55702],
			"rotation": {"angle": -22.5, "axis": "x", "origin": [8, -6, 4]},
			"faces": {
				"north": {"uv": [3.75, 2, 3.25, 3.75], "texture": "#2"},
				"east": {"uv": [4, 2, 3.5, 3.75], "texture": "#2"},
				"south": {"uv": [1, 2, 0.5, 3.75], "texture": "#2"},
				"west": {"uv": [3.5, 2, 4, 3.75], "texture": "#2"},
				"up": {"uv": [2.25, 2.25, 2.75, 2.75], "rotation": 90, "texture": "#2"},
				"down": {"uv": [4, 0, 3.5, 0.5], "rotation": 90, "texture": "#2"}
			}
		},
		{
			"from": [7, 0.96445, -0.55702],
			"to": [9, 2.96445, 8.44298],
			"rotation": {"angle": -22.5, "axis": "x", "origin": [8, -6, 4]},
			"faces": {
				"north": {"uv": [1, 2, 0.5, 2.5], "texture": "#2"},
				"east": {"uv": [2.25, 3.5, 0, 4], "texture": "#2"},
				"south": {"uv": [1, 2, 0.5, 2.5], "texture": "#2"},
				"west": {"uv": [0, 3.5, 2.25, 4], "texture": "#2"},
				"up": {"uv": [1.75, 0.5, 4, 0], "rotation": 90, "texture": "#2"},
				"down": {"uv": [4, 3.5, 1.75, 4], "rotation": 90, "texture": "#2"}
			}
		},
		{
			"from": [6, 6, -4],
			"to": [10, 13, 3],
			"rotation": {"angle": 0, "axis": "x", "origin": [8, 1.33637, 0.89946]},
			"faces": {
				"north": {"uv": [1, 2.25, 0, 4], "texture": "#2"},
				"east": {"uv": [1.75, 0, 0, 1.75], "texture": "#2"},
				"south": {"uv": [1, 2.25, 0, 4], "texture": "#2"},
				"west": {"uv": [0, 0, 1.75, 1.75], "texture": "#2"},
				"up": {"uv": [2.25, 1, 4, 0], "rotation": 90, "texture": "#2"},
				"down": {"uv": [2.25, 0, 4, 1], "rotation": 90, "texture": "#2"}
			}
		},
		{
			"from": [2, 7, -3],
			"to": [5, 12, 4],
			"rotation": {"angle": 0, "axis": "x", "origin": [8, 1.33637, 0.89946]},
			"faces": {
				"north": {"uv": [0.75, 2.75, 0, 4], "texture": "#2"},
				"east": {"uv": [1.75, 0, 0, 1.25], "texture": "#2"},
				"south": {"uv": [0.75, 2.75, 0, 4], "texture": "#2"},
				"west": {"uv": [0, 0, 1.75, 1.25], "texture": "#2"},
				"up": {"uv": [1.75, 0.75, 3.5, 0], "rotation": 90, "texture": "#2"},
				"down": {"uv": [2.25, 2.25, 4, 3], "rotation": 90, "texture": "#2"}
			}
		},
		{
			"from": [11, 7, -3],
			"to": [14, 12, 4],
			"rotation": {"angle": 0, "axis": "x", "origin": [8, 1.33637, 0.89946]},
			"faces": {
				"north": {"uv": [0, 2.75, 0.75, 4], "texture": "#2"},
				"east": {"uv": [1.75, 0, 0, 1.25], "texture": "#2"},
				"south": {"uv": [0, 2.75, 0.75, 4], "texture": "#2"},
				"west": {"uv": [0, 0, 1.75, 1.25], "texture": "#2"},
				"up": {"uv": [1.75, 0, 3.5, 0.75], "rotation": 90, "texture": "#2"},
				"down": {"uv": [2.25, 3, 4, 2.25], "rotation": 90, "texture": "#2"}
			}
		},
		{
			"from": [7, -0.03555, -0.55702],
			"to": [9, 0.96445, 0.44298],
			"rotation": {"angle": -22.5, "axis": "x", "origin": [8, -6, 4]},
			"faces": {
				"north": {"uv": [1, 2, 0.5, 2.25], "texture": "#2"},
				"east": {"uv": [0.5, 3.5, 0.25, 3.75], "texture": "#2"},
				"south": {"uv": [0.75, 3.75, 0.25, 4], "texture": "#2"},
				"west": {"uv": [0.25, 3.5, 0.5, 3.75], "texture": "#2"},
				"up": {"uv": [2.75, 0.5, 3, 0], "rotation": 90, "texture": "#2"},
				"down": {"uv": [4, 3.5, 3.75, 4], "rotation": 90, "texture": "#2"}
			}
		},
		{
			"from": [7.5, -14.27866, -13.33292],
			"to": [8.5, -3.27866, -12.33292],
			"rotation": {"angle": -22.5, "axis": "x", "origin": [8, -6, 4]},
			"faces": {
				"north": {"uv": [9.75, 6.5, 9.5, 9.25], "texture": "#2"},
				"east": {"uv": [9.75, 6.5, 9.5, 9.25], "texture": "#2"},
				"south": {"uv": [9.75, 6.5, 9.5, 9.25], "texture": "#2"},
				"west": {"uv": [9.5, 6.5, 9.75, 9.25], "texture": "#2"},
				"up": {"uv": [9.5, 6.75, 9.75, 6.5], "rotation": 90, "texture": "#2"},
				"down": {"uv": [9.75, 9, 9.5, 9.25], "rotation": 90, "texture": "#2"}
			}
		},
		{
			"from": [7.5, -15.27866, -12.33292],
			"to": [8.5, -3.27866, -10.33292],
			"rotation": {"angle": -22.5, "axis": "x", "origin": [8, -6, 4]},
			"faces": {
				"north": {"uv": [10.25, 6.5, 10, 9.5], "texture": "#2"},
				"east": {"uv": [10.25, 6.5, 9.75, 9.5], "texture": "#2"},
				"south": {"uv": [10.25, 6.5, 10, 9.5], "texture": "#2"},
				"west": {"uv": [9.75, 6.5, 10.25, 9.5], "texture": "#2"},
				"up": {"uv": [9.75, 6.75, 10.25, 6.5], "rotation": 90, "texture": "#2"},
				"down": {"uv": [10.25, 9.25, 9.75, 9.5], "rotation": 90, "texture": "#2"}
			}
		},
		{
			"from": [7.5, -12.27866, -14.33292],
			"to": [8.5, -3.27866, -13.33292],
			"rotation": {"angle": -22.5, "axis": "x", "origin": [8, -6, 4]},
			"faces": {
				"north": {"uv": [9.5, 6.5, 9.25, 8.75], "texture": "#2"},
				"east": {"uv": [9.5, 6.5, 9.25, 8.75], "texture": "#2"},
				"south": {"uv": [9.5, 6.5, 9.25, 8.75], "texture": "#2"},
				"west": {"uv": [9.25, 6.5, 9.5, 8.75], "texture": "#2"},
				"up": {"uv": [9.25, 6.75, 9.5, 6.5], "rotation": 90, "texture": "#2"},
				"down": {"uv": [9.5, 8.5, 9.25, 8.75], "rotation": 90, "texture": "#2"}
			}
		},
		{
			"from": [7.5, -9.27866, -15.33292],
			"to": [8.5, -3.27866, -14.33292],
			"rotation": {"angle": -22.5, "axis": "x", "origin": [8, -6, 4]},
			"faces": {
				"north": {"uv": [9.25, 6.5, 9, 8], "texture": "#2"},
				"east": {"uv": [9.25, 6.5, 9, 8], "texture": "#2"},
				"south": {"uv": [9.25, 6.5, 9, 8], "texture": "#2"},
				"west": {"uv": [9, 6.5, 9.25, 8], "texture": "#2"},
				"up": {"uv": [9, 6.75, 9.25, 6.5], "rotation": 90, "texture": "#2"},
				"down": {"uv": [9.25, 7.75, 9, 8], "rotation": 90, "texture": "#2"}
			}
		},
		{
			"from": [6, -11, -4],
			"to": [10, -7, 0],
			"rotation": {"angle": 0, "axis": "x", "origin": [8, -6, 4]},
			"faces": {
				"north": {"uv": [10, 5.25, 9, 6.25], "texture": "#2"},
				"east": {"uv": [9, 4.25, 10, 5.25], "texture": "#2"},
				"south": {"uv": [10, 5.25, 9, 6.25], "texture": "#2"},
				"west": {"uv": [10, 4.25, 9, 5.25], "texture": "#2"},
				"up": {"uv": [10, 6.25, 9, 5.25], "texture": "#2"},
				"down": {"uv": [9, 5.25, 10, 6.25], "rotation": 180, "texture": "#2"}
			}
		},
		{
			"from": [-6, 5, 1],
			"to": [-2, 9, 5],
			"rotation": {"angle": 0, "axis": "z", "origin": [-4, 16, 8]},
			"faces": {
				"north": {"uv": [4, 3, 0, 7], "rotation": 90, "texture": "#3"},
				"east": {"uv": [0, 4, 4, 0], "rotation": 180, "texture": "#3"},
				"south": {"uv": [0, 3, 4, 7], "rotation": 270, "texture": "#3"},
				"west": {"uv": [4, 0, 0, 4], "rotation": 180, "texture": "#3"},
				"up": {"uv": [4, 7, 0, 3], "rotation": 90, "texture": "#3"},
				"down": {"uv": [4, 7, 0, 3], "rotation": 90, "texture": "#3"}
			}
		},
		{
			"from": [18, 5, 1],
			"to": [22, 9, 5],
			"rotation": {"angle": 0, "axis": "z", "origin": [20, 16, 8]},
			"faces": {
				"north": {"uv": [4, 7, 0, 3], "rotation": 90, "texture": "#3"},
				"east": {"uv": [0, 0, 4, 4], "rotation": 180, "texture": "#3"},
				"south": {"uv": [0, 7, 4, 3], "rotation": 270, "texture": "#3"},
				"west": {"uv": [4, 4, 0, 0], "rotation": 180, "texture": "#3"},
				"up": {"uv": [4, 3, 0, 7], "rotation": 90, "texture": "#3"},
				"down": {"uv": [4, 3, 0, 7], "rotation": 90, "texture": "#3"}
			}
		},
		{
			"from": [18, 5, 11],
			"to": [22, 9, 15],
			"rotation": {"angle": 0, "axis": "z", "origin": [20, 16, 8]},
			"faces": {
				"north": {"uv": [4, 7, 0, 3], "rotation": 90, "texture": "#3"},
				"east": {"uv": [0, 0, 4, 4], "rotation": 180, "texture": "#3"},
				"south": {"uv": [0, 7, 4, 3], "rotation": 270, "texture": "#3"},
				"west": {"uv": [4, 4, 0, 0], "rotation": 180, "texture": "#3"},
				"up": {"uv": [4, 3, 0, 7], "rotation": 90, "texture": "#3"},
				"down": {"uv": [4, 3, 0, 7], "rotation": 90, "texture": "#3"}
			}
		},
		{
			"from": [-6, 5, 11],
			"to": [-2, 9, 15],
			"rotation": {"angle": 0, "axis": "z", "origin": [-4, 16, 8]},
			"faces": {
				"north": {"uv": [4, 3, 0, 7], "rotation": 90, "texture": "#3"},
				"east": {"uv": [0, 4, 4, 0], "rotation": 180, "texture": "#3"},
				"south": {"uv": [0, 3, 4, 7], "rotation": 270, "texture": "#3"},
				"west": {"uv": [4, 0, 0, 4], "rotation": 180, "texture": "#3"},
				"up": {"uv": [4, 7, 0, 3], "rotation": 90, "texture": "#3"},
				"down": {"uv": [4, 7, 0, 3], "rotation": 90, "texture": "#3"}
			}
		},
		{
			"from": [6, -6.27866, -13.33292],
			"to": [10, -1.27866, -8.33292],
			"rotation": {"angle": -22.5, "axis": "x", "origin": [8, -6, 4]},
			"faces": {
				"north": {"uv": [10, 5.25, 9, 6.5], "texture": "#2"},
				"east": {"uv": [11.25, 4.25, 10, 5.5], "texture": "#2"},
				"south": {"uv": [10, 5.25, 9, 6.5], "texture": "#2"},
				"west": {"uv": [10, 4.25, 11.25, 5.5], "texture": "#2"},
				"up": {"uv": [10, 5.25, 9, 6.5], "texture": "#2"},
				"down": {"uv": [9, 6.5, 10, 5.25], "texture": "#2"}
			}
		},
		{
			"from": [7, -10, -9],
			"to": [9, -8, -4],
			"rotation": {"angle": 0, "axis": "x", "origin": [8, -6, 4]},
			"faces": {
				"north": {"uv": [0.5, 4.5, 0, 5], "rotation": 90, "texture": "#2"},
				"east": {"uv": [4, 7.75, 4.5, 6.5], "rotation": 270, "texture": "#2"},
				"south": {"uv": [0, 5, 0.5, 4.5], "rotation": 270, "texture": "#2"},
				"west": {"uv": [4.5, 7.75, 4, 6.5], "rotation": 90, "texture": "#2"},
				"up": {"uv": [9, 5.25, 7.75, 5.75], "rotation": 90, "texture": "#2"},
				"down": {"uv": [9, 6, 7.75, 6.5], "rotation": 90, "texture": "#2"}
			}
		},
		{
			"from": [7, -0.03555, 15.55702],
			"to": [9, 0.96445, 16.55702],
			"rotation": {"angle": 22.5, "axis": "x", "origin": [8, -6, 12]},
			"faces": {
				"north": {"uv": [0.75, 3.75, 0.25, 4], "texture": "#2"},
				"east": {"uv": [0.25, 3.5, 0.5, 3.75], "texture": "#2"},
				"south": {"uv": [1, 2, 0.5, 2.25], "texture": "#2"},
				"west": {"uv": [0.5, 3.5, 0.25, 3.75], "texture": "#2"},
				"up": {"uv": [2.75, 0.5, 3, 0], "rotation": 270, "texture": "#2"},
				"down": {"uv": [4, 3.5, 3.75, 4], "rotation": 270, "texture": "#2"}
			}
		},
		{
			"from": [7, 0.96445, 7.55702],
			"to": [9, 2.96445, 16.55702],
			"rotation": {"angle": 22.5, "axis": "x", "origin": [8, -6, 12]},
			"faces": {
				"north": {"uv": [1, 2, 0.5, 2.5], "texture": "#2"},
				"east": {"uv": [0, 3.5, 2.25, 4], "texture": "#2"},
				"south": {"uv": [1, 2, 0.5, 2.5], "texture": "#2"},
				"west": {"uv": [2.25, 3.5, 0, 4], "texture": "#2"},
				"up": {"uv": [1.75, 0.5, 4, 0], "rotation": 270, "texture": "#2"},
				"down": {"uv": [4, 3.5, 1.75, 4], "rotation": 270, "texture": "#2"}
			}
		},
		{
			"from": [7, -5.03555, 16.55702],
			"to": [9, 1.96445, 18.55702],
			"rotation": {"angle": 22.5, "axis": "x", "origin": [8, -6, 12]},
			"faces": {
				"north": {"uv": [1, 2, 0.5, 3.75], "texture": "#2"},
				"east": {"uv": [3.5, 2, 4, 3.75], "texture": "#2"},
				"south": {"uv": [3.75, 2, 3.25, 3.75], "texture": "#2"},
				"west": {"uv": [4, 2, 3.5, 3.75], "texture": "#2"},
				"up": {"uv": [2.25, 2.25, 2.75, 2.75], "rotation": 270, "texture": "#2"},
				"down": {"uv": [4, 0, 3.5, 0.5], "rotation": 270, "texture": "#2"}
			}
		},
		{
			"from": [6, -11, 16],
			"to": [10, -7, 20],
			"rotation": {"angle": 0, "axis": "x", "origin": [8, -6, 12]},
			"faces": {
				"north": {"uv": [10, 5.25, 9, 6.25], "texture": "#2"},
				"east": {"uv": [10, 4.25, 9, 5.25], "texture": "#2"},
				"south": {"uv": [10, 5.25, 9, 6.25], "texture": "#2"},
				"west": {"uv": [9, 4.25, 10, 5.25], "texture": "#2"},
				"up": {"uv": [10, 6.25, 9, 5.25], "rotation": 180, "texture": "#2"},
				"down": {"uv": [9, 5.25, 10, 6.25], "texture": "#2"}
			}
		},
		{
			"from": [7, -10, 20],
			"to": [9, -8, 25],
			"rotation": {"angle": 0, "axis": "x", "origin": [8, -6, 12]},
			"faces": {
				"north": {"uv": [0, 5, 0.5, 4.5], "rotation": 270, "texture": "#2"},
				"east": {"uv": [4.5, 7.75, 4, 6.5], "rotation": 90, "texture": "#2"},
				"south": {"uv": [0.5, 4.5, 0, 5], "rotation": 90, "texture": "#2"},
				"west": {"uv": [4, 7.75, 4.5, 6.5], "rotation": 270, "texture": "#2"},
				"up": {"uv": [9, 5.25, 7.75, 5.75], "rotation": 270, "texture": "#2"},
				"down": {"uv": [9, 6, 7.75, 6.5], "rotation": 270, "texture": "#2"}
			}
		},
		{
			"from": [6, -6.27866, 24.33292],
			"to": [10, -1.27866, 29.33292],
			"rotation": {"angle": 22.5, "axis": "x", "origin": [8, -6, 12]},
			"faces": {
				"north": {"uv": [10, 5.25, 9, 6.5], "texture": "#2"},
				"east": {"uv": [10, 4.25, 11.25, 5.5], "texture": "#2"},
				"south": {"uv": [10, 5.25, 9, 6.5], "texture": "#2"},
				"west": {"uv": [11.25, 4.25, 10, 5.5], "texture": "#2"},
				"up": {"uv": [10, 5.25, 9, 6.5], "rotation": 180, "texture": "#2"},
				"down": {"uv": [9, 6.5, 10, 5.25], "rotation": 180, "texture": "#2"}
			}
		},
		{
			"from": [7.5, -15.27866, 26.33292],
			"to": [8.5, -3.27866, 28.33292],
			"rotation": {"angle": 22.5, "axis": "x", "origin": [8, -6, 12]},
			"faces": {
				"north": {"uv": [10.25, 6.5, 10, 9.5], "texture": "#2"},
				"east": {"uv": [9.75, 6.5, 10.25, 9.5], "texture": "#2"},
				"south": {"uv": [10.25, 6.5, 10, 9.5], "texture": "#2"},
				"west": {"uv": [10.25, 6.5, 9.75, 9.5], "texture": "#2"},
				"up": {"uv": [9.75, 6.75, 10.25, 6.5], "rotation": 270, "texture": "#2"},
				"down": {"uv": [10.25, 9.25, 9.75, 9.5], "rotation": 270, "texture": "#2"}
			}
		},
		{
			"from": [7.5, -14.27866, 28.33292],
			"to": [8.5, -3.27866, 29.33292],
			"rotation": {"angle": 22.5, "axis": "x", "origin": [8, -6, 12]},
			"faces": {
				"north": {"uv": [9.75, 6.5, 9.5, 9.25], "texture": "#2"},
				"east": {"uv": [9.5, 6.5, 9.75, 9.25], "texture": "#2"},
				"south": {"uv": [9.75, 6.5, 9.5, 9.25], "texture": "#2"},
				"west": {"uv": [9.75, 6.5, 9.5, 9.25], "texture": "#2"},
				"up": {"uv": [9.5, 6.75, 9.75, 6.5], "rotation": 270, "texture": "#2"},
				"down": {"uv": [9.75, 9, 9.5, 9.25], "rotation": 270, "texture": "#2"}
			}
		},
		{
			"from": [7.5, -12.27866, 29.33292],
			"to": [8.5, -3.27866, 30.33292],
			"rotation": {"angle": 22.5, "axis": "x", "origin": [8, -6, 12]},
			"faces": {
				"north": {"uv": [9.5, 6.5, 9.25, 8.75], "texture": "#2"},
				"east": {"uv": [9.25, 6.5, 9.5, 8.75], "texture": "#2"},
				"south": {"uv": [9.5, 6.5, 9.25, 8.75], "texture": "#2"},
				"west": {"uv": [9.5, 6.5, 9.25, 8.75], "texture": "#2"},
				"up": {"uv": [9.25, 6.75, 9.5, 6.5], "rotation": 270, "texture": "#2"},
				"down": {"uv": [9.5, 8.5, 9.25, 8.75], "rotation": 270, "texture": "#2"}
			}
		},
		{
			"from": [7.5, -9.27866, 30.33292],
			"to": [8.5, -3.27866, 31.33292],
			"rotation": {"angle": 22.5, "axis": "x", "origin": [8, -6, 12]},
			"faces": {
				"north": {"uv": [9.25, 6.5, 9, 8], "texture": "#2"},
				"east": {"uv": [9, 6.5, 9.25, 8], "texture": "#2"},
				"south": {"uv": [9.25, 6.5, 9, 8], "texture": "#2"},
				"west": {"uv": [9.25, 6.5, 9, 8], "texture": "#2"},
				"up": {"uv": [9, 6.75, 9.25, 6.5], "rotation": 270, "texture": "#2"},
				"down": {"uv": [9.25, 7.75, 9, 8], "rotation": 270, "texture": "#2"}
			}
		},
		{
			"from": [1, 2, 1],
			"to": [15, 5, 15],
			"rotation": {"angle": 45, "axis": "y", "origin": [8, 2.75, 8]},
			"faces": {
				"north": {"uv": [12.5, 3.5, 9, 4.25], "texture": "#2"},
				"east": {"uv": [12.5, 3.5, 9, 4.25], "texture": "#2"},
				"south": {"uv": [12.5, 3.5, 9, 4.25], "texture": "#2"},
				"west": {"uv": [9, 3.5, 12.5, 4.25], "texture": "#2"},
				"up": {"uv": [9, 3.5, 12.5, 0], "rotation": 90, "texture": "#2"},
				"down": {"uv": [12.5, 0, 9, 3.5], "rotation": 90, "texture": "#2"}
			}
		},
		{
			"from": [8, -1, 6],
			"to": [13, 5, 10],
			"rotation": {"angle": 45, "axis": "y", "origin": [8, 2.75, 8]},
			"faces": {
				"north": {"uv": [5, 6.25, 6.25, 7.75], "texture": "#2"},
				"east": {"uv": [5, 6.25, 4, 7.75], "texture": "#2"},
				"south": {"uv": [6.25, 6.25, 5, 7.75], "texture": "#2"},
				"west": {"uv": [5, 6.25, 4, 7.75], "texture": "#2"},
				"up": {"uv": [6.25, 7.75, 5, 8.75], "texture": "#2"},
				"down": {"uv": [5, 8.75, 6.25, 7.75], "rotation": 180, "texture": "#2"}
			}
		},
		{
			"from": [3, -1, 6],
			"to": [8, 5, 10],
			"rotation": {"angle": 45, "axis": "y", "origin": [8, 2.75, 8]},
			"faces": {
				"north": {"uv": [7.75, 6.25, 9, 7.75], "texture": "#2"},
				"east": {"uv": [5, 6.25, 4, 7.75], "texture": "#2"},
				"south": {"uv": [9, 6.25, 7.75, 7.75], "texture": "#2"},
				"west": {"uv": [5, 6.25, 4, 7.75], "texture": "#2"},
				"up": {"uv": [9, 7.75, 7.75, 8.75], "texture": "#2"},
				"down": {"uv": [7.75, 8.75, 9, 7.75], "rotation": 180, "texture": "#2"}
			}
		},
		{
			"from": [6, -0.99, 3],
			"to": [10, 5.01, 8],
			"rotation": {"angle": 45, "axis": "y", "origin": [8, 2.75, 8]},
			"faces": {
				"north": {"uv": [5, 6.25, 4, 7.75], "texture": "#2"},
				"east": {"uv": [6.25, 6.25, 5, 7.75], "texture": "#2"},
				"south": {"uv": [5, 6.25, 4, 7.75], "texture": "#2"},
				"west": {"uv": [5, 6.25, 6.25, 7.75], "texture": "#2"},
				"up": {"uv": [5, 8.75, 6.25, 7.75], "rotation": 90, "texture": "#2"},
				"down": {"uv": [6.25, 7.75, 5, 8.75], "rotation": 90, "texture": "#2"}
			}
		},
		{
			"from": [6, -0.99, 8],
			"to": [10, 5.01, 13],
			"rotation": {"angle": 45, "axis": "y", "origin": [8, 2.75, 8]},
			"faces": {
				"north": {"uv": [5, 6.25, 4, 7.75], "texture": "#2"},
				"east": {"uv": [9, 6.25, 7.75, 7.75], "texture": "#2"},
				"south": {"uv": [5, 6.25, 4, 7.75], "texture": "#2"},
				"west": {"uv": [7.75, 6.25, 9, 7.75], "texture": "#2"},
				"up": {"uv": [7.75, 8.75, 9, 7.75], "rotation": 90, "texture": "#2"},
				"down": {"uv": [9, 7.75, 7.75, 8.75], "rotation": 90, "texture": "#2"}
			}
		},
		{
			"from": [-8, 16, 1],
			"to": [0, 25, 5],
			"rotation": {"angle": 0, "axis": "z", "origin": [6.5, 21, -3.5]},
			"faces": {
				"north": {"uv": [8, 0, 0, 9], "texture": "#1"},
				"east": {"uv": [12, 0, 8, 9], "texture": "#1"},
				"south": {"uv": [1, 0, 0, 1], "texture": "#1"},
				"west": {"uv": [8, 0, 12, 9], "texture": "#1"},
				"up": {"uv": [0, 13, 8, 9], "rotation": 180, "texture": "#1"},
				"down": {"uv": [0, 9, 8, 13], "rotation": 180, "texture": "#1"}
			}
		},
		{
			"from": [16, 16, 1],
			"to": [24, 25, 5],
			"rotation": {"angle": 0, "axis": "z", "origin": [6.5, 21, -3.5]},
			"faces": {
				"north": {"uv": [8, 0, 0, 9], "texture": "#1"},
				"east": {"uv": [12, 0, 8, 9], "texture": "#1"},
				"south": {"uv": [1, 0, 0, 1], "texture": "#1"},
				"west": {"uv": [8, 0, 12, 9], "texture": "#1"},
				"up": {"uv": [0, 13, 8, 9], "rotation": 180, "texture": "#1"},
				"down": {"uv": [0, 9, 8, 13], "rotation": 180, "texture": "#1"}
			}
		},
		{
			"from": [4, 21, -4],
			"to": [12, 30, 0],
			"rotation": {"angle": 0, "axis": "z", "origin": [6.5, 21, -3.5]},
			"faces": {
				"north": {"uv": [8, 0, 0, 9], "texture": "#1"},
				"east": {"uv": [12, 0, 8, 9], "texture": "#1"},
				"south": {"uv": [1, 0, 0, 1], "texture": "#1"},
				"west": {"uv": [8, 0, 12, 9], "texture": "#1"},
				"up": {"uv": [0, 13, 8, 9], "rotation": 180, "texture": "#1"},
				"down": {"uv": [0, 9, 8, 13], "rotation": 180, "texture": "#1"}
			}
		},
		{
			"from": [7.55702, 2.21445, 14],
			"to": [16.55702, 4.21445, 16],
			"rotation": {"angle": -22.5, "axis": "z", "origin": [12, -4.75, 15]},
			"faces": {
				"north": {"uv": [0, 3.5, 2.25, 4], "texture": "#2"},
				"east": {"uv": [1, 2, 0.5, 2.5], "texture": "#2"},
				"south": {"uv": [2.25, 3.5, 0, 4], "texture": "#2"},
				"west": {"uv": [1, 2, 0.5, 2.5], "texture": "#2"},
				"up": {"uv": [4, 0, 1.75, 0.5], "texture": "#2"},
				"down": {"uv": [1.75, 4, 4, 3.5], "rotation": 180, "texture": "#2"}
			}
		},
		{
			"from": [16.55702, -3.78555, 14],
			"to": [18.55702, 3.21445, 16],
			"rotation": {"angle": -22.5, "axis": "z", "origin": [12, -4.75, 15]},
			"faces": {
				"north": {"uv": [3.5, 2, 4, 3.75], "texture": "#2"},
				"east": {"uv": [3.75, 2, 3.25, 3.75], "texture": "#2"},
				"south": {"uv": [4, 2, 3.5, 3.75], "texture": "#2"},
				"west": {"uv": [1, 2, 0.5, 3.75], "texture": "#2"},
				"up": {"uv": [2.75, 2.75, 2.25, 2.25], "texture": "#2"},
				"down": {"uv": [3.5, 0.5, 4, 0], "rotation": 180, "texture": "#2"}
			}
		},
		{
			"from": [15.55702, 1.21445, 14],
			"to": [16.55702, 2.21445, 16],
			"rotation": {"angle": -22.5, "axis": "z", "origin": [12, -4.75, 15]},
			"faces": {
				"north": {"uv": [0.25, 3.5, 0.5, 3.75], "texture": "#2"},
				"east": {"uv": [1, 2, 0.5, 2.25], "texture": "#2"},
				"south": {"uv": [0.5, 3.5, 0.25, 3.75], "texture": "#2"},
				"west": {"uv": [0.75, 3.75, 0.25, 4], "texture": "#2"},
				"up": {"uv": [3, 0, 2.75, 0.5], "texture": "#2"},
				"down": {"uv": [3.75, 4, 4, 3.5], "rotation": 180, "texture": "#2"}
			}
		},
		{
			"from": [16, -9.75, 13],
			"to": [20, -5.75, 17],
			"rotation": {"angle": 0, "axis": "x", "origin": [12, -4.75, 15]},
			"faces": {
				"north": {"uv": [10, 4.25, 9, 5.25], "texture": "#2"},
				"east": {"uv": [10, 5.25, 9, 6.25], "texture": "#2"},
				"south": {"uv": [9, 4.25, 10, 5.25], "texture": "#2"},
				"west": {"uv": [10, 5.25, 9, 6.25], "texture": "#2"},
				"up": {"uv": [9, 5.25, 10, 6.25], "rotation": 270, "texture": "#2"},
				"down": {"uv": [10, 6.25, 9, 5.25], "rotation": 270, "texture": "#2"}
			}
		},
		{
			"from": [20, -8.75, 14],
			"to": [25, -6.75, 16],
			"rotation": {"angle": 0, "axis": "x", "origin": [12, -4.75, 15]},
			"faces": {
				"north": {"uv": [4.5, 7.75, 4, 6.5], "rotation": 90, "texture": "#2"},
				"east": {"uv": [0.5, 4.5, 0, 5], "rotation": 90, "texture": "#2"},
				"south": {"uv": [4, 7.75, 4.5, 6.5], "rotation": 270, "texture": "#2"},
				"west": {"uv": [0, 5, 0.5, 4.5], "rotation": 270, "texture": "#2"},
				"up": {"uv": [7.75, 5.75, 9, 5.25], "texture": "#2"},
				"down": {"uv": [7.75, 6.5, 9, 6], "rotation": 180, "texture": "#2"}
			}
		},
		{
			"from": [24.33292, -5.02866, 13],
			"to": [29.33292, -0.02866, 17],
			"rotation": {"angle": -22.5, "axis": "z", "origin": [12, -4.75, 15]},
			"faces": {
				"north": {"uv": [10, 4.25, 11.25, 5.5], "texture": "#2"},
				"east": {"uv": [10, 5.25, 9, 6.5], "texture": "#2"},
				"south": {"uv": [11.25, 4.25, 10, 5.5], "texture": "#2"},
				"west": {"uv": [10, 5.25, 9, 6.5], "texture": "#2"},
				"up": {"uv": [9, 6.5, 10, 5.25], "rotation": 270, "texture": "#2"},
				"down": {"uv": [10, 5.25, 9, 6.5], "rotation": 90, "texture": "#2"}
			}
		},
		{
			"from": [30.33292, -8.02866, 14.5],
			"to": [31.33292, -2.02866, 15.5],
			"rotation": {"angle": -22.5, "axis": "z", "origin": [12, -4.75, 15]},
			"faces": {
				"north": {"uv": [9, 6.5, 9.25, 8], "texture": "#2"},
				"east": {"uv": [9.25, 6.5, 9, 8], "texture": "#2"},
				"south": {"uv": [9.25, 6.5, 9, 8], "texture": "#2"},
				"west": {"uv": [9.25, 6.5, 9, 8], "texture": "#2"},
				"up": {"uv": [9.25, 6.5, 9, 6.75], "texture": "#2"},
				"down": {"uv": [9, 8, 9.25, 7.75], "rotation": 180, "texture": "#2"}
			}
		},
		{
			"from": [29.33292, -11.02866, 14.5],
			"to": [30.33292, -2.02866, 15.5],
			"rotation": {"angle": -22.5, "axis": "z", "origin": [12, -4.75, 15]},
			"faces": {
				"north": {"uv": [9.25, 6.5, 9.5, 8.75], "texture": "#2"},
				"east": {"uv": [9.5, 6.5, 9.25, 8.75], "texture": "#2"},
				"south": {"uv": [9.5, 6.5, 9.25, 8.75], "texture": "#2"},
				"west": {"uv": [9.5, 6.5, 9.25, 8.75], "texture": "#2"},
				"up": {"uv": [9.5, 6.5, 9.25, 6.75], "texture": "#2"},
				"down": {"uv": [9.25, 8.75, 9.5, 8.5], "rotation": 180, "texture": "#2"}
			}
		},
		{
			"from": [28.33292, -13.02866, 14.5],
			"to": [29.33292, -2.02866, 15.5],
			"rotation": {"angle": -22.5, "axis": "z", "origin": [12, -4.75, 15]},
			"faces": {
				"north": {"uv": [9.5, 6.5, 9.75, 9.25], "texture": "#2"},
				"east": {"uv": [9.75, 6.5, 9.5, 9.25], "texture": "#2"},
				"south": {"uv": [9.75, 6.5, 9.5, 9.25], "texture": "#2"},
				"west": {"uv": [9.75, 6.5, 9.5, 9.25], "texture": "#2"},
				"up": {"uv": [9.75, 6.5, 9.5, 6.75], "texture": "#2"},
				"down": {"uv": [9.5, 9.25, 9.75, 9], "rotation": 180, "texture": "#2"}
			}
		},
		{
			"from": [26.33292, -14.02866, 14.5],
			"to": [28.33292, -2.02866, 15.5],
			"rotation": {"angle": -22.5, "axis": "z", "origin": [12, -4.75, 15]},
			"faces": {
				"north": {"uv": [9.75, 6.5, 10.25, 9.5], "texture": "#2"},
				"east": {"uv": [10.25, 6.5, 10, 9.5], "texture": "#2"},
				"south": {"uv": [10.25, 6.5, 9.75, 9.5], "texture": "#2"},
				"west": {"uv": [10.25, 6.5, 10, 9.5], "texture": "#2"},
				"up": {"uv": [10.25, 6.5, 9.75, 6.75], "texture": "#2"},
				"down": {"uv": [9.75, 9.5, 10.25, 9.25], "rotation": 180, "texture": "#2"}
			}
		},
		{
			"from": [11.63108, 0.93496, 13],
			"to": [15.63108, 4.93496, 17],
			"rotation": {"angle": -22.5, "axis": "z", "origin": [15.23108, 7.85996, -10]},
			"faces": {
				"north": {"uv": [10, 4.25, 9, 5.25], "texture": "#2"},
				"east": {"uv": [10, 5.25, 9, 6.25], "texture": "#2"},
				"south": {"uv": [10, 4.25, 9, 5.25], "texture": "#2"},
				"west": {"uv": [9, 5.25, 10, 6.25], "texture": "#2"},
				"up": {"uv": [10, 6.25, 9, 5.25], "rotation": 90, "texture": "#2"},
				"down": {"uv": [9, 5.25, 10, 6.25], "rotation": 90, "texture": "#2"}
			}
		},
		{
			"from": [30.06528, -2.43872, 1.5],
			"to": [31.06528, 3.56128, 2.5],
			"rotation": {"angle": 45, "axis": "z", "origin": [28.1019, 0.78356, 2]},
			"faces": {
				"north": {"uv": [9, 6.5, 9.25, 8], "texture": "#2"},
				"east": {"uv": [9.25, 6.5, 9, 8], "texture": "#2"},
				"south": {"uv": [9.25, 6.5, 9, 8], "texture": "#2"},
				"west": {"uv": [9.25, 6.5, 9, 8], "texture": "#2"},
				"up": {"uv": [9.25, 6.5, 9, 6.75], "texture": "#2"},
				"down": {"uv": [9, 8, 9.25, 7.75], "rotation": 180, "texture": "#2"}
			}
		},
		{
			"from": [29.06528, -5.43872, 1.5],
			"to": [30.06528, 3.56128, 2.5],
			"rotation": {"angle": 45, "axis": "z", "origin": [28.1019, 0.78356, 2]},
			"faces": {
				"north": {"uv": [9.25, 6.5, 9.5, 8.75], "texture": "#2"},
				"east": {"uv": [9.5, 6.5, 9.25, 8.75], "texture": "#2"},
				"south": {"uv": [9.5, 6.5, 9.25, 8.75], "texture": "#2"},
				"west": {"uv": [9.5, 6.5, 9.25, 8.75], "texture": "#2"},
				"up": {"uv": [9.5, 6.5, 9.25, 6.75], "texture": "#2"},
				"down": {"uv": [9.25, 8.75, 9.5, 8.5], "rotation": 180, "texture": "#2"}
			}
		},
		{
			"from": [28.06528, -7.43872, 1.5],
			"to": [29.06528, 3.56128, 2.5],
			"rotation": {"angle": 45, "axis": "z", "origin": [28.1019, 0.78356, 2]},
			"faces": {
				"north": {"uv": [9.5, 6.5, 9.75, 9.25], "texture": "#2"},
				"east": {"uv": [9.75, 6.5, 9.5, 9.25], "texture": "#2"},
				"south": {"uv": [9.75, 6.5, 9.5, 9.25], "texture": "#2"},
				"west": {"uv": [9.75, 6.5, 9.5, 9.25], "texture": "#2"},
				"up": {"uv": [9.75, 6.5, 9.5, 6.75], "texture": "#2"},
				"down": {"uv": [9.5, 9.25, 9.75, 9], "rotation": 180, "texture": "#2"}
			}
		},
		{
			"from": [26.06528, -8.43872, 1.5],
			"to": [28.06528, 3.56128, 2.5],
			"rotation": {"angle": 45, "axis": "z", "origin": [28.1019, 0.78356, 2]},
			"faces": {
				"north": {"uv": [9.75, 6.5, 10.25, 9.5], "texture": "#2"},
				"east": {"uv": [10.25, 6.5, 10, 9.5], "texture": "#2"},
				"south": {"uv": [10.25, 6.5, 9.75, 9.5], "texture": "#2"},
				"west": {"uv": [10.25, 6.5, 10, 9.5], "texture": "#2"},
				"up": {"uv": [10.25, 6.5, 9.75, 6.75], "texture": "#2"},
				"down": {"uv": [9.75, 9.5, 10.25, 9.25], "rotation": 180, "texture": "#2"}
			}
		},
		{
			"from": [22.90475, -1.1924, 0],
			"to": [27.90475, 3.8076, 4],
			"rotation": {"angle": -45, "axis": "z", "origin": [25.40475, 1.3076, 2]},
			"faces": {
				"north": {"uv": [10, 4.25, 11.25, 5.5], "texture": "#2"},
				"east": {"uv": [10, 5.25, 9, 6.5], "texture": "#2"},
				"south": {"uv": [11.25, 4.25, 10, 5.5], "texture": "#2"},
				"west": {"uv": [10, 5.25, 9, 6.5], "texture": "#2"},
				"up": {"uv": [9, 6.5, 10, 5.25], "rotation": 270, "texture": "#2"},
				"down": {"uv": [10, 5.25, 9, 6.5], "rotation": 90, "texture": "#2"}
			}
		},
		{
			"from": [19.6251, -4.36292, 1],
			"to": [24.6251, -2.36292, 3],
			"rotation": {"angle": 45, "axis": "z", "origin": [20.0251, -3.36292, 2]},
			"faces": {
				"north": {"uv": [4.5, 7.75, 4, 6.5], "rotation": 90, "texture": "#2"},
				"east": {"uv": [0.5, 4.5, 0, 5], "rotation": 90, "texture": "#2"},
				"south": {"uv": [4, 7.75, 4.5, 6.5], "rotation": 270, "texture": "#2"},
				"west": {"uv": [0, 5, 0.5, 4.5], "rotation": 270, "texture": "#2"},
				"up": {"uv": [7.75, 5.75, 9, 5.25], "texture": "#2"},
				"down": {"uv": [7.75, 6.5, 9, 6], "rotation": 180, "texture": "#2"}
			}
		},
		{
			"from": [15.6251, -5.36292, 0],
			"to": [19.6251, -1.36292, 4],
			"rotation": {"angle": 45, "axis": "z", "origin": [20.0251, -3.36292, 2]},
			"faces": {
				"north": {"uv": [10, 4.25, 9, 5.25], "texture": "#2"},
				"east": {"uv": [10, 5.25, 9, 6.25], "texture": "#2"},
				"south": {"uv": [9, 4.25, 10, 5.25], "texture": "#2"},
				"west": {"uv": [10, 5.25, 9, 6.25], "texture": "#2"},
				"up": {"uv": [9, 5.25, 10, 6.25], "rotation": 270, "texture": "#2"},
				"down": {"uv": [10, 6.25, 9, 5.25], "rotation": 270, "texture": "#2"}
			}
		},
		{
			"from": [13.33428, -3.39711, 1],
			"to": [18.33428, -1.39711, 3],
			"rotation": {"angle": -22.5, "axis": "z", "origin": [14.08428, -0.64711, 2]},
			"faces": {
				"north": {"uv": [1.25, 4, 0, 3.5], "texture": "#2"},
				"east": {"uv": [0.5, 2.5, 1, 2], "texture": "#2"},
				"south": {"uv": [0, 4, 1.25, 3.5], "texture": "#2"},
				"west": {"uv": [0.5, 2.5, 1, 2], "texture": "#2"},
				"up": {"uv": [4, 3.5, 2.75, 4], "rotation": 180, "texture": "#2"},
				"down": {"uv": [2.75, 0.5, 4, 0], "texture": "#2"}
			}
		},
		{
			"from": [13.33428, -1.39711, 1],
			"to": [14.33428, -0.39711, 3],
			"rotation": {"angle": -22.5, "axis": "z", "origin": [14.08428, -0.64711, 2]},
			"faces": {
				"north": {"uv": [0.5, 3.75, 0.25, 3.5], "texture": "#2"},
				"east": {"uv": [0.25, 4, 0.75, 3.75], "texture": "#2"},
				"south": {"uv": [0.25, 3.75, 0.5, 3.5], "texture": "#2"},
				"west": {"uv": [0.5, 2.25, 1, 2], "texture": "#2"},
				"up": {"uv": [4, 3.5, 3.75, 4], "rotation": 180, "texture": "#2"},
				"down": {"uv": [2.75, 0.5, 3, 0], "texture": "#2"}
			}
		},
		{
			"from": [11.33428, -2.39711, 1],
			"to": [13.33428, 6.60289, 3],
			"rotation": {"angle": -22.5, "axis": "z", "origin": [14.08428, -0.64711, 2]},
			"faces": {
				"north": {"uv": [4, 4, 3.5, 1.75], "texture": "#2"},
				"east": {"uv": [0.5, 4, 1, 1.75], "texture": "#2"},
				"south": {"uv": [3.5, 4, 4, 1.75], "texture": "#2"},
				"west": {"uv": [3.25, 4, 3.75, 1.75], "texture": "#2"},
				"up": {"uv": [4, 0, 3.5, 0.5], "rotation": 180, "texture": "#2"},
				"down": {"uv": [2.25, 2.25, 2.75, 2.75], "texture": "#2"}
			}
		},
		{
			"from": [13.23108, 1.70996, 0],
			"to": [17.23108, 5.70996, 4],
			"rotation": {"angle": -22.5, "axis": "z", "origin": [15.23108, 6.70996, -10]},
			"faces": {
				"north": {"uv": [10, 4.25, 9, 5.25], "texture": "#2"},
				"east": {"uv": [10, 5.25, 9, 6.25], "texture": "#2"},
				"south": {"uv": [10, 4.25, 9, 5.25], "texture": "#2"},
				"west": {"uv": [9, 5.25, 10, 6.25], "texture": "#2"},
				"up": {"uv": [10, 6.25, 9, 5.25], "rotation": 90, "texture": "#2"},
				"down": {"uv": [9, 5.25, 10, 6.25], "rotation": 90, "texture": "#2"}
			}
		},
		{
			"from": [-15.06528, -2.43872, 1.5],
			"to": [-14.06528, 3.56128, 2.5],
			"rotation": {"angle": -45, "axis": "z", "origin": [-12.1019, 0.78356, 2]},
			"faces": {
				"north": {"uv": [9.25, 6.5, 9, 8], "texture": "#2"},
				"east": {"uv": [9, 6.5, 9.25, 8], "texture": "#2"},
				"south": {"uv": [9, 6.5, 9.25, 8], "texture": "#2"},
				"west": {"uv": [9, 6.5, 9.25, 8], "texture": "#2"},
				"up": {"uv": [9, 6.5, 9.25, 6.75], "texture": "#2"},
				"down": {"uv": [9.25, 8, 9, 7.75], "rotation": 180, "texture": "#2"}
			}
		},
		{
			"from": [-14.06528, -5.43872, 1.5],
			"to": [-13.06528, 3.56128, 2.5],
			"rotation": {"angle": -45, "axis": "z", "origin": [-12.1019, 0.78356, 2]},
			"faces": {
				"north": {"uv": [9.5, 6.5, 9.25, 8.75], "texture": "#2"},
				"east": {"uv": [9.25, 6.5, 9.5, 8.75], "texture": "#2"},
				"south": {"uv": [9.25, 6.5, 9.5, 8.75], "texture": "#2"},
				"west": {"uv": [9.25, 6.5, 9.5, 8.75], "texture": "#2"},
				"up": {"uv": [9.25, 6.5, 9.5, 6.75], "texture": "#2"},
				"down": {"uv": [9.5, 8.75, 9.25, 8.5], "rotation": 180, "texture": "#2"}
			}
		},
		{
			"from": [-13.06528, -7.43872, 1.5],
			"to": [-12.06528, 3.56128, 2.5],
			"rotation": {"angle": -45, "axis": "z", "origin": [-12.1019, 0.78356, 2]},
			"faces": {
				"north": {"uv": [9.75, 6.5, 9.5, 9.25], "texture": "#2"},
				"east": {"uv": [9.5, 6.5, 9.75, 9.25], "texture": "#2"},
				"south": {"uv": [9.5, 6.5, 9.75, 9.25], "texture": "#2"},
				"west": {"uv": [9.5, 6.5, 9.75, 9.25], "texture": "#2"},
				"up": {"uv": [9.5, 6.5, 9.75, 6.75], "texture": "#2"},
				"down": {"uv": [9.75, 9.25, 9.5, 9], "rotation": 180, "texture": "#2"}
			}
		},
		{
			"from": [-12.06528, -8.43872, 1.5],
			"to": [-10.06528, 3.56128, 2.5],
			"rotation": {"angle": -45, "axis": "z", "origin": [-12.1019, 0.78356, 2]},
			"faces": {
				"north": {"uv": [10.25, 6.5, 9.75, 9.5], "texture": "#2"},
				"east": {"uv": [10, 6.5, 10.25, 9.5], "texture": "#2"},
				"south": {"uv": [9.75, 6.5, 10.25, 9.5], "texture": "#2"},
				"west": {"uv": [10, 6.5, 10.25, 9.5], "texture": "#2"},
				"up": {"uv": [9.75, 6.5, 10.25, 6.75], "texture": "#2"},
				"down": {"uv": [10.25, 9.5, 9.75, 9.25], "rotation": 180, "texture": "#2"}
			}
		},
		{
			"from": [-11.90475, -1.1924, 0],
			"to": [-6.90475, 3.8076, 4],
			"rotation": {"angle": 45, "axis": "z", "origin": [-9.40475, 1.3076, 2]},
			"faces": {
				"north": {"uv": [11.25, 4.25, 10, 5.5], "texture": "#2"},
				"east": {"uv": [9, 5.25, 10, 6.5], "texture": "#2"},
				"south": {"uv": [10, 4.25, 11.25, 5.5], "texture": "#2"},
				"west": {"uv": [9, 5.25, 10, 6.5], "texture": "#2"},
				"up": {"uv": [9, 5.25, 10, 6.5], "rotation": 270, "texture": "#2"},
				"down": {"uv": [10, 6.5, 9, 5.25], "rotation": 90, "texture": "#2"}
			}
		},
		{
			"from": [-8.6251, -4.36292, 1],
			"to": [-3.6251, -2.36292, 3],
			"rotation": {"angle": -45, "axis": "z", "origin": [-4.0251, -3.36292, 2]},
			"faces": {
				"north": {"uv": [4.5, 6.5, 4, 7.75], "rotation": 90, "texture": "#2"},
				"east": {"uv": [0, 4.5, 0.5, 5], "rotation": 270, "texture": "#2"},
				"south": {"uv": [4, 6.5, 4.5, 7.75], "rotation": 270, "texture": "#2"},
				"west": {"uv": [0.5, 5, 0, 4.5], "rotation": 90, "texture": "#2"},
				"up": {"uv": [9, 5.75, 7.75, 5.25], "texture": "#2"},
				"down": {"uv": [9, 6.5, 7.75, 6], "rotation": 180, "texture": "#2"}
			}
		},
		{
			"from": [-3.6251, -5.36292, 0],
			"to": [0.3749, -1.36292, 4],
			"rotation": {"angle": -45, "axis": "z", "origin": [-4.0251, -3.36292, 2]},
			"faces": {
				"north": {"uv": [9, 4.25, 10, 5.25], "texture": "#2"},
				"east": {"uv": [9, 5.25, 10, 6.25], "texture": "#2"},
				"south": {"uv": [10, 4.25, 9, 5.25], "texture": "#2"},
				"west": {"uv": [9, 5.25, 10, 6.25], "texture": "#2"},
				"up": {"uv": [9, 6.25, 10, 5.25], "rotation": 270, "texture": "#2"},
				"down": {"uv": [10, 5.25, 9, 6.25], "rotation": 270, "texture": "#2"}
			}
		},
		{
			"from": [-2.33428, -3.39711, 1],
			"to": [2.66572, -1.39711, 3],
			"rotation": {"angle": 22.5, "axis": "z", "origin": [1.91572, -0.64711, 2]},
			"faces": {
				"north": {"uv": [0, 4, 1.25, 3.5], "texture": "#2"},
				"east": {"uv": [1, 2.5, 0.5, 2], "texture": "#2"},
				"south": {"uv": [1.25, 4, 0, 3.5], "texture": "#2"},
				"west": {"uv": [1, 2.5, 0.5, 2], "texture": "#2"},
				"up": {"uv": [2.75, 3.5, 4, 4], "rotation": 180, "texture": "#2"},
				"down": {"uv": [4, 0.5, 2.75, 0], "texture": "#2"}
			}
		},
		{
			"from": [1.66572, -1.39711, 1],
			"to": [2.66572, -0.39711, 3],
			"rotation": {"angle": 22.5, "axis": "z", "origin": [1.91572, -0.64711, 2]},
			"faces": {
				"north": {"uv": [0.25, 3.75, 0.5, 3.5], "texture": "#2"},
				"east": {"uv": [1, 2.25, 0.5, 2], "texture": "#2"},
				"south": {"uv": [0.5, 3.75, 0.25, 3.5], "texture": "#2"},
				"west": {"uv": [0.75, 4, 0.25, 3.75], "texture": "#2"},
				"up": {"uv": [3.75, 3.5, 4, 4], "rotation": 180, "texture": "#2"},
				"down": {"uv": [3, 0.5, 2.75, 0], "texture": "#2"}
			}
		},
		{
			"from": [2.66572, -2.39711, 1],
			"to": [4.66572, 6.60289, 3],
			"rotation": {"angle": 22.5, "axis": "z", "origin": [1.91572, -0.64711, 2]},
			"faces": {
				"north": {"uv": [3.5, 4, 4, 1.75], "texture": "#2"},
				"east": {"uv": [3.75, 4, 3.25, 1.75], "texture": "#2"},
				"south": {"uv": [4, 4, 3.5, 1.75], "texture": "#2"},
				"west": {"uv": [1, 4, 0.5, 1.75], "texture": "#2"},
				"up": {"uv": [3.5, 0, 4, 0.5], "rotation": 180, "texture": "#2"},
				"down": {"uv": [2.75, 2.25, 2.25, 2.75], "texture": "#2"}
			}
		},
		{
			"from": [-1.23108, 1.70996, 0],
			"to": [2.76892, 5.70996, 4],
			"rotation": {"angle": 22.5, "axis": "z", "origin": [0.76892, 6.70996, -10]},
			"faces": {
				"north": {"uv": [9, 4.25, 10, 5.25], "texture": "#2"},
				"east": {"uv": [10, 5.25, 9, 6.25], "texture": "#2"},
				"south": {"uv": [9, 4.25, 10, 5.25], "texture": "#2"},
				"west": {"uv": [9, 5.25, 10, 6.25], "texture": "#2"},
				"up": {"uv": [10, 5.25, 9, 6.25], "rotation": 90, "texture": "#2"},
				"down": {"uv": [9, 6.25, 10, 5.25], "rotation": 90, "texture": "#2"}
			}
		},
		{
			"from": [-0.55702, 2.21445, 14],
			"to": [8.44298, 4.21445, 16],
			"rotation": {"angle": 22.5, "axis": "z", "origin": [4, -4.75, 15]},
			"faces": {
				"north": {"uv": [2.25, 3.5, 0, 4], "texture": "#2"},
				"east": {"uv": [0.5, 2, 1, 2.5], "texture": "#2"},
				"south": {"uv": [0, 3.5, 2.25, 4], "texture": "#2"},
				"west": {"uv": [0.5, 2, 1, 2.5], "texture": "#2"},
				"up": {"uv": [1.75, 0, 4, 0.5], "texture": "#2"},
				"down": {"uv": [4, 4, 1.75, 3.5], "rotation": 180, "texture": "#2"}
			}
		},
		{
			"from": [-2.55702, -3.78555, 14],
			"to": [-0.55702, 3.21445, 16],
			"rotation": {"angle": 22.5, "axis": "z", "origin": [4, -4.75, 15]},
			"faces": {
				"north": {"uv": [4, 2, 3.5, 3.75], "texture": "#2"},
				"east": {"uv": [0.5, 2, 1, 3.75], "texture": "#2"},
				"south": {"uv": [3.5, 2, 4, 3.75], "texture": "#2"},
				"west": {"uv": [3.25, 2, 3.75, 3.75], "texture": "#2"},
				"up": {"uv": [2.25, 2.75, 2.75, 2.25], "texture": "#2"},
				"down": {"uv": [4, 0.5, 3.5, 0], "rotation": 180, "texture": "#2"}
			}
		},
		{
			"from": [-0.55702, 1.21445, 14],
			"to": [0.44298, 2.21445, 16],
			"rotation": {"angle": 22.5, "axis": "z", "origin": [4, -4.75, 15]},
			"faces": {
				"north": {"uv": [0.5, 3.5, 0.25, 3.75], "texture": "#2"},
				"east": {"uv": [0.25, 3.75, 0.75, 4], "texture": "#2"},
				"south": {"uv": [0.25, 3.5, 0.5, 3.75], "texture": "#2"},
				"west": {"uv": [0.5, 2, 1, 2.25], "texture": "#2"},
				"up": {"uv": [2.75, 0, 3, 0.5], "texture": "#2"},
				"down": {"uv": [4, 4, 3.75, 3.5], "rotation": 180, "texture": "#2"}
			}
		},
		{
			"from": [-4, -9.75, 13],
			"to": [0, -5.75, 17],
			"rotation": {"angle": 0, "axis": "x", "origin": [4, -4.75, 15]},
			"faces": {
				"north": {"uv": [9, 4.25, 10, 5.25], "texture": "#2"},
				"east": {"uv": [9, 5.25, 10, 6.25], "texture": "#2"},
				"south": {"uv": [10, 4.25, 9, 5.25], "texture": "#2"},
				"west": {"uv": [9, 5.25, 10, 6.25], "texture": "#2"},
				"up": {"uv": [9, 6.25, 10, 5.25], "rotation": 270, "texture": "#2"},
				"down": {"uv": [10, 5.25, 9, 6.25], "rotation": 270, "texture": "#2"}
			}
		},
		{
			"from": [-9, -8.75, 14],
			"to": [-4, -6.75, 16],
			"rotation": {"angle": 0, "axis": "x", "origin": [4, -4.75, 15]},
			"faces": {
				"north": {"uv": [4.5, 6.5, 4, 7.75], "rotation": 90, "texture": "#2"},
				"east": {"uv": [0, 4.5, 0.5, 5], "rotation": 270, "texture": "#2"},
				"south": {"uv": [4, 6.5, 4.5, 7.75], "rotation": 270, "texture": "#2"},
				"west": {"uv": [0.5, 5, 0, 4.5], "rotation": 90, "texture": "#2"},
				"up": {"uv": [9, 5.75, 7.75, 5.25], "texture": "#2"},
				"down": {"uv": [9, 6.5, 7.75, 6], "rotation": 180, "texture": "#2"}
			}
		},
		{
			"from": [-13.33292, -5.02866, 13],
			"to": [-8.33292, -0.02866, 17],
			"rotation": {"angle": 22.5, "axis": "z", "origin": [4, -4.75, 15]},
			"faces": {
				"north": {"uv": [11.25, 4.25, 10, 5.5], "texture": "#2"},
				"east": {"uv": [9, 5.25, 10, 6.5], "texture": "#2"},
				"south": {"uv": [10, 4.25, 11.25, 5.5], "texture": "#2"},
				"west": {"uv": [9, 5.25, 10, 6.5], "texture": "#2"},
				"up": {"uv": [9, 5.25, 10, 6.5], "rotation": 270, "texture": "#2"},
				"down": {"uv": [10, 6.5, 9, 5.25], "rotation": 90, "texture": "#2"}
			}
		},
		{
			"from": [-15.33292, -8.02866, 14.5],
			"to": [-14.33292, -2.02866, 15.5],
			"rotation": {"angle": 22.5, "axis": "z", "origin": [4, -4.75, 15]},
			"faces": {
				"north": {"uv": [9.25, 6.5, 9, 8], "texture": "#2"},
				"east": {"uv": [9, 6.5, 9.25, 8], "texture": "#2"},
				"south": {"uv": [9, 6.5, 9.25, 8], "texture": "#2"},
				"west": {"uv": [9, 6.5, 9.25, 8], "texture": "#2"},
				"up": {"uv": [9, 6.5, 9.25, 6.75], "texture": "#2"},
				"down": {"uv": [9.25, 8, 9, 7.75], "rotation": 180, "texture": "#2"}
			}
		},
		{
			"from": [-14.33292, -11.02866, 14.5],
			"to": [-13.33292, -2.02866, 15.5],
			"rotation": {"angle": 22.5, "axis": "z", "origin": [4, -4.75, 15]},
			"faces": {
				"north": {"uv": [9.5, 6.5, 9.25, 8.75], "texture": "#2"},
				"east": {"uv": [9.25, 6.5, 9.5, 8.75], "texture": "#2"},
				"south": {"uv": [9.25, 6.5, 9.5, 8.75], "texture": "#2"},
				"west": {"uv": [9.25, 6.5, 9.5, 8.75], "texture": "#2"},
				"up": {"uv": [9.25, 6.5, 9.5, 6.75], "texture": "#2"},
				"down": {"uv": [9.5, 8.75, 9.25, 8.5], "rotation": 180, "texture": "#2"}
			}
		},
		{
			"from": [-13.33292, -13.02866, 14.5],
			"to": [-12.33292, -2.02866, 15.5],
			"rotation": {"angle": 22.5, "axis": "z", "origin": [4, -4.75, 15]},
			"faces": {
				"north": {"uv": [9.75, 6.5, 9.5, 9.25], "texture": "#2"},
				"east": {"uv": [9.5, 6.5, 9.75, 9.25], "texture": "#2"},
				"south": {"uv": [9.5, 6.5, 9.75, 9.25], "texture": "#2"},
				"west": {"uv": [9.5, 6.5, 9.75, 9.25], "texture": "#2"},
				"up": {"uv": [9.5, 6.5, 9.75, 6.75], "texture": "#2"},
				"down": {"uv": [9.75, 9.25, 9.5, 9], "rotation": 180, "texture": "#2"}
			}
		},
		{
			"from": [-12.33292, -14.02866, 14.5],
			"to": [-10.33292, -2.02866, 15.5],
			"rotation": {"angle": 22.5, "axis": "z", "origin": [4, -4.75, 15]},
			"faces": {
				"north": {"uv": [10.25, 6.5, 9.75, 9.5], "texture": "#2"},
				"east": {"uv": [10, 6.5, 10.25, 9.5], "texture": "#2"},
				"south": {"uv": [9.75, 6.5, 10.25, 9.5], "texture": "#2"},
				"west": {"uv": [10, 6.5, 10.25, 9.5], "texture": "#2"},
				"up": {"uv": [9.75, 6.5, 10.25, 6.75], "texture": "#2"},
				"down": {"uv": [10.25, 9.5, 9.75, 9.25], "rotation": 180, "texture": "#2"}
			}
		},
		{
			"from": [0.36892, 0.93496, 13],
			"to": [4.36892, 4.93496, 17],
			"rotation": {"angle": 22.5, "axis": "z", "origin": [0.76892, 7.85996, -10]},
			"faces": {
				"north": {"uv": [9, 4.25, 10, 5.25], "texture": "#2"},
				"east": {"uv": [10, 5.25, 9, 6.25], "texture": "#2"},
				"south": {"uv": [9, 4.25, 10, 5.25], "texture": "#2"},
				"west": {"uv": [9, 5.25, 10, 6.25], "texture": "#2"},
				"up": {"uv": [10, 5.25, 9, 6.25], "rotation": 90, "texture": "#2"},
				"down": {"uv": [9, 6.25, 10, 5.25], "rotation": 90, "texture": "#2"}
			}
		}
	],
	"display": {
		"thirdperson_righthand": {
			"rotation": [67, 0, 0],
			"translation": [1.5, 7, -2.5],
			"scale": [0, 0, 0]
		},
		"thirdperson_lefthand": {
			"rotation": [67, 0, 0],
			"translation": [1.5, 7, -2.5],
			"scale": [0, 0, 0]
		},
		"firstperson_righthand": {
			"translation": [0, 2, 0],
			"scale": [0.14, 0.14, 0.14]
		},
		"firstperson_lefthand": {
			"translation": [0, 2, 0],
			"scale": [0.14, 0.14, 0.14]
		},
		"ground": {
			"rotation": [0, 180, 0],
			"translation": [0, 26, 0]
		},
		"gui": {
			"rotation": [30, 150, 0],
			"translation": [0, 0.5, 0],
			"scale": [0.26, 0.26, 0.26]
		},
		"head": {
			"translation": [0, -20, 0],
			"scale": [1.6, 1.6, 1.6]
		},
		"fixed": {
			"rotation": [-90, 0, 0],
			"translation": [0, 0, -54.25],
			"scale": [2, 2, 2]
		}
	},
	"groups": [
		0,
		1,
		2,
		3,
		4,
		5,
		6,
		7,
		8,
		9,
		10,
		11,
		12,
		13,
		14,
		15,
		16,
		17,
		18,
		19,
		20,
		21,
		22,
		23,
		24,
		25,
		26,
		27,
		28,
		29,
		30,
		31,
		32,
		33,
		34,
		35,
		36,
		37,
		38,
		39,
		40,
		41,
		42,
		43,
		{
			"name": "group",
			"origin": [12, -6, 8],
			"color": 0,
			"children": [44, 45, 46, 47, 48, 49, 50, 51, 52, 53, 54]
		},
		{
			"name": "group",
			"origin": [15.23108, 6.60996, 8],
			"color": 0,
			"children": [55, 56, 57, 58, 59, 60, 61, 62, 63, 64, 65]
		},
		{
			"name": "group",
			"origin": [15.23108, 6.60996, 8],
			"color": 0,
			"children": [66, 67, 68, 69, 70, 71, 72, 73, 74, 75, 76]
		},
		{
			"name": "group",
			"origin": [12, -6, 8],
			"color": 0,
			"children": [77, 78, 79, 80, 81, 82, 83, 84, 85, 86, 87]
		}
	]
}