{
	"credit": "Made with Blockbench",
	"textures": {
		"1": "custom/block/alien_eye",
		"2": "custom/block/alien",
		"3": "custom/block/alien_lamp",
		"particle": "custom/block/alien"
	},
	"elements": [
		{
			"from": [0, 15, 0],
			"to": [16, 28, 16],
			"rotation": {"angle": 0, "axis": "y", "origin": [8, 5.14668, 10.45518]},
			"faces": {
				"north": {"uv": [4, 0, 0, 3.25], "texture": "#2"},
				"east": {"uv": [4, 0, 0, 3.25], "texture": "#2"},
				"south": {"uv": [4, 0, 0, 3.25], "texture": "#2"},
				"west": {"uv": [0, 0, 4, 3.25], "texture": "#2"},
				"up": {"uv": [0, 4, 4, 0], "rotation": 90, "texture": "#2"},
				"down": {"uv": [4, 0, 0, 4], "rotation": 90, "texture": "#2"}
			}
		},
		{
			"from": [-0.005, 12.51256, 13.08058],
			"to": [16.005, 28.51256, 26.08058],
			"rotation": {"angle": -45, "axis": "x", "origin": [8, 20.51256, 19.58058]},
			"faces": {
				"north": {"uv": [0, 4, 4, 0], "rotation": 90, "texture": "#2"},
				"east": {"uv": [0, 12.25, 4, 9], "rotation": 90, "texture": "#2"},
				"south": {"uv": [4, 0, 0, 4], "rotation": 270, "texture": "#2"},
				"west": {"uv": [4, 12.25, 0, 9], "rotation": 270, "texture": "#2"},
				"up": {"uv": [0, 3.25, 4, 0], "texture": "#2"},
				"down": {"uv": [0, 9, 4, 5.75], "rotation": 180, "texture": "#2"}
			}
		},
		{
			"from": [-2, 10, -2],
			"to": [18, 15, 18],
			"rotation": {"angle": 0, "axis": "y", "origin": [8, 5.14668, 10.45518]},
			"faces": {
				"north": {"uv": [9, 5, 4, 6.25], "texture": "#2"},
				"east": {"uv": [9, 5, 4, 6.25], "texture": "#2"},
				"south": {"uv": [9, 5, 4, 6.25], "texture": "#2"},
				"west": {"uv": [4, 5, 9, 6.25], "texture": "#2"},
				"up": {"uv": [4, 5, 9, 0], "rotation": 90, "texture": "#2"},
				"down": {"uv": [9, 0, 4, 5], "rotation": 90, "texture": "#2"}
			}
		},
		{
			"from": [7, -0.03555, 1.44298],
			"to": [9, 6.96445, 3.44298],
			"rotation": {"angle": -22.5, "axis": "x", "origin": [8, -1, 8]},
			"faces": {
				"north": {"uv": [3.75, 2, 3.25, 3.75], "texture": "#2"},
				"east": {"uv": [4, 2, 3.5, 3.75], "texture": "#2"},
				"south": {"uv": [1, 2, 0.5, 3.75], "texture": "#2"},
				"west": {"uv": [3.5, 2, 4, 3.75], "texture": "#2"},
				"up": {"uv": [2.25, 2.25, 2.75, 2.75], "rotation": 90, "texture": "#2"},
				"down": {"uv": [4, 0, 3.5, 0.5], "rotation": 90, "texture": "#2"}
			}
		},
		{
			"from": [7, 5.96445, 3.44298],
			"to": [9, 7.96445, 8.44298],
			"rotation": {"angle": -22.5, "axis": "x", "origin": [8, -1, 8]},
			"faces": {
				"north": {"uv": [1, 2, 0.5, 2.5], "texture": "#2"},
				"east": {"uv": [1.25, 3.5, 0, 4], "texture": "#2"},
				"south": {"uv": [1, 2, 0.5, 2.5], "texture": "#2"},
				"west": {"uv": [0, 3.5, 1.25, 4], "texture": "#2"},
				"up": {"uv": [2.75, 0.5, 4, 0], "rotation": 90, "texture": "#2"},
				"down": {"uv": [4, 3.5, 2.75, 4], "rotation": 90, "texture": "#2"}
			}
		},
		{
			"from": [7, 4.96445, 3.44298],
			"to": [9, 5.96445, 4.44298],
			"rotation": {"angle": -22.5, "axis": "x", "origin": [8, -1, 8]},
			"faces": {
				"north": {"uv": [1, 2, 0.5, 2.25], "texture": "#2"},
				"east": {"uv": [0.5, 3.5, 0.25, 3.75], "texture": "#2"},
				"south": {"uv": [0.75, 3.75, 0.25, 4], "texture": "#2"},
				"west": {"uv": [0.25, 3.5, 0.5, 3.75], "texture": "#2"},
				"up": {"uv": [2.75, 0.5, 3, 0], "rotation": 90, "texture": "#2"},
				"down": {"uv": [4, 3.5, 3.75, 4], "rotation": 90, "texture": "#2"}
			}
		},
		{
			"from": [7.5, -9.27866, -9.33292],
			"to": [8.5, 1.72134, -8.33292],
			"rotation": {"angle": -22.5, "axis": "x", "origin": [8, -1, 8]},
			"faces": {
				"north": {"uv": [9.75, 6.5, 9.5, 9.25], "texture": "#2"},
				"east": {"uv": [9.75, 6.5, 9.5, 9.25], "texture": "#2"},
				"south": {"uv": [9.75, 6.5, 9.5, 9.25], "texture": "#2"},
				"west": {"uv": [9.5, 6.5, 9.75, 9.25], "texture": "#2"},
				"up": {"uv": [9.5, 6.75, 9.75, 6.5], "rotation": 90, "texture": "#2"},
				"down": {"uv": [9.75, 9, 9.5, 9.25], "rotation": 90, "texture": "#2"}
			}
		},
		{
			"from": [7.5, -10.27866, -8.33292],
			"to": [8.5, 1.72134, -6.33292],
			"rotation": {"angle": -22.5, "axis": "x", "origin": [8, -1, 8]},
			"faces": {
				"north": {"uv": [10.25, 6.5, 10, 9.5], "texture": "#2"},
				"east": {"uv": [10.25, 6.5, 9.75, 9.5], "texture": "#2"},
				"south": {"uv": [10.25, 6.5, 10, 9.5], "texture": "#2"},
				"west": {"uv": [9.75, 6.5, 10.25, 9.5], "texture": "#2"},
				"up": {"uv": [9.75, 6.75, 10.25, 6.5], "rotation": 90, "texture": "#2"},
				"down": {"uv": [10.25, 9.25, 9.75, 9.5], "rotation": 90, "texture": "#2"}
			}
		},
		{
			"from": [7.5, -7.27866, -10.33292],
			"to": [8.5, 1.72134, -9.33292],
			"rotation": {"angle": -22.5, "axis": "x", "origin": [8, -1, 8]},
			"faces": {
				"north": {"uv": [9.5, 6.5, 9.25, 8.75], "texture": "#2"},
				"east": {"uv": [9.5, 6.5, 9.25, 8.75], "texture": "#2"},
				"south": {"uv": [9.5, 6.5, 9.25, 8.75], "texture": "#2"},
				"west": {"uv": [9.25, 6.5, 9.5, 8.75], "texture": "#2"},
				"up": {"uv": [9.25, 6.75, 9.5, 6.5], "rotation": 90, "texture": "#2"},
				"down": {"uv": [9.5, 8.5, 9.25, 8.75], "rotation": 90, "texture": "#2"}
			}
		},
		{
			"from": [7.5, -4.27866, -11.33292],
			"to": [8.5, 1.72134, -10.33292],
			"rotation": {"angle": -22.5, "axis": "x", "origin": [8, -1, 8]},
			"faces": {
				"north": {"uv": [9.25, 6.5, 9, 8], "texture": "#2"},
				"east": {"uv": [9.25, 6.5, 9, 8], "texture": "#2"},
				"south": {"uv": [9.25, 6.5, 9, 8], "texture": "#2"},
				"west": {"uv": [9, 6.5, 9.25, 8], "texture": "#2"},
				"up": {"uv": [9, 6.75, 9.25, 6.5], "rotation": 90, "texture": "#2"},
				"down": {"uv": [9.25, 7.75, 9, 8], "rotation": 90, "texture": "#2"}
			}
		},
		{
			"from": [6, -6, 0],
			"to": [10, -2, 4],
			"rotation": {"angle": 0, "axis": "x", "origin": [8, -1, 8]},
			"faces": {
				"north": {"uv": [10, 5.25, 9, 6.25], "texture": "#2"},
				"east": {"uv": [9, 4.25, 10, 5.25], "texture": "#2"},
				"south": {"uv": [10, 5.25, 9, 6.25], "texture": "#2"},
				"west": {"uv": [10, 4.25, 9, 5.25], "texture": "#2"},
				"up": {"uv": [10, 6.25, 9, 5.25], "texture": "#2"},
				"down": {"uv": [9, 5.25, 10, 6.25], "rotation": 180, "texture": "#2"}
			}
		},
		{
			"from": [-6, 10, 6],
			"to": [-2, 14, 10],
			"rotation": {"angle": 0, "axis": "z", "origin": [-4, 21, 8]},
			"faces": {
				"north": {"uv": [4, 3, 0, 7], "rotation": 90, "texture": "#3"},
				"east": {"uv": [0, 4, 4, 0], "rotation": 180, "texture": "#3"},
				"south": {"uv": [0, 3, 4, 7], "rotation": 270, "texture": "#3"},
				"west": {"uv": [4, 0, 0, 4], "rotation": 180, "texture": "#3"},
				"up": {"uv": [4, 7, 0, 3], "rotation": 90, "texture": "#3"},
				"down": {"uv": [4, 7, 0, 3], "rotation": 90, "texture": "#3"}
			}
		},
		{
			"from": [18, 10, 6],
			"to": [22, 14, 10],
			"rotation": {"angle": 0, "axis": "z", "origin": [20, 21, 8]},
			"faces": {
				"north": {"uv": [4, 7, 0, 3], "rotation": 90, "texture": "#3"},
				"east": {"uv": [0, 0, 4, 4], "rotation": 180, "texture": "#3"},
				"south": {"uv": [0, 7, 4, 3], "rotation": 270, "texture": "#3"},
				"west": {"uv": [4, 4, 0, 0], "rotation": 180, "texture": "#3"},
				"up": {"uv": [4, 3, 0, 7], "rotation": 90, "texture": "#3"},
				"down": {"uv": [4, 3, 0, 7], "rotation": 90, "texture": "#3"}
			}
		},
		{
			"from": [6, -1.27866, -9.33292],
			"to": [10, 3.72134, -4.33292],
			"rotation": {"angle": -22.5, "axis": "x", "origin": [8, -1, 8]},
			"faces": {
				"north": {"uv": [10, 5.25, 9, 6.5], "texture": "#2"},
				"east": {"uv": [11.25, 4.25, 10, 5.5], "texture": "#2"},
				"south": {"uv": [10, 5.25, 9, 6.5], "texture": "#2"},
				"west": {"uv": [10, 4.25, 11.25, 5.5], "texture": "#2"},
				"up": {"uv": [10, 5.25, 9, 6.5], "texture": "#2"},
				"down": {"uv": [9, 6.5, 10, 5.25], "texture": "#2"}
			}
		},
		{
			"from": [7, -5, -5],
			"to": [9, -3, 0],
			"rotation": {"angle": 0, "axis": "x", "origin": [8, -1, 8]},
			"faces": {
				"north": {"uv": [0.5, 4.5, 0, 5], "rotation": 90, "texture": "#2"},
				"east": {"uv": [4, 7.75, 4.5, 6.5], "rotation": 270, "texture": "#2"},
				"south": {"uv": [0, 5, 0.5, 4.5], "rotation": 270, "texture": "#2"},
				"west": {"uv": [4.5, 7.75, 4, 6.5], "rotation": 90, "texture": "#2"},
				"up": {"uv": [9, 5.25, 7.75, 5.75], "rotation": 90, "texture": "#2"},
				"down": {"uv": [9, 6, 7.75, 6.5], "rotation": 90, "texture": "#2"}
			}
		},
		{
			"from": [3.44298, 4.96445, 7],
			"to": [4.44298, 5.96445, 9],
			"rotation": {"angle": 22.5, "axis": "z", "origin": [8, -1, 8]},
			"faces": {
				"north": {"uv": [0.5, 3.5, 0.25, 3.75], "texture": "#2"},
				"east": {"uv": [0.75, 3.75, 0.25, 4], "texture": "#2"},
				"south": {"uv": [0.25, 3.5, 0.5, 3.75], "texture": "#2"},
				"west": {"uv": [1, 2, 0.5, 2.25], "texture": "#2"},
				"up": {"uv": [3, 0, 2.75, 0.5], "rotation": 180, "texture": "#2"},
				"down": {"uv": [3.75, 4, 4, 3.5], "texture": "#2"}
			}
		},
		{
			"from": [3.44298, 5.96445, 7],
			"to": [8.44298, 7.96445, 9],
			"rotation": {"angle": 22.5, "axis": "z", "origin": [8, -1, 8]},
			"faces": {
				"north": {"uv": [1.25, 3.5, 0, 4], "texture": "#2"},
				"east": {"uv": [1, 2, 0.5, 2.5], "texture": "#2"},
				"south": {"uv": [0, 3.5, 1.25, 4], "texture": "#2"},
				"west": {"uv": [1, 2, 0.5, 2.5], "texture": "#2"},
				"up": {"uv": [4, 0, 2.75, 0.5], "rotation": 180, "texture": "#2"},
				"down": {"uv": [2.75, 4, 4, 3.5], "texture": "#2"}
			}
		},
		{
			"from": [1.44298, -0.03555, 7],
			"to": [3.44298, 6.96445, 9],
			"rotation": {"angle": 22.5, "axis": "z", "origin": [8, -1, 8]},
			"faces": {
				"north": {"uv": [4, 2, 3.5, 3.75], "texture": "#2"},
				"east": {"uv": [1, 2, 0.5, 3.75], "texture": "#2"},
				"south": {"uv": [3.5, 2, 4, 3.75], "texture": "#2"},
				"west": {"uv": [3.75, 2, 3.25, 3.75], "texture": "#2"},
				"up": {"uv": [2.75, 2.75, 2.25, 2.25], "rotation": 180, "texture": "#2"},
				"down": {"uv": [3.5, 0.5, 4, 0], "texture": "#2"}
			}
		},
		{
			"from": [0, -6, 6],
			"to": [4, -2, 10],
			"rotation": {"angle": 0, "axis": "x", "origin": [8, -1, 8]},
			"faces": {
				"north": {"uv": [9, 4.25, 10, 5.25], "texture": "#2"},
				"east": {"uv": [10, 5.25, 9, 6.25], "texture": "#2"},
				"south": {"uv": [10, 4.25, 9, 5.25], "texture": "#2"},
				"west": {"uv": [10, 5.25, 9, 6.25], "texture": "#2"},
				"up": {"uv": [9, 5.25, 10, 6.25], "rotation": 90, "texture": "#2"},
				"down": {"uv": [10, 6.25, 9, 5.25], "rotation": 90, "texture": "#2"}
			}
		},
		{
			"from": [-5, -5, 7],
			"to": [0, -3, 9],
			"rotation": {"angle": 0, "axis": "x", "origin": [8, -1, 8]},
			"faces": {
				"north": {"uv": [4, 7.75, 4.5, 6.5], "rotation": 270, "texture": "#2"},
				"east": {"uv": [0, 5, 0.5, 4.5], "rotation": 270, "texture": "#2"},
				"south": {"uv": [4.5, 7.75, 4, 6.5], "rotation": 90, "texture": "#2"},
				"west": {"uv": [0.5, 4.5, 0, 5], "rotation": 90, "texture": "#2"},
				"up": {"uv": [7.75, 5.75, 9, 5.25], "rotation": 180, "texture": "#2"},
				"down": {"uv": [7.75, 6.5, 9, 6], "texture": "#2"}
			}
		},
		{
			"from": [-9.33292, -1.27866, 6],
			"to": [-4.33292, 3.72134, 10],
			"rotation": {"angle": 22.5, "axis": "z", "origin": [8, -1, 8]},
			"faces": {
				"north": {"uv": [11.25, 4.25, 10, 5.5], "texture": "#2"},
				"east": {"uv": [10, 5.25, 9, 6.5], "texture": "#2"},
				"south": {"uv": [10, 4.25, 11.25, 5.5], "texture": "#2"},
				"west": {"uv": [10, 5.25, 9, 6.5], "texture": "#2"},
				"up": {"uv": [9, 6.5, 10, 5.25], "rotation": 90, "texture": "#2"},
				"down": {"uv": [10, 5.25, 9, 6.5], "rotation": 270, "texture": "#2"}
			}
		},
		{
			"from": [-8.33292, -10.27866, 7.5],
			"to": [-6.33292, 1.72134, 8.5],
			"rotation": {"angle": 22.5, "axis": "z", "origin": [8, -1, 8]},
			"faces": {
				"north": {"uv": [10.25, 6.5, 9.75, 9.5], "texture": "#2"},
				"east": {"uv": [10.25, 6.5, 10, 9.5], "texture": "#2"},
				"south": {"uv": [9.75, 6.5, 10.25, 9.5], "texture": "#2"},
				"west": {"uv": [10.25, 6.5, 10, 9.5], "texture": "#2"},
				"up": {"uv": [10.25, 6.5, 9.75, 6.75], "rotation": 180, "texture": "#2"},
				"down": {"uv": [9.75, 9.5, 10.25, 9.25], "texture": "#2"}
			}
		},
		{
			"from": [-9.33292, -9.27866, 7.5],
			"to": [-8.33292, 1.72134, 8.5],
			"rotation": {"angle": 22.5, "axis": "z", "origin": [8, -1, 8]},
			"faces": {
				"north": {"uv": [9.75, 6.5, 9.5, 9.25], "texture": "#2"},
				"east": {"uv": [9.75, 6.5, 9.5, 9.25], "texture": "#2"},
				"south": {"uv": [9.5, 6.5, 9.75, 9.25], "texture": "#2"},
				"west": {"uv": [9.75, 6.5, 9.5, 9.25], "texture": "#2"},
				"up": {"uv": [9.75, 6.5, 9.5, 6.75], "rotation": 180, "texture": "#2"},
				"down": {"uv": [9.5, 9.25, 9.75, 9], "texture": "#2"}
			}
		},
		{
			"from": [-10.33292, -7.27866, 7.5],
			"to": [-9.33292, 1.72134, 8.5],
			"rotation": {"angle": 22.5, "axis": "z", "origin": [8, -1, 8]},
			"faces": {
				"north": {"uv": [9.5, 6.5, 9.25, 8.75], "texture": "#2"},
				"east": {"uv": [9.5, 6.5, 9.25, 8.75], "texture": "#2"},
				"south": {"uv": [9.25, 6.5, 9.5, 8.75], "texture": "#2"},
				"west": {"uv": [9.5, 6.5, 9.25, 8.75], "texture": "#2"},
				"up": {"uv": [9.5, 6.5, 9.25, 6.75], "rotation": 180, "texture": "#2"},
				"down": {"uv": [9.25, 8.75, 9.5, 8.5], "texture": "#2"}
			}
		},
		{
			"from": [-11.33292, -4.27866, 7.5],
			"to": [-10.33292, 1.72134, 8.5],
			"rotation": {"angle": 22.5, "axis": "z", "origin": [8, -1, 8]},
			"faces": {
				"north": {"uv": [9.25, 6.5, 9, 8], "texture": "#2"},
				"east": {"uv": [9.25, 6.5, 9, 8], "texture": "#2"},
				"south": {"uv": [9, 6.5, 9.25, 8], "texture": "#2"},
				"west": {"uv": [9.25, 6.5, 9, 8], "texture": "#2"},
				"up": {"uv": [9.25, 6.5, 9, 6.75], "rotation": 180, "texture": "#2"},
				"down": {"uv": [9, 8, 9.25, 7.75], "texture": "#2"}
			}
		},
		{
			"from": [7, 4.96445, 11.55702],
			"to": [9, 5.96445, 12.55702],
			"rotation": {"angle": 22.5, "axis": "x", "origin": [8, -1, 8]},
			"faces": {
				"north": {"uv": [0.75, 3.75, 0.25, 4], "texture": "#2"},
				"east": {"uv": [0.25, 3.5, 0.5, 3.75], "texture": "#2"},
				"south": {"uv": [1, 2, 0.5, 2.25], "texture": "#2"},
				"west": {"uv": [0.5, 3.5, 0.25, 3.75], "texture": "#2"},
				"up": {"uv": [2.75, 0.5, 3, 0], "rotation": 270, "texture": "#2"},
				"down": {"uv": [4, 3.5, 3.75, 4], "rotation": 270, "texture": "#2"}
			}
		},
		{
			"from": [7, 5.96445, 7.55702],
			"to": [9, 7.96445, 12.55702],
			"rotation": {"angle": 22.5, "axis": "x", "origin": [8, -1, 8]},
			"faces": {
				"north": {"uv": [1, 2, 0.5, 2.5], "texture": "#2"},
				"east": {"uv": [0, 3.5, 1.25, 4], "texture": "#2"},
				"south": {"uv": [1, 2, 0.5, 2.5], "texture": "#2"},
				"west": {"uv": [1.25, 3.5, 0, 4], "texture": "#2"},
				"up": {"uv": [2.75, 0.5, 4, 0], "rotation": 270, "texture": "#2"},
				"down": {"uv": [4, 3.5, 2.75, 4], "rotation": 270, "texture": "#2"}
			}
		},
		{
			"from": [7, -0.03555, 12.55702],
			"to": [9, 6.96445, 14.55702],
			"rotation": {"angle": 22.5, "axis": "x", "origin": [8, -1, 8]},
			"faces": {
				"north": {"uv": [1, 2, 0.5, 3.75], "texture": "#2"},
				"east": {"uv": [3.5, 2, 4, 3.75], "texture": "#2"},
				"south": {"uv": [3.75, 2, 3.25, 3.75], "texture": "#2"},
				"west": {"uv": [4, 2, 3.5, 3.75], "texture": "#2"},
				"up": {"uv": [2.25, 2.25, 2.75, 2.75], "rotation": 270, "texture": "#2"},
				"down": {"uv": [4, 0, 3.5, 0.5], "rotation": 270, "texture": "#2"}
			}
		},
		{
			"from": [6, -6, 12],
			"to": [10, -2, 16],
			"rotation": {"angle": 0, "axis": "x", "origin": [8, -1, 8]},
			"faces": {
				"north": {"uv": [10, 5.25, 9, 6.25], "texture": "#2"},
				"east": {"uv": [10, 4.25, 9, 5.25], "texture": "#2"},
				"south": {"uv": [10, 5.25, 9, 6.25], "texture": "#2"},
				"west": {"uv": [9, 4.25, 10, 5.25], "texture": "#2"},
				"up": {"uv": [10, 6.25, 9, 5.25], "rotation": 180, "texture": "#2"},
				"down": {"uv": [9, 5.25, 10, 6.25], "texture": "#2"}
			}
		},
		{
			"from": [7, -5, 16],
			"to": [9, -3, 21],
			"rotation": {"angle": 0, "axis": "x", "origin": [8, -1, 8]},
			"faces": {
				"north": {"uv": [0, 5, 0.5, 4.5], "rotation": 270, "texture": "#2"},
				"east": {"uv": [4.5, 7.75, 4, 6.5], "rotation": 90, "texture": "#2"},
				"south": {"uv": [0.5, 4.5, 0, 5], "rotation": 90, "texture": "#2"},
				"west": {"uv": [4, 7.75, 4.5, 6.5], "rotation": 270, "texture": "#2"},
				"up": {"uv": [9, 5.25, 7.75, 5.75], "rotation": 270, "texture": "#2"},
				"down": {"uv": [9, 6, 7.75, 6.5], "rotation": 270, "texture": "#2"}
			}
		},
		{
			"from": [6, -1.27866, 20.33292],
			"to": [10, 3.72134, 25.33292],
			"rotation": {"angle": 22.5, "axis": "x", "origin": [8, -1, 8]},
			"faces": {
				"north": {"uv": [10, 5.25, 9, 6.5], "texture": "#2"},
				"east": {"uv": [10, 4.25, 11.25, 5.5], "texture": "#2"},
				"south": {"uv": [10, 5.25, 9, 6.5], "texture": "#2"},
				"west": {"uv": [11.25, 4.25, 10, 5.5], "texture": "#2"},
				"up": {"uv": [10, 5.25, 9, 6.5], "rotation": 180, "texture": "#2"},
				"down": {"uv": [9, 6.5, 10, 5.25], "rotation": 180, "texture": "#2"}
			}
		},
		{
			"from": [7.5, -10.27866, 22.33292],
			"to": [8.5, 1.72134, 24.33292],
			"rotation": {"angle": 22.5, "axis": "x", "origin": [8, -1, 8]},
			"faces": {
				"north": {"uv": [10.25, 6.5, 10, 9.5], "texture": "#2"},
				"east": {"uv": [9.75, 6.5, 10.25, 9.5], "texture": "#2"},
				"south": {"uv": [10.25, 6.5, 10, 9.5], "texture": "#2"},
				"west": {"uv": [10.25, 6.5, 9.75, 9.5], "texture": "#2"},
				"up": {"uv": [9.75, 6.75, 10.25, 6.5], "rotation": 270, "texture": "#2"},
				"down": {"uv": [10.25, 9.25, 9.75, 9.5], "rotation": 270, "texture": "#2"}
			}
		},
		{
			"from": [7.5, -9.27866, 24.33292],
			"to": [8.5, 1.72134, 25.33292],
			"rotation": {"angle": 22.5, "axis": "x", "origin": [8, -1, 8]},
			"faces": {
				"north": {"uv": [9.75, 6.5, 9.5, 9.25], "texture": "#2"},
				"east": {"uv": [9.5, 6.5, 9.75, 9.25], "texture": "#2"},
				"south": {"uv": [9.75, 6.5, 9.5, 9.25], "texture": "#2"},
				"west": {"uv": [9.75, 6.5, 9.5, 9.25], "texture": "#2"},
				"up": {"uv": [9.5, 6.75, 9.75, 6.5], "rotation": 270, "texture": "#2"},
				"down": {"uv": [9.75, 9, 9.5, 9.25], "rotation": 270, "texture": "#2"}
			}
		},
		{
			"from": [7.5, -7.27866, 25.33292],
			"to": [8.5, 1.72134, 26.33292],
			"rotation": {"angle": 22.5, "axis": "x", "origin": [8, -1, 8]},
			"faces": {
				"north": {"uv": [9.5, 6.5, 9.25, 8.75], "texture": "#2"},
				"east": {"uv": [9.25, 6.5, 9.5, 8.75], "texture": "#2"},
				"south": {"uv": [9.5, 6.5, 9.25, 8.75], "texture": "#2"},
				"west": {"uv": [9.5, 6.5, 9.25, 8.75], "texture": "#2"},
				"up": {"uv": [9.25, 6.75, 9.5, 6.5], "rotation": 270, "texture": "#2"},
				"down": {"uv": [9.5, 8.5, 9.25, 8.75], "rotation": 270, "texture": "#2"}
			}
		},
		{
			"from": [7.5, -4.27866, 26.33292],
			"to": [8.5, 1.72134, 27.33292],
			"rotation": {"angle": 22.5, "axis": "x", "origin": [8, -1, 8]},
			"faces": {
				"north": {"uv": [9.25, 6.5, 9, 8], "texture": "#2"},
				"east": {"uv": [9, 6.5, 9.25, 8], "texture": "#2"},
				"south": {"uv": [9.25, 6.5, 9, 8], "texture": "#2"},
				"west": {"uv": [9.25, 6.5, 9, 8], "texture": "#2"},
				"up": {"uv": [9, 6.75, 9.25, 6.5], "rotation": 270, "texture": "#2"},
				"down": {"uv": [9.25, 7.75, 9, 8], "rotation": 270, "texture": "#2"}
			}
		},
		{
			"from": [11.55702, 4.96445, 7],
			"to": [12.55702, 5.96445, 9],
			"rotation": {"angle": -22.5, "axis": "z", "origin": [8, -1, 8]},
			"faces": {
				"north": {"uv": [0.25, 3.5, 0.5, 3.75], "texture": "#2"},
				"east": {"uv": [1, 2, 0.5, 2.25], "texture": "#2"},
				"south": {"uv": [0.5, 3.5, 0.25, 3.75], "texture": "#2"},
				"west": {"uv": [0.75, 3.75, 0.25, 4], "texture": "#2"},
				"up": {"uv": [3, 0, 2.75, 0.5], "texture": "#2"},
				"down": {"uv": [3.75, 4, 4, 3.5], "rotation": 180, "texture": "#2"}
			}
		},
		{
			"from": [7.55702, 5.96445, 7],
			"to": [12.55702, 7.96445, 9],
			"rotation": {"angle": -22.5, "axis": "z", "origin": [8, -1, 8]},
			"faces": {
				"north": {"uv": [0, 3.5, 1.25, 4], "texture": "#2"},
				"east": {"uv": [1, 2, 0.5, 2.5], "texture": "#2"},
				"south": {"uv": [1.25, 3.5, 0, 4], "texture": "#2"},
				"west": {"uv": [1, 2, 0.5, 2.5], "texture": "#2"},
				"up": {"uv": [4, 0, 2.75, 0.5], "texture": "#2"},
				"down": {"uv": [2.75, 4, 4, 3.5], "rotation": 180, "texture": "#2"}
			}
		},
		{
			"from": [12.55702, -0.03555, 7],
			"to": [14.55702, 6.96445, 9],
			"rotation": {"angle": -22.5, "axis": "z", "origin": [8, -1, 8]},
			"faces": {
				"north": {"uv": [3.5, 2, 4, 3.75], "texture": "#2"},
				"east": {"uv": [3.75, 2, 3.25, 3.75], "texture": "#2"},
				"south": {"uv": [4, 2, 3.5, 3.75], "texture": "#2"},
				"west": {"uv": [1, 2, 0.5, 3.75], "texture": "#2"},
				"up": {"uv": [2.75, 2.75, 2.25, 2.25], "texture": "#2"},
				"down": {"uv": [3.5, 0.5, 4, 0], "rotation": 180, "texture": "#2"}
			}
		},
		{
			"from": [12, -6, 6],
			"to": [16, -2, 10],
			"rotation": {"angle": 0, "axis": "x", "origin": [8, -1, 8]},
			"faces": {
				"north": {"uv": [10, 4.25, 9, 5.25], "texture": "#2"},
				"east": {"uv": [10, 5.25, 9, 6.25], "texture": "#2"},
				"south": {"uv": [9, 4.25, 10, 5.25], "texture": "#2"},
				"west": {"uv": [10, 5.25, 9, 6.25], "texture": "#2"},
				"up": {"uv": [9, 5.25, 10, 6.25], "rotation": 270, "texture": "#2"},
				"down": {"uv": [10, 6.25, 9, 5.25], "rotation": 270, "texture": "#2"}
			}
		},
		{
			"from": [16, -5, 7],
			"to": [21, -3, 9],
			"rotation": {"angle": 0, "axis": "x", "origin": [8, -1, 8]},
			"faces": {
				"north": {"uv": [4.5, 7.75, 4, 6.5], "rotation": 90, "texture": "#2"},
				"east": {"uv": [0.5, 4.5, 0, 5], "rotation": 90, "texture": "#2"},
				"south": {"uv": [4, 7.75, 4.5, 6.5], "rotation": 270, "texture": "#2"},
				"west": {"uv": [0, 5, 0.5, 4.5], "rotation": 270, "texture": "#2"},
				"up": {"uv": [7.75, 5.75, 9, 5.25], "texture": "#2"},
				"down": {"uv": [7.75, 6.5, 9, 6], "rotation": 180, "texture": "#2"}
			}
		},
		{
			"from": [20.33292, -1.27866, 6],
			"to": [25.33292, 3.72134, 10],
			"rotation": {"angle": -22.5, "axis": "z", "origin": [8, -1, 8]},
			"faces": {
				"north": {"uv": [10, 4.25, 11.25, 5.5], "texture": "#2"},
				"east": {"uv": [10, 5.25, 9, 6.5], "texture": "#2"},
				"south": {"uv": [11.25, 4.25, 10, 5.5], "texture": "#2"},
				"west": {"uv": [10, 5.25, 9, 6.5], "texture": "#2"},
				"up": {"uv": [9, 6.5, 10, 5.25], "rotation": 270, "texture": "#2"},
				"down": {"uv": [10, 5.25, 9, 6.5], "rotation": 90, "texture": "#2"}
			}
		},
		{
			"from": [22.33292, -10.27866, 7.5],
			"to": [24.33292, 1.72134, 8.5],
			"rotation": {"angle": -22.5, "axis": "z", "origin": [8, -1, 8]},
			"faces": {
				"north": {"uv": [9.75, 6.5, 10.25, 9.5], "texture": "#2"},
				"east": {"uv": [10.25, 6.5, 10, 9.5], "texture": "#2"},
				"south": {"uv": [10.25, 6.5, 9.75, 9.5], "texture": "#2"},
				"west": {"uv": [10.25, 6.5, 10, 9.5], "texture": "#2"},
				"up": {"uv": [10.25, 6.5, 9.75, 6.75], "texture": "#2"},
				"down": {"uv": [9.75, 9.5, 10.25, 9.25], "rotation": 180, "texture": "#2"}
			}
		},
		{
			"from": [24.33292, -9.27866, 7.5],
			"to": [25.33292, 1.72134, 8.5],
			"rotation": {"angle": -22.5, "axis": "z", "origin": [8, -1, 8]},
			"faces": {
				"north": {"uv": [9.5, 6.5, 9.75, 9.25], "texture": "#2"},
				"east": {"uv": [9.75, 6.5, 9.5, 9.25], "texture": "#2"},
				"south": {"uv": [9.75, 6.5, 9.5, 9.25], "texture": "#2"},
				"west": {"uv": [9.75, 6.5, 9.5, 9.25], "texture": "#2"},
				"up": {"uv": [9.75, 6.5, 9.5, 6.75], "texture": "#2"},
				"down": {"uv": [9.5, 9.25, 9.75, 9], "rotation": 180, "texture": "#2"}
			}
		},
		{
			"from": [25.33292, -7.27866, 7.5],
			"to": [26.33292, 1.72134, 8.5],
			"rotation": {"angle": -22.5, "axis": "z", "origin": [8, -1, 8]},
			"faces": {
				"north": {"uv": [9.25, 6.5, 9.5, 8.75], "texture": "#2"},
				"east": {"uv": [9.5, 6.5, 9.25, 8.75], "texture": "#2"},
				"south": {"uv": [9.5, 6.5, 9.25, 8.75], "texture": "#2"},
				"west": {"uv": [9.5, 6.5, 9.25, 8.75], "texture": "#2"},
				"up": {"uv": [9.5, 6.5, 9.25, 6.75], "texture": "#2"},
				"down": {"uv": [9.25, 8.75, 9.5, 8.5], "rotation": 180, "texture": "#2"}
			}
		},
		{
			"from": [26.33292, -4.27866, 7.5],
			"to": [27.33292, 1.72134, 8.5],
			"rotation": {"angle": -22.5, "axis": "z", "origin": [8, -1, 8]},
			"faces": {
				"north": {"uv": [9, 6.5, 9.25, 8], "texture": "#2"},
				"east": {"uv": [9.25, 6.5, 9, 8], "texture": "#2"},
				"south": {"uv": [9.25, 6.5, 9, 8], "texture": "#2"},
				"west": {"uv": [9.25, 6.5, 9, 8], "texture": "#2"},
				"up": {"uv": [9.25, 6.5, 9, 6.75], "texture": "#2"},
				"down": {"uv": [9, 8, 9.25, 7.75], "rotation": 180, "texture": "#2"}
			}
		},
		{
			"from": [1, 7, 1],
			"to": [15, 10, 15],
			"rotation": {"angle": 45, "axis": "y", "origin": [8, 7.75, 8]},
			"faces": {
				"north": {"uv": [12.5, 3.5, 9, 4.25], "texture": "#2"},
				"east": {"uv": [12.5, 3.5, 9, 4.25], "texture": "#2"},
				"south": {"uv": [12.5, 3.5, 9, 4.25], "texture": "#2"},
				"west": {"uv": [9, 3.5, 12.5, 4.25], "texture": "#2"},
				"up": {"uv": [9, 3.5, 12.5, 0], "rotation": 90, "texture": "#2"},
				"down": {"uv": [12.5, 0, 9, 3.5], "rotation": 90, "texture": "#2"}
			}
		},
		{
			"from": [0, 4, 6],
			"to": [16, 10, 10],
			"rotation": {"angle": 45, "axis": "y", "origin": [8, 7.75, 8]},
			"faces": {
				"north": {"uv": [5, 6.25, 9, 7.75], "texture": "#2"},
				"east": {"uv": [5, 6.25, 4, 7.75], "texture": "#2"},
				"south": {"uv": [9, 6.25, 5, 7.75], "texture": "#2"},
				"west": {"uv": [5, 6.25, 4, 7.75], "texture": "#2"},
				"up": {"uv": [9, 7.75, 5, 8.75], "texture": "#2"},
				"down": {"uv": [5, 8.75, 9, 7.75], "rotation": 180, "texture": "#2"}
			}
		},
		{
			"from": [6, 4.01, 0],
			"to": [10, 10.01, 16],
			"rotation": {"angle": 45, "axis": "y", "origin": [8, 7, 8]},
			"faces": {
				"north": {"uv": [5, 6.25, 4, 7.75], "texture": "#2"},
				"east": {"uv": [9, 6.25, 5, 7.75], "texture": "#2"},
				"south": {"uv": [5, 6.25, 4, 7.75], "texture": "#2"},
				"west": {"uv": [5, 6.25, 9, 7.75], "texture": "#2"},
				"up": {"uv": [5, 8.75, 9, 7.75], "rotation": 90, "texture": "#2"},
				"down": {"uv": [9, 7.75, 5, 8.75], "rotation": 90, "texture": "#2"}
			}
		},
		{
			"from": [4, 16, -4],
			"to": [12, 25, 0],
			"rotation": {"angle": 0, "axis": "z", "origin": [6.5, 18, -3.5]},
			"faces": {
				"north": {"uv": [8, 0, 0, 9], "texture": "#1"},
				"east": {"uv": [12, 0, 8, 9], "texture": "#1"},
				"south": {"uv": [1, 0, 0, 1], "texture": "#1"},
				"west": {"uv": [8, 0, 12, 9], "texture": "#1"},
				"up": {"uv": [0, 13, 8, 9], "rotation": 180, "texture": "#1"},
				"down": {"uv": [0, 9, 8, 13], "rotation": 180, "texture": "#1"}
			}
		}
	],
	"display": {
		"thirdperson_righthand": {
			"rotation": [67, 0, 0],
			"translation": [1.5, 7, -2.5],
			"scale": [0, 0, 0]
		},
		"thirdperson_lefthand": {
			"rotation": [67, 0, 0],
			"translation": [1.5, 7, -2.5],
			"scale": [0, 0, 0]
		},
		"firstperson_righthand": {
			"translation": [0, 2, 0],
			"scale": [0.14, 0.14, 0.14]
		},
		"firstperson_lefthand": {
			"translation": [0, 2, 0],
			"scale": [0.14, 0.14, 0.14]
		},
		"ground": {
			"rotation": [0, 180, 0],
			"translation": [0, 22.5, 0]
		},
		"gui": {
			"rotation": [30, 150, 0],
			"scale": [0.3, 0.3, 0.3]
		},
		"head": {
			"translation": [0, -20, 0],
			"scale": [1.6, 1.6, 1.6]
		},
		"fixed": {
			"rotation": [-90, 0, 0],
			"translation": [0, 0, -43.75],
			"scale": [2, 2, 2]
		}
	}
}