{
	"credit": "Made with Blockbench",
	"textures": {
		"0": "custom/block/arrow_sign",
		"particle": "custom/block/arrow_sign"
	},
	"elements": [
		{
			"from": [5, 0, 7],
			"to": [16, 5, 9],
			"rotation": {"angle": 0, "axis": "y", "origin": [8, 8, 7.5]},
			"faces": {
				"north": {"uv": [0, 1, 12, 6], "texture": "#0"},
				"east": {"uv": [0, 8, 5, 10], "rotation": 90, "texture": "#0"},
				"south": {"uv": [12, 1, 0, 6], "texture": "#0"},
				"west": {"uv": [0, 8, 5, 10], "rotation": 90, "texture": "#0"},
				"up": {"uv": [0, 7, 12, 9], "rotation": 180, "texture": "#0"},
				"down": {"uv": [16, 7, 4, 9], "rotation": 180, "texture": "#0"}
			}
		},
		{
			"from": [3, -1, 7],
			"to": [5, 6, 9],
			"rotation": {"angle": 0, "axis": "y", "origin": [8, 8, 7.5]},
			"faces": {
				"north": {"uv": [11, 0, 13, 7], "texture": "#0"},
				"east": {"uv": [2, 8, 9, 10], "rotation": 90, "texture": "#0"},
				"south": {"uv": [13, 0, 11, 7], "texture": "#0"},
				"west": {"uv": [2, 8, 9, 10], "rotation": 90, "texture": "#0"},
				"up": {"uv": [11, 8, 13, 10], "rotation": 180, "texture": "#0"},
				"down": {"uv": [11, 8, 9, 10], "rotation": 180, "texture": "#0"}
			}
		},
		{
			"from": [2, 0, 7],
			"to": [3, 5, 9],
			"rotation": {"angle": 0, "axis": "y", "origin": [8, 8, 7.5]},
			"faces": {
				"north": {"uv": [13, 1, 14, 6], "texture": "#0"},
				"east": {"uv": [3, 7, 8, 9], "rotation": 90, "texture": "#0"},
				"south": {"uv": [13, 1, 14, 6], "texture": "#0"},
				"west": {"uv": [3, 7, 8, 9], "rotation": 90, "texture": "#0"},
				"up": {"uv": [14, 8, 15, 10], "rotation": 180, "texture": "#0"},
				"down": {"uv": [14, 8, 13, 10], "rotation": 180, "texture": "#0"}
			}
		},
		{
			"from": [1, 1, 7],
			"to": [2, 4, 9],
			"rotation": {"angle": 0, "axis": "y", "origin": [8, 8, 7.5]},
			"faces": {
				"north": {"uv": [14, 2, 15, 5], "texture": "#0"},
				"east": {"uv": [5, 7, 7, 10], "texture": "#0"},
				"south": {"uv": [14, 2, 15, 5], "texture": "#0"},
				"west": {"uv": [5, 7, 7, 10], "texture": "#0"},
				"up": {"uv": [12, 8, 13, 10], "rotation": 180, "texture": "#0"},
				"down": {"uv": [14, 7, 13, 9], "rotation": 180, "texture": "#0"}
			}
		},
		{
			"from": [0, 2, 7],
			"to": [1, 3, 9],
			"rotation": {"angle": 0, "axis": "y", "origin": [8, 8, 7.5]},
			"faces": {
				"north": {"uv": [15, 3, 16, 4], "texture": "#0"},
				"east": {"uv": [5, 8, 7, 9], "texture": "#0"},
				"south": {"uv": [15, 3, 16, 4], "texture": "#0"},
				"west": {"uv": [5, 8, 7, 9], "texture": "#0"},
				"up": {"uv": [4, 7, 5, 9], "rotation": 180, "texture": "#0"},
				"down": {"uv": [9, 8, 8, 10], "rotation": 180, "texture": "#0"}
			}
		}
	],
	"display": {
		"thirdperson_righthand": {
			"rotation": [75, -135, 0],
			"translation": [0, 2.75, 4],
			"scale": [0.31, 0.31, 0.31]
		},
		"thirdperson_lefthand": {
			"rotation": [75, 135, 0],
			"translation": [0, 2.75, 4],
			"scale": [0.31, 0.31, 0.31]
		},
		"firstperson_righthand": {
			"rotation": [0, -90, 0],
			"translation": [4, 4, 0]
		},
		"firstperson_lefthand": {
			"rotation": [0, 90, 0],
			"translation": [4, 4, 0]
		},
		"ground": {
			"rotation": [0, 180, 0],
			"translation": [0, 6, 0]
		},
		"gui": {
			"rotation": [30, 0, 0],
			"translation": [0, 4, 0]
		},
		"head": {
			"rotation": [0, -90, 0],
			"translation": [1.5, 19.25, 0],
			"scale": [1.6, 1.6, 1.6]
		},
		"fixed": {
			"rotation": [0, -90, 0],
			"translation": [0, 12, -4],
			"scale": [2, 2, 2]
		}
	},
	"groups": [
		0,
		1,
		2,
		3,
		4,
		{
			"name": "group",
			"origin": [1, 1, 19.5],
			"color": 0,
			"children": []
		}
	]
}