{
	"credit": "Made with Blockbench",
	"texture_size": [32, 32],
	"textures": {
		"1": "custom/block/astronaut_helmet"
	},
	"elements": [
		{
			"from": [12.5, 3.5, 3.5],
			"to": [12.5, 12.5, 12.5],
			"rotation": {"angle": 0, "axis": "y", "origin": [8, 4, 8]},
			"faces": {
				"north": {"uv": [5, 5, 9.5, 9.5], "texture": "#1"},
				"east": {"uv": [0, 5, 4.5, 9.5], "texture": "#1"},
				"south": {"uv": [10, 0, 14.5, 4.5], "texture": "#1"},
				"west": {"uv": [10, 5, 14.5, 9.5], "texture": "#1"},
				"up": {"uv": [0, 4.5, 4.5, 0], "texture": "#1"},
				"down": {"uv": [5, 0, 9.5, 4.5], "texture": "#1"}
			}
		},
		{
			"from": [3.5, 3.5, 3.5],
			"to": [3.5, 12.5, 12.5],
			"rotation": {"angle": 0, "axis": "y", "origin": [8, 4, 8]},
			"faces": {
				"north": {"uv": [5, 5, 9.5, 9.5], "texture": "#1"},
				"east": {"uv": [0, 5, 4.5, 9.5], "texture": "#1"},
				"south": {"uv": [10, 0, 14.5, 4.5], "texture": "#1"},
				"west": {"uv": [10, 5, 14.5, 9.5], "texture": "#1"},
				"up": {"uv": [0, 4.5, 4.5, 0], "texture": "#1"},
				"down": {"uv": [5, 0, 9.5, 4.5], "texture": "#1"}
			}
		},
		{
			"from": [3.5, 3.5, 3.5],
			"to": [12.5, 12.5, 3.5],
			"rotation": {"angle": 0, "axis": "y", "origin": [8, 4, 8]},
			"faces": {
				"north": {"uv": [5, 5, 9.5, 9.5], "texture": "#1"},
				"east": {"uv": [0, 5, 4.5, 9.5], "texture": "#1"},
				"south": {"uv": [5, 5, 9.5, 9.5], "texture": "#1"},
				"west": {"uv": [10, 5, 14.5, 9.5], "texture": "#1"},
				"up": {"uv": [0, 4.5, 4.5, 0], "texture": "#1"},
				"down": {"uv": [5, 0, 9.5, 4.5], "texture": "#1"}
			}
		},
		{
			"from": [3.5, 3.5, 12.5],
			"to": [12.5, 12.5, 12.5],
			"rotation": {"angle": 0, "axis": "y", "origin": [8, 4, 8]},
			"faces": {
				"north": {"uv": [10, 0, 14.5, 4.5], "texture": "#1"},
				"east": {"uv": [0, 5, 4.5, 9.5], "texture": "#1"},
				"south": {"uv": [10, 0, 14.5, 4.5], "texture": "#1"},
				"west": {"uv": [10, 5, 14.5, 9.5], "texture": "#1"},
				"up": {"uv": [0, 4.5, 4.5, 0], "texture": "#1"},
				"down": {"uv": [5, 0, 9.5, 4.5], "texture": "#1"}
			}
		},
		{
			"from": [3.5, 12.5, 3.5],
			"to": [12.5, 12.5, 12.5],
			"rotation": {"angle": 0, "axis": "y", "origin": [8, 4, 8]},
			"faces": {
				"north": {"uv": [5, 5, 9.5, 9.5], "texture": "#1"},
				"east": {"uv": [0, 5, 4.5, 9.5], "texture": "#1"},
				"south": {"uv": [10, 0, 14.5, 4.5], "texture": "#1"},
				"west": {"uv": [10, 5, 14.5, 9.5], "texture": "#1"},
				"up": {"uv": [0, 4.5, 4.5, 0], "texture": "#1"},
				"down": {"uv": [0, 0, 4.5, 4.5], "texture": "#1"}
			}
		},
		{
			"from": [3.5, 3.5, 3.5],
			"to": [12.5, 3.5, 12.5],
			"rotation": {"angle": 0, "axis": "y", "origin": [8, 4, 8]},
			"faces": {
				"north": {"uv": [5, 5, 9.5, 9.5], "texture": "#1"},
				"east": {"uv": [0, 5, 4.5, 9.5], "texture": "#1"},
				"south": {"uv": [10, 0, 14.5, 4.5], "texture": "#1"},
				"west": {"uv": [10, 5, 14.5, 9.5], "texture": "#1"},
				"up": {"uv": [5, 4.5, 9.5, 0], "texture": "#1"},
				"down": {"uv": [5, 0, 9.5, 4.5], "texture": "#1"}
			}
		},
		{
			"from": [12.525, 6.5, 10.5],
			"to": [13.525, 11.5, 12.5],
			"rotation": {"angle": 45, "axis": "x", "origin": [13.025, 9, 11.5]},
			"faces": {
				"north": {"uv": [3, 10, 3.5, 12.5], "texture": "#1"},
				"east": {"uv": [0, 10, 1, 12.5], "texture": "#1"},
				"south": {"uv": [4, 10, 4.5, 12.5], "texture": "#1"},
				"west": {"uv": [4.5, 10, 4, 12.5], "texture": "#1"},
				"up": {"uv": [3, 10, 3.5, 11], "texture": "#1"},
				"down": {"uv": [4, 11.5, 4.5, 12.5], "texture": "#1"}
			}
		},
		{
			"from": [2.475, 6.5, 10.5],
			"to": [3.475, 11.5, 12.5],
			"rotation": {"angle": 45, "axis": "x", "origin": [2.975, 9, 11.5]},
			"faces": {
				"north": {"uv": [3.5, 10, 3, 12.5], "texture": "#1"},
				"east": {"uv": [4, 10, 4.5, 12.5], "texture": "#1"},
				"south": {"uv": [4.5, 10, 4, 12.5], "texture": "#1"},
				"west": {"uv": [2.5, 10, 1.5, 12.5], "texture": "#1"},
				"up": {"uv": [3.5, 10, 3, 11], "texture": "#1"},
				"down": {"uv": [4.5, 11.5, 4, 12.5], "texture": "#1"}
			}
		}
	],
	"gui_light": "front",
	"display": {
		"thirdperson_righthand": {
			"rotation": [75, 35, 0],
			"translation": [0, 2.75, 1.5],
			"scale": [0.5, 0.5, 0.5]
		},
		"thirdperson_lefthand": {
			"rotation": [75, 35, 0],
			"translation": [0, 2.75, 1.5],
			"scale": [0.5, 0.5, 0.5]
		},
		"firstperson_righthand": {
			"rotation": [0, 35, 0],
			"scale": [0.6, 0.6, 0.6]
		},
		"firstperson_lefthand": {
			"rotation": [0, 35, 0],
			"scale": [0.6, 0.6, 0.6]
		},
		"ground": {
			"rotation": [0, 180, 0],
			"translation": [0, 2, 0]
		},
		"gui": {
			"rotation": [30, -145, 0],
			"translation": [0.25, 0, 0]
		},
		"head": {
			"scale": [1.62, 1.62, 1.62]
		},
		"fixed": {
			"rotation": [-17.5, 45, 0],
			"translation": [0, 0, -14.75],
			"scale": [2, 2, 2]
		}
	}
}