{
	"credit": "Made with Blockbench",
	"texture_size": [32, 32],
	"textures": {
		"0": "custom/block/box_weekly",
		"particle": "custom/block/box_weekly"
	},
	"elements": [
		{
			"from": [3, 0, 3],
			"to": [3, 9, 13],
			"rotation": {"angle": 0, "axis": "y", "origin": [3, 4.5, 8]},
			"faces": {
				"north": {"uv": [0, 0, 0, 4.5], "texture": "#0"},
				"east": {"uv": [0, 0, 5, 4.5], "texture": "#0"},
				"south": {"uv": [0, 0, 0, 4.5], "texture": "#0"},
				"west": {"uv": [5, 0, 0, 4.5], "texture": "#0"},
				"up": {"uv": [0, 0, 0, 5], "rotation": 180, "texture": "#0"},
				"down": {"uv": [0, 0, 0, 5], "rotation": 180, "texture": "#0"}
			}
		},
		{
			"from": [3, 0, 3],
			"to": [13, 0, 13],
			"rotation": {"angle": 0, "axis": "y", "origin": [8, 0, 8]},
			"faces": {
				"north": {"uv": [0, 0, 5, 0], "texture": "#0"},
				"east": {"uv": [0, 0, 5, 0], "texture": "#0"},
				"south": {"uv": [0, 0, 5, 0], "texture": "#0"},
				"west": {"uv": [0, 0, 5, 0], "texture": "#0"},
				"up": {"uv": [0.25, 15.75, 5.25, 10.75], "texture": "#0"},
				"down": {"uv": [0.25, 5.25, 5.25, 10.25], "texture": "#0"}
			}
		},
		{
			"from": [13, 0, 3],
			"to": [13, 9, 13],
			"rotation": {"angle": 0, "axis": "y", "origin": [13, 4.5, 8]},
			"faces": {
				"north": {"uv": [0, 0, 0, 4.5], "texture": "#0"},
				"east": {"uv": [5, 0, 0, 4.5], "texture": "#0"},
				"south": {"uv": [0, 0, 0, 4.5], "texture": "#0"},
				"west": {"uv": [0, 0, 5, 4.5], "texture": "#0"},
				"up": {"uv": [0, 0, 0, 5], "texture": "#0"},
				"down": {"uv": [0, 0, 0, 5], "texture": "#0"}
			}
		},
		{
			"from": [3, 0, 13],
			"to": [13, 9, 13],
			"rotation": {"angle": 0, "axis": "y", "origin": [8, 4.5, 13]},
			"faces": {
				"north": {"uv": [0, 0, 5, 4.5], "texture": "#0"},
				"east": {"uv": [0, 0, 0, 4.5], "texture": "#0"},
				"south": {"uv": [5, 0, 0, 4.5], "texture": "#0"},
				"west": {"uv": [0, 0, 0, 4.5], "texture": "#0"},
				"up": {"uv": [0, 0, 0, 5], "rotation": 90, "texture": "#0"},
				"down": {"uv": [0, 0, 0, 5], "rotation": 270, "texture": "#0"}
			}
		},
		{
			"from": [3, 0, 3],
			"to": [13, 9, 3],
			"rotation": {"angle": 0, "axis": "y", "origin": [8, 4.5, 3]},
			"faces": {
				"north": {"uv": [5, 0, 0, 4.5], "texture": "#0"},
				"east": {"uv": [0, 0, 0, 4.5], "texture": "#0"},
				"south": {"uv": [0, 0, 5, 4.5], "texture": "#0"},
				"west": {"uv": [0, 0, 0, 4.5], "texture": "#0"},
				"up": {"uv": [0, 0, 0, 5], "rotation": 270, "texture": "#0"},
				"down": {"uv": [0, 0, 0, 5], "rotation": 90, "texture": "#0"}
			}
		},
		{
			"from": [2.5, 8, 2.5],
			"to": [13.5, 10, 13.5],
			"rotation": {"angle": 0, "axis": "y", "origin": [8, 9, 8]},
			"faces": {
				"north": {"uv": [5.5, 5.5, 11, 6.5], "texture": "#0"},
				"east": {"uv": [5.5, 5.5, 11, 6.5], "texture": "#0"},
				"south": {"uv": [5.5, 5.5, 11, 6.5], "texture": "#0"},
				"west": {"uv": [5.5, 5.5, 11, 6.5], "texture": "#0"},
				"up": {"uv": [5.5, 5.5, 11, 0], "texture": "#0"},
				"down": {"uv": [5.5, 6.5, 11, 12], "texture": "#0"}
			}
		},
		{
			"from": [6.5, 0, 13.5],
			"to": [9.5, 8, 13.5],
			"rotation": {"angle": 0, "axis": "y", "origin": [8, 4, 13.5]},
			"faces": {
				"north": {"uv": [11.5, 0, 13, 4], "texture": "#0"},
				"east": {"uv": [0, 0, 0, 4], "texture": "#0"},
				"south": {"uv": [13, 0, 11.5, 4], "texture": "#0"},
				"west": {"uv": [0, 0, 0, 4], "texture": "#0"},
				"up": {"uv": [0, 0, 0, 1.5], "rotation": 90, "texture": "#0"},
				"down": {"uv": [0, 0, 0, 1.5], "rotation": 270, "texture": "#0"}
			}
		},
		{
			"from": [6.5, 0, 13],
			"to": [9.5, 0, 13.5],
			"rotation": {"angle": 0, "axis": "y", "origin": [8, 0, 13.25]},
			"faces": {
				"north": {"uv": [0, 0, 1.5, 0], "texture": "#0"},
				"east": {"uv": [0, 0, 0.25, 0], "texture": "#0"},
				"south": {"uv": [1.5, 0, 0, 0], "texture": "#0"},
				"west": {"uv": [0, 0, 0.25, 0], "texture": "#0"},
				"up": {"uv": [11.5, 3.75, 13, 4], "texture": "#0"},
				"down": {"uv": [11.5, 3.75, 13, 4], "texture": "#0"}
			}
		},
		{
			"from": [2.5, 0, 6.5],
			"to": [3, 0, 9.5],
			"rotation": {"angle": 0, "axis": "y", "origin": [2.75, 0, 8]},
			"faces": {
				"north": {"uv": [0, 0, 0.25, 0], "texture": "#0"},
				"east": {"uv": [0, 0, 1.5, 0], "texture": "#0"},
				"south": {"uv": [0, 0, 0.25, 0], "texture": "#0"},
				"west": {"uv": [1.5, 0, 0, 0], "texture": "#0"},
				"up": {"uv": [11.5, 3.75, 13, 4], "rotation": 90, "texture": "#0"},
				"down": {"uv": [11.5, 3.75, 13, 4], "rotation": 270, "texture": "#0"}
			}
		},
		{
			"from": [2.5, 0, 6.5],
			"to": [2.5, 8, 9.5],
			"rotation": {"angle": 0, "axis": "y", "origin": [2.5, 4, 8]},
			"faces": {
				"north": {"uv": [0, 0, 0, 4], "texture": "#0"},
				"east": {"uv": [11.5, 0, 13, 4], "texture": "#0"},
				"south": {"uv": [0, 0, 0, 4], "texture": "#0"},
				"west": {"uv": [13, 0, 11.5, 4], "texture": "#0"},
				"up": {"uv": [0, 0, 0, 1.5], "rotation": 180, "texture": "#0"},
				"down": {"uv": [0, 0, 0, 1.5], "rotation": 180, "texture": "#0"}
			}
		},
		{
			"from": [6.5, 0, 2.5],
			"to": [9.5, 8, 2.5],
			"rotation": {"angle": 0, "axis": "y", "origin": [8, 4, 2.5]},
			"faces": {
				"north": {"uv": [13, 0, 11.5, 4], "texture": "#0"},
				"east": {"uv": [0, 0, 0, 4], "texture": "#0"},
				"south": {"uv": [11.5, 0, 13, 4], "texture": "#0"},
				"west": {"uv": [0, 0, 0, 4], "texture": "#0"},
				"up": {"uv": [0, 0, 0, 1.5], "rotation": 270, "texture": "#0"},
				"down": {"uv": [0, 0, 0, 1.5], "rotation": 90, "texture": "#0"}
			}
		},
		{
			"from": [6.5, 0, 2.5],
			"to": [9.5, 0, 3],
			"rotation": {"angle": 0, "axis": "y", "origin": [8, 0, 2.75]},
			"faces": {
				"north": {"uv": [1.5, 0, 0, 0], "texture": "#0"},
				"east": {"uv": [0, 0, 0.25, 0], "texture": "#0"},
				"south": {"uv": [0, 0, 1.5, 0], "texture": "#0"},
				"west": {"uv": [0, 0, 0.25, 0], "texture": "#0"},
				"up": {"uv": [11.5, 3.75, 13, 4], "rotation": 180, "texture": "#0"},
				"down": {"uv": [11.5, 3.75, 13, 4], "rotation": 180, "texture": "#0"}
			}
		},
		{
			"from": [13.5, 0, 6.5],
			"to": [13.5, 8, 9.5],
			"rotation": {"angle": 0, "axis": "y", "origin": [13.5, 4, 8]},
			"faces": {
				"north": {"uv": [0, 0, 0, 4], "texture": "#0"},
				"east": {"uv": [13, 0, 11.5, 4], "texture": "#0"},
				"south": {"uv": [0, 0, 0, 4], "texture": "#0"},
				"west": {"uv": [11.5, 0, 13, 4], "texture": "#0"},
				"up": {"uv": [0, 0, 0, 1.5], "texture": "#0"},
				"down": {"uv": [0, 0, 0, 1.5], "texture": "#0"}
			}
		},
		{
			"from": [13, 0, 6.5],
			"to": [13.5, 0, 9.5],
			"rotation": {"angle": 0, "axis": "y", "origin": [13.25, 0, 8]},
			"faces": {
				"north": {"uv": [0, 0, 0.25, 0], "texture": "#0"},
				"east": {"uv": [1.5, 0, 0, 0], "texture": "#0"},
				"south": {"uv": [0, 0, 0.25, 0], "texture": "#0"},
				"west": {"uv": [0, 0, 1.5, 0], "texture": "#0"},
				"up": {"uv": [11.5, 3.75, 13, 4], "rotation": 270, "texture": "#0"},
				"down": {"uv": [11.5, 3.75, 13, 4], "rotation": 90, "texture": "#0"}
			}
		},
		{
			"from": [3.5, 10.6, 6.5],
			"to": [6.5, 13.6, 9.5],
			"rotation": {"angle": -22.5, "axis": "z", "origin": [3.5, 10.6, 8]},
			"faces": {
				"north": {"uv": [16, 0, 14.5, 1.5], "texture": "#0"},
				"east": {"uv": [13, 1, 14.5, 1.5], "texture": "#0"},
				"south": {"uv": [14.5, 0, 16, 1.5], "texture": "#0"},
				"west": {"uv": [13, 1.5, 14.5, 3], "texture": "#0"},
				"up": {"uv": [13, 1.5, 14.5, 0], "rotation": 90, "texture": "#0"},
				"down": {"uv": [13, 1.5, 14.5, 3], "rotation": 270, "texture": "#0"}
			}
		},
		{
			"from": [9.5, 10.6, 6.5],
			"to": [12.5, 13.6, 9.5],
			"rotation": {"angle": 22.5, "axis": "z", "origin": [12.5, 10.6, 8]},
			"faces": {
				"north": {"uv": [14.5, 0, 16, 1.5], "texture": "#0"},
				"east": {"uv": [14.5, 1.5, 13, 3], "texture": "#0"},
				"south": {"uv": [16, 0, 14.5, 1.5], "texture": "#0"},
				"west": {"uv": [14.5, 1, 13, 1.5], "texture": "#0"},
				"up": {"uv": [13, 0, 14.5, 1.5], "rotation": 90, "texture": "#0"},
				"down": {"uv": [13, 3, 14.5, 1.5], "rotation": 270, "texture": "#0"}
			}
		},
		{
			"from": [6.5, 10.6, 3.5],
			"to": [9.5, 13.6, 6.5],
			"rotation": {"angle": 22.5, "axis": "x", "origin": [8, 10.6, 3.5]},
			"faces": {
				"north": {"uv": [13, 1.5, 14.5, 3], "texture": "#0"},
				"east": {"uv": [16, 0, 14.5, 1.5], "texture": "#0"},
				"south": {"uv": [13, 1, 14.5, 1.5], "texture": "#0"},
				"west": {"uv": [14.5, 0, 16, 1.5], "texture": "#0"},
				"up": {"uv": [13, 1.5, 14.5, 0], "rotation": 180, "texture": "#0"},
				"down": {"uv": [13, 1.5, 14.5, 3], "rotation": 180, "texture": "#0"}
			}
		},
		{
			"from": [6.5, 10.6, 9.5],
			"to": [9.5, 13.6, 12.5],
			"rotation": {"angle": -22.5, "axis": "x", "origin": [8, 10.6, 12.5]},
			"faces": {
				"north": {"uv": [14.5, 1, 13, 1.5], "texture": "#0"},
				"east": {"uv": [14.5, 0, 16, 1.5], "texture": "#0"},
				"south": {"uv": [14.5, 1.5, 13, 3], "texture": "#0"},
				"west": {"uv": [16, 0, 14.5, 1.5], "texture": "#0"},
				"up": {"uv": [13, 0, 14.5, 1.5], "rotation": 180, "texture": "#0"},
				"down": {"uv": [13, 3, 14.5, 1.5], "rotation": 180, "texture": "#0"}
			}
		},
		{
			"from": [6.5, 12.6, 6.5],
			"to": [9.5, 13.6, 9.5],
			"rotation": {"angle": 0, "axis": "y", "origin": [8, 12.6, 8]},
			"faces": {
				"north": {"uv": [11.5, 5.5, 13, 6], "texture": "#0"},
				"east": {"uv": [11.5, 5.5, 13, 6], "texture": "#0"},
				"south": {"uv": [11.5, 5.5, 13, 6], "texture": "#0"},
				"west": {"uv": [11.5, 5.5, 13, 6], "texture": "#0"},
				"up": {"uv": [11.5, 5.5, 13, 4], "texture": "#0"},
				"down": {"uv": [11.5, 4, 13, 5.5], "texture": "#0"}
			}
		}
	],
	"display": {
		"thirdperson_righthand": {
			"rotation": [75, 35, 0],
			"translation": [0, 2.25, 1.25],
			"scale": [0.31, 0.31, 0.31]
		},
		"thirdperson_lefthand": {
			"rotation": [75, -35, 0],
			"translation": [0, 2.25, 1.25],
			"scale": [0.31, 0.31, 0.31]
		},
		"firstperson_righthand": {
			"rotation": [0, 35, 0],
			"translation": [0, 1.75, 0],
			"scale": [0.4, 0.4, 0.4]
		},
		"firstperson_lefthand": {
			"rotation": [0, 35, 0],
			"translation": [0, 1.75, 0],
			"scale": [0.4, 0.4, 0.4]
		},
		"ground": {
			"translation": [0, 6, 0]
		},
		"gui": {
			"rotation": [30, 135, 0],
			"translation": [0, 2, 0],
			"scale": [0.9, 0.9, 0.9]
		},
		"head": {
			"translation": [0, 12.25, 0],
			"scale": [0.72, 0.72, 0.72]
		},
		"fixed": {
			"rotation": [-90, 0, 0],
			"translation": [0, -1, -16.01],
			"scale": [1.99, 1.99, 1.99]
		}
	}
}