{
	"credit": "Made with Blockbench",
	"texture_size": [8, 8],
	"textures": {
		"0": "custom/block/bunny_ears",
		"particle": "custom/block/bunny_ears"
	},
	"elements": [
		{
			"from": [10, 11, 8],
			"to": [13, 18, 9],
			"rotation": {"angle": -22.5, "axis": "z", "origin": [10, 11, 8]},
			"faces": {
				"north": {"uv": [6, 0, 0, 14], "texture": "#0"},
				"east": {"uv": [0, 0, 2, 14], "texture": "#0"},
				"south": {"uv": [10, 0, 4, 14], "texture": "#0"},
				"west": {"uv": [0, 0, 2, 14], "texture": "#0"},
				"up": {"uv": [0, 0, 6, 2], "texture": "#0"},
				"down": {"uv": [0, 0, 6, 2], "texture": "#0"}
			}
		},
		{
			"from": [3, 11, 8],
			"to": [6, 18, 9],
			"rotation": {"angle": 22.5, "axis": "z", "origin": [6, 11, 8]},
			"faces": {
				"north": {"uv": [0, 0, 6, 14], "texture": "#0"},
				"east": {"uv": [2, 0, 0, 14], "texture": "#0"},
				"south": {"uv": [4, 0, 10, 14], "texture": "#0"},
				"west": {"uv": [2, 0, 0, 14], "texture": "#0"},
				"up": {"uv": [6, 0, 0, 2], "texture": "#0"},
				"down": {"uv": [6, 0, 0, 2], "texture": "#0"}
			}
		}
	],
	"gui_light": "front",
	"display": {
		"thirdperson_righthand": {
			"rotation": [75, 35, 0],
			"translation": [0, 1.75, -0.5],
			"scale": [0.5, 0.5, 0.5]
		},
		"thirdperson_lefthand": {
			"rotation": [75, 35, 0],
			"translation": [0, 1.75, -0.5],
			"scale": [0.5, 0.5, 0.5]
		},
		"firstperson_righthand": {
			"rotation": [0, 35, 0],
			"scale": [0.7, 0.7, 0.7]
		},
		"firstperson_lefthand": {
			"rotation": [0, 35, 0],
			"scale": [0.7, 0.7, 0.7]
		},
		"ground": {
			"rotation": [0, 180, 0],
			"translation": [0, 2, 0]
		},
		"gui": {
			"rotation": [30, -145, 0],
			"translation": [0.25, -3.25, 0]
		},
		"head": {
			"scale": [1.62, 1.62, 1.62]
		},
		"fixed": {
			"rotation": [-17.5, 0, 0],
			"translation": [0, -9.25, 0],
			"scale": [2, 2, 2]
		}
	}
}