{
	"credit": "Made with Blockbench",
	"texture_size": [512, 512],
	"textures": {
		"1": "custom/block/donator_board",
		"2": "custom/block/donator_board_text1",
		"particle": "custom/block/donator_board_text1"
	},
	"elements": [
		{
			"from": [2, -16, 8],
			"to": [14, 32, 8],
			"faces": {
				"north": {"uv": [6, 0, 8, 8], "texture": "#1"},
				"east": {"uv": [0, 0, 0, 0], "texture": "#1"},
				"south": {"uv": [8, 0, 6, 8], "texture": "#1"},
				"west": {"uv": [0, 0, 0, 0], "texture": "#1"},
				"up": {"uv": [0, 0, 0, 0], "texture": "#1"},
				"down": {"uv": [0, 0, 0, 0], "texture": "#1"}
			}
		},
		{
			"from": [-1, -7.5, 7.35],
			"to": [11, 15.3, 7.35],
			"rotation": {"angle": 0, "axis": "y", "origin": [5, 6.4, 7.75]},
			"faces": {
				"north": {"uv": [0, 0, 5.3125, 10.09375], "texture": "#2"},
				"east": {"uv": [0, 0, 0, 0], "texture": "#2"},
				"south": {"uv": [5.3125, 0, 0, 10.09375], "texture": "#2"},
				"west": {"uv": [0, 0, 0, 0], "texture": "#2"},
				"up": {"uv": [0, 0, 0, 0], "texture": "#2"},
				"down": {"uv": [0, 0, 0, 0], "texture": "#2"}
			}
		},
		{
			"from": [1.75, 16.5, 6.5],
			"to": [8.25, 18, 6.5],
			"rotation": {"angle": 0, "axis": "y", "origin": [5.25, 19.75, 6.5]},
			"faces": {
				"north": {"uv": [0, 15.53125, 2.03125, 16], "texture": "#2"},
				"east": {"uv": [0, 0, 0, 0], "texture": "#2"},
				"south": {"uv": [2.03125, 15.53125, 0, 16], "texture": "#2"},
				"west": {"uv": [0, 0, 0, 0], "texture": "#2"},
				"up": {"uv": [0, 0, 0, 0], "texture": "#2"},
				"down": {"uv": [0, 0, 0, 0], "texture": "#2"}
			}
		},
		{
			"from": [3, 18.5, 7.25],
			"to": [7, 22.5, 7.25],
			"rotation": {"angle": 0, "axis": "y", "origin": [5, 23, 7.25]},
			"faces": {
				"north": {"uv": [0, 14.875, 0.625, 15.5], "texture": "#2"},
				"east": {"uv": [0, 0, 0, 0], "texture": "#2"},
				"south": {"uv": [0.625, 14.875, 0, 15.5], "texture": "#2"},
				"west": {"uv": [0, 0, 0, 0], "texture": "#2"},
				"up": {"uv": [0, 0, 0, 0], "texture": "#2"},
				"down": {"uv": [0, 0, 0, 0], "texture": "#2"}
			}
		}
	],
	"display": {
		"thirdperson_righthand": {
			"rotation": [90, -90, 0],
			"translation": [0, 7.5, 3],
			"scale": [0.31, 0.31, 0.31]
		},
		"thirdperson_lefthand": {
			"rotation": [90, 90, 0],
			"translation": [0, 7.5, 3],
			"scale": [0.31, 0.31, 0.31]
		},
		"firstperson_righthand": {
			"rotation": [0, -90, 0],
			"translation": [0, 3.75, 0],
			"scale": [0.4, 0.4, 0.4]
		},
		"firstperson_lefthand": {
			"rotation": [0, 90, 0],
			"translation": [0, 3.75, 0],
			"scale": [0.4, 0.4, 0.4]
		},
		"ground": {
			"translation": [0, 5, 0]
		},
		"gui": {
			"rotation": [0, -180, 23],
			"translation": [0, 1.25, 0],
			"scale": [0.57, 0.57, 0.57]
		},
		"head": {
			"scale": [2.667, 2.667, 2.667]
		},
		"fixed": {
			"translation": [0, -4, -0.05],
			"scale": [2.667, 2.667, 2.667]
		}
	}
}