{
	"credit": "Made with Blockbench",
	"parent": "minecraft:block/cube",
	"texture_size": [64, 64],
	"textures": {
		"0": "custom/block/excavator",
		"1": "custom/block/excavator_drill",
		"particle": "custom/block/excavator"
	},
	"elements": [
		{
			"from": [0, 0, 0],
			"to": [16, 16, 16],
			"rotation": {"angle": 0, "axis": "y", "origin": [8, 16, 8]},
			"faces": {
				"north": {"uv": [0, 0, 4, 4], "texture": "#0"},
				"east": {"uv": [0, 0, 4, 4], "texture": "#0"},
				"south": {"uv": [0, 0, 4, 4], "texture": "#0"},
				"west": {"uv": [0, 0, 4, 4], "texture": "#0"},
				"up": {"uv": [0, 0, 4, 4], "texture": "#0"},
				"down": {"uv": [0, 0, 4, 4], "texture": "#0"}
			}
		},
		{
			"from": [3, 16, 3],
			"to": [13, 23, 13],
			"rotation": {"angle": 0, "axis": "y", "origin": [8, 16, 8]},
			"faces": {
				"north": {"uv": [5, 6.5, 7.5, 8.25], "texture": "#0"},
				"east": {"uv": [5, 6.5, 7.5, 8.25], "texture": "#0"},
				"south": {"uv": [5, 6.5, 7.5, 8.25], "texture": "#0"},
				"west": {"uv": [5, 6.5, 7.5, 8.25], "texture": "#0"},
				"up": {"uv": [5, 6.5, 7.5, 9], "texture": "#0"},
				"down": {"uv": [5, 6.5, 7.5, 9], "texture": "#0"}
			}
		},
		{
			"from": [6, 24, 7],
			"to": [10, 29, 9],
			"rotation": {"angle": 0, "axis": "y", "origin": [8, 16, 8]},
			"faces": {
				"north": {"uv": [8, 0, 0, 10], "texture": "#1"},
				"east": {"uv": [2, 0, 6, 10], "texture": "#1"},
				"south": {"uv": [8, 0, 0, 10], "texture": "#1"},
				"west": {"uv": [2, 0, 6, 10], "texture": "#1"},
				"up": {"uv": [0, 0, 8, 4], "texture": "#1"},
				"down": {"uv": [0, 0, 8, 4], "texture": "#1"}
			}
		},
		{
			"from": [7, 24, 6],
			"to": [9, 29, 10],
			"rotation": {"angle": 0, "axis": "y", "origin": [8, 16, 8]},
			"faces": {
				"north": {"uv": [2, 0, 6, 10], "texture": "#1"},
				"east": {"uv": [8, 0, 0, 10], "texture": "#1"},
				"south": {"uv": [2, 0, 6, 10], "texture": "#1"},
				"west": {"uv": [8, 0, 0, 10], "texture": "#1"},
				"up": {"uv": [0, 0, 4, 8], "texture": "#1"},
				"down": {"uv": [0, 0, 4, 8], "texture": "#1"}
			}
		},
		{
			"from": [7, 23, 7],
			"to": [9, 24, 9],
			"rotation": {"angle": 0, "axis": "y", "origin": [8, 16, 8]},
			"faces": {
				"north": {"uv": [2, 10, 6, 12], "texture": "#1"},
				"east": {"uv": [2, 10, 6, 12], "texture": "#1"},
				"south": {"uv": [2, 10, 6, 12], "texture": "#1"},
				"west": {"uv": [2, 10, 6, 12], "texture": "#1"},
				"up": {"uv": [2, 8, 6, 12], "texture": "#1"},
				"down": {"uv": [2, 8, 6, 12], "texture": "#1"}
			}
		},
		{
			"from": [4, 29, 4],
			"to": [12, 32, 12],
			"rotation": {"angle": 0, "axis": "y", "origin": [8, 16, 8]},
			"faces": {
				"north": {"uv": [4.5, 1, 6.5, 1.75], "texture": "#0"},
				"east": {"uv": [4.5, 1, 6.5, 1.75], "texture": "#0"},
				"south": {"uv": [4.5, 1, 6.5, 1.75], "texture": "#0"},
				"west": {"uv": [4.5, 1, 6.5, 1.75], "texture": "#0"},
				"up": {"uv": [4.5, 1.75, 6.5, 3.75], "texture": "#0"},
				"down": {"uv": [6.5, 1.75, 4.5, 3.75], "texture": "#0"}
			}
		},
		{
			"from": [16, 6, 6],
			"to": [20, 10, 10],
			"rotation": {"angle": 0, "axis": "y", "origin": [8, 16, 8]},
			"faces": {
				"north": {"uv": [5.5, 0, 6.5, 1], "texture": "#0"},
				"east": {"uv": [4.5, 0, 5.5, 1], "texture": "#0"},
				"south": {"uv": [6.5, 0, 5.5, 1], "texture": "#0"},
				"west": {"uv": [4.5, 1, 5.5, 0], "texture": "#0"},
				"up": {"uv": [5.5, 0, 6.5, 1], "rotation": 180, "texture": "#0"},
				"down": {"uv": [5.5, 0, 6.5, 1], "rotation": 180, "texture": "#0"}
			}
		},
		{
			"from": [17, 10, 7],
			"to": [19, 32, 9],
			"rotation": {"angle": 0, "axis": "y", "origin": [8, 16, 8]},
			"faces": {
				"north": {"uv": [4, 0, 4.5, 5.5], "texture": "#0"},
				"east": {"uv": [4, 5.5, 4.5, 0], "texture": "#0"},
				"south": {"uv": [4, 0, 4.5, 5.5], "texture": "#0"},
				"west": {"uv": [4, 5.5, 4.5, 0], "texture": "#0"},
				"up": {"uv": [4.75, 0.25, 5.25, 0.75], "texture": "#0"},
				"down": {"uv": [4.75, 0.25, 5.25, 0.75], "texture": "#0"}
			}
		},
		{
			"from": [-3, 10, 7],
			"to": [-1, 32, 9],
			"rotation": {"angle": 0, "axis": "y", "origin": [8, 16, 8]},
			"faces": {
				"north": {"uv": [4.5, 0, 4, 5.5], "texture": "#0"},
				"east": {"uv": [4.5, 5.5, 4, 0], "texture": "#0"},
				"south": {"uv": [4.5, 0, 4, 5.5], "texture": "#0"},
				"west": {"uv": [4.5, 5.5, 4, 0], "texture": "#0"},
				"up": {"uv": [5.25, 0.25, 4.75, 0.75], "texture": "#0"},
				"down": {"uv": [5.25, 0.25, 4.75, 0.75], "texture": "#0"}
			}
		},
		{
			"from": [-4, 6, 6],
			"to": [0, 10, 10],
			"rotation": {"angle": 0, "axis": "y", "origin": [8, 16, 8]},
			"faces": {
				"north": {"uv": [6.5, 0, 5.5, 1], "texture": "#0"},
				"east": {"uv": [5.5, 1, 4.5, 0], "texture": "#0"},
				"south": {"uv": [5.5, 0, 6.5, 1], "texture": "#0"},
				"west": {"uv": [5.5, 0, 4.5, 1], "texture": "#0"},
				"up": {"uv": [6.5, 0, 5.5, 1], "rotation": 180, "texture": "#0"},
				"down": {"uv": [6.5, 0, 5.5, 1], "rotation": 180, "texture": "#0"}
			}
		},
		{
			"from": [7, 10, 17],
			"to": [9, 32, 19],
			"rotation": {"angle": 0, "axis": "y", "origin": [8, 16, 8]},
			"faces": {
				"north": {"uv": [4, 5.5, 4.5, 0], "texture": "#0"},
				"east": {"uv": [4, 0, 4.5, 5.5], "texture": "#0"},
				"south": {"uv": [4, 5.5, 4.5, 0], "texture": "#0"},
				"west": {"uv": [4, 0, 4.5, 5.5], "texture": "#0"},
				"up": {"uv": [4.75, 0.25, 5.25, 0.75], "rotation": 90, "texture": "#0"},
				"down": {"uv": [4.75, 0.25, 5.25, 0.75], "rotation": 270, "texture": "#0"}
			}
		},
		{
			"from": [6, 6, 16],
			"to": [10, 10, 20],
			"rotation": {"angle": 0, "axis": "y", "origin": [8, 16, 8]},
			"faces": {
				"north": {"uv": [4.5, 1, 5.5, 0], "texture": "#0"},
				"east": {"uv": [5.5, 0, 6.5, 1], "texture": "#0"},
				"south": {"uv": [4.5, 0, 5.5, 1], "texture": "#0"},
				"west": {"uv": [6.5, 0, 5.5, 1], "texture": "#0"},
				"up": {"uv": [5.5, 0, 6.5, 1], "rotation": 270, "texture": "#0"},
				"down": {"uv": [5.5, 0, 6.5, 1], "rotation": 90, "texture": "#0"}
			}
		},
		{
			"from": [7, 10, -3],
			"to": [9, 32, -1],
			"rotation": {"angle": 0, "axis": "y", "origin": [8, 16, 8]},
			"faces": {
				"north": {"uv": [4.5, 5.5, 4, 0], "texture": "#0"},
				"east": {"uv": [4.5, 0, 4, 5.5], "texture": "#0"},
				"south": {"uv": [4.5, 5.5, 4, 0], "texture": "#0"},
				"west": {"uv": [4.5, 0, 4, 5.5], "texture": "#0"},
				"up": {"uv": [5.25, 0.25, 4.75, 0.75], "rotation": 90, "texture": "#0"},
				"down": {"uv": [5.25, 0.25, 4.75, 0.75], "rotation": 270, "texture": "#0"}
			}
		},
		{
			"from": [6, 6, -4],
			"to": [10, 10, 0],
			"rotation": {"angle": 0, "axis": "y", "origin": [8, 16, 8]},
			"faces": {
				"north": {"uv": [5.5, 0, 4.5, 1], "texture": "#0"},
				"east": {"uv": [6.5, 0, 5.5, 1], "texture": "#0"},
				"south": {"uv": [5.5, 1, 4.5, 0], "texture": "#0"},
				"west": {"uv": [5.5, 0, 6.5, 1], "texture": "#0"},
				"up": {"uv": [6.5, 0, 5.5, 1], "rotation": 270, "texture": "#0"},
				"down": {"uv": [6.5, 0, 5.5, 1], "rotation": 90, "texture": "#0"}
			}
		},
		{
			"from": [16, 0, 5],
			"to": [22, 3, 11],
			"rotation": {"angle": 0, "axis": "y", "origin": [8, 16, 8]},
			"faces": {
				"north": {"uv": [6.5, 0, 8, 0.75], "texture": "#0"},
				"east": {"uv": [6.5, 0, 8, 0.75], "texture": "#0"},
				"south": {"uv": [8, 0, 6.5, 0.75], "texture": "#0"},
				"west": {"uv": [6.5, 0.75, 8, 0], "texture": "#0"},
				"up": {"uv": [6.5, 0.75, 8, 2.25], "rotation": 180, "texture": "#0"},
				"down": {"uv": [6.5, 0.75, 8, 2.25], "rotation": 180, "texture": "#0"}
			}
		},
		{
			"from": [-6, 0, 5],
			"to": [0, 3, 11],
			"rotation": {"angle": 0, "axis": "y", "origin": [8, 16, 8]},
			"faces": {
				"north": {"uv": [8, 0, 6.5, 0.75], "texture": "#0"},
				"east": {"uv": [8, 0.75, 6.5, 0], "texture": "#0"},
				"south": {"uv": [6.5, 0, 8, 0.75], "texture": "#0"},
				"west": {"uv": [8, 0, 6.5, 0.75], "texture": "#0"},
				"up": {"uv": [8, 0.75, 6.5, 2.25], "rotation": 180, "texture": "#0"},
				"down": {"uv": [8, 0.75, 6.5, 2.25], "rotation": 180, "texture": "#0"}
			}
		},
		{
			"from": [5, 0, 16],
			"to": [11, 3, 22],
			"rotation": {"angle": 0, "axis": "y", "origin": [8, 16, 8]},
			"faces": {
				"north": {"uv": [6.5, 0.75, 8, 0], "texture": "#0"},
				"east": {"uv": [6.5, 0, 8, 0.75], "texture": "#0"},
				"south": {"uv": [6.5, 0, 8, 0.75], "texture": "#0"},
				"west": {"uv": [8, 0, 6.5, 0.75], "texture": "#0"},
				"up": {"uv": [6.5, 0.75, 8, 2.25], "rotation": 270, "texture": "#0"},
				"down": {"uv": [6.5, 0.75, 8, 2.25], "rotation": 90, "texture": "#0"}
			}
		},
		{
			"from": [5, 0, -6],
			"to": [11, 3, 0],
			"rotation": {"angle": 0, "axis": "y", "origin": [8, 16, 8]},
			"faces": {
				"north": {"uv": [8, 0, 6.5, 0.75], "texture": "#0"},
				"east": {"uv": [8, 0, 6.5, 0.75], "texture": "#0"},
				"south": {"uv": [8, 0.75, 6.5, 0], "texture": "#0"},
				"west": {"uv": [6.5, 0, 8, 0.75], "texture": "#0"},
				"up": {"uv": [8, 0.75, 6.5, 2.25], "rotation": 270, "texture": "#0"},
				"down": {"uv": [8, 0.75, 6.5, 2.25], "rotation": 90, "texture": "#0"}
			}
		}
	],
	"display": {
		"thirdperson_righthand": {
			"rotation": [75, 45, 0],
			"translation": [0, 2.5, 0],
			"scale": [0.375, 0.375, 0.375]
		},
		"thirdperson_lefthand": {
			"rotation": [75, -45, 0],
			"translation": [0, 2.5, 0],
			"scale": [0.375, 0.375, 0.375]
		},
		"firstperson_righthand": {
			"rotation": [0, 45, 0],
			"scale": [0.4, 0.4, 0.4]
		},
		"firstperson_lefthand": {
			"rotation": [0, -135, 0],
			"scale": [0.4, 0.4, 0.4]
		},
		"ground": {
			"translation": [0, 3, 0],
			"scale": [0.25, 0.25, 0.25]
		},
		"gui": {
			"rotation": [30, -135, 0],
			"scale": [0.625, 0.625, 0.625]
		}
	}
}