{
	"credit": "Made with Blockbench",
	"textures": {
		"0": "custom/block/floater",
		"particle": "custom/block/floater"
	},
	"elements": [
		{
			"from": [3.5, 2, 3.5],
			"to": [3.5, 9, 12.5],
			"rotation": {"angle": 0, "axis": "y", "origin": [8, 5.25, 8]},
			"faces": {
				"north": {"uv": [0, 9, 0, 16], "texture": "#0"},
				"east": {"uv": [0, 9, 9, 16], "texture": "#0"},
				"south": {"uv": [0, 9, 0, 16], "texture": "#0"},
				"west": {"uv": [0, 9, 9, 16], "texture": "#0"},
				"up": {"uv": [0, 0, 0, 9], "texture": "#0"},
				"down": {"uv": [0, 0, 0, 9], "texture": "#0"}
			}
		},
		{
			"from": [3.5, 2, 3.5],
			"to": [12.5, 9, 3.5],
			"rotation": {"angle": 0, "axis": "y", "origin": [8, 5.25, 8]},
			"faces": {
				"north": {"uv": [0, 9, 9, 16], "texture": "#0"},
				"east": {"uv": [0, 9, 0, 16], "texture": "#0"},
				"south": {"uv": [0, 9, 9, 16], "texture": "#0"},
				"west": {"uv": [0, 9, 0, 16], "texture": "#0"},
				"up": {"uv": [0, 0, 9, 0], "texture": "#0"},
				"down": {"uv": [0, 0, 9, 0], "texture": "#0"}
			}
		},
		{
			"from": [3.5, 9, 3.5],
			"to": [12.5, 9, 12.5],
			"rotation": {"angle": 0, "axis": "y", "origin": [8, 5.25, 8]},
			"faces": {
				"north": {"uv": [0, 9, 9, 9], "texture": "#0"},
				"east": {"uv": [0, 9, 9, 9], "texture": "#0"},
				"south": {"uv": [0, 9, 9, 9], "texture": "#0"},
				"west": {"uv": [0, 9, 9, 9], "texture": "#0"},
				"up": {"uv": [0, 0, 9, 9], "texture": "#0"},
				"down": {"uv": [0, 0, 9, 9], "texture": "#0"}
			}
		},
		{
			"from": [12.5, 2, 3.5],
			"to": [12.5, 9, 12.5],
			"rotation": {"angle": 0, "axis": "y", "origin": [8, 5.25, 8]},
			"faces": {
				"north": {"uv": [0, 9, 0, 16], "texture": "#0"},
				"east": {"uv": [0, 9, 9, 16], "texture": "#0"},
				"south": {"uv": [0, 9, 0, 16], "texture": "#0"},
				"west": {"uv": [0, 9, 9, 16], "texture": "#0"},
				"up": {"uv": [0, 0, 0, 9], "texture": "#0"},
				"down": {"uv": [0, 0, 0, 9], "texture": "#0"}
			}
		},
		{
			"from": [3.5, 2, 12.5],
			"to": [12.5, 9, 12.5],
			"rotation": {"angle": 0, "axis": "y", "origin": [8, 5.25, 8]},
			"faces": {
				"north": {"uv": [0, 9, 9, 16], "texture": "#0"},
				"east": {"uv": [0, 9, 0, 16], "texture": "#0"},
				"south": {"uv": [0, 9, 9, 16], "texture": "#0"},
				"west": {"uv": [0, 9, 0, 16], "texture": "#0"},
				"up": {"uv": [0, 0, 9, 0], "texture": "#0"},
				"down": {"uv": [0, 0, 9, 0], "texture": "#0"}
			}
		}
	],
	"display": {
		"thirdperson_righthand": {
			"rotation": [75, -135, 0],
			"translation": [0, 2.75, 2.5],
			"scale": [0.31, 0.31, 0.31]
		},
		"thirdperson_lefthand": {
			"rotation": [75, 135, 0],
			"translation": [0, 2.75, 2.5],
			"scale": [0.31, 0.31, 0.31]
		},
		"firstperson_righthand": {
			"rotation": [0, -135, 0],
			"translation": [0, 3.75, 1.75],
			"scale": [0.4, 0.4, 0.4]
		},
		"firstperson_lefthand": {
			"rotation": [0, -135, 0],
			"translation": [0, 3.75, 1.75],
			"scale": [0.4, 0.4, 0.4]
		},
		"ground": {
			"rotation": [0, 180, 0],
			"translation": [0, 5, 0]
		},
		"gui": {
			"rotation": [30, 45, 0],
			"translation": [0, 1.75, 0],
			"scale": [0.9, 0.9, 0.9]
		},
		"head": {
			"rotation": [0, 180, 0],
			"translation": [0, 5.5, 0],
			"scale": [1.58, 1.58, 1.58]
		},
		"fixed": {
			"rotation": [-90, 180, 0],
			"translation": [0, 0, -12],
			"scale": [2, 2, 2]
		}
	}
}