{
	"credit": "Made with Blockbench",
	"textures": {
		"0": "custom/block/npc_shop",
		"particle": "custom/block/npc_shop"
	},
	"elements": [
		{
			"from": [2, 1, 5.5],
			"to": [14, 14, 6.5],
			"rotation": {"angle": -22.5, "axis": "z", "origin": [8, 7.5, 8]},
			"faces": {
				"north": {"uv": [0, 0, 12, 13], "texture": "#0"},
				"east": {"uv": [15, 0, 16, 13], "texture": "#0"},
				"south": {"uv": [0, 0, 12, 13], "texture": "#0"},
				"west": {"uv": [11, 0, 12, 13], "texture": "#0"},
				"up": {"uv": [0, 0, 12, 1], "texture": "#0"},
				"down": {"uv": [0, 0, 12, 1], "texture": "#0"}
			}
		},
		{
			"from": [5.5, 14, 6.5],
			"to": [10.5, 17, 6.5],
			"rotation": {"angle": -22.5, "axis": "z", "origin": [8, 7.5, 8]},
			"faces": {
				"north": {"uv": [11, 13, 16, 16], "texture": "#0"},
				"east": {"uv": [13, 16, 13, 16], "texture": "#0"},
				"south": {"uv": [11, 13, 16, 16], "texture": "#0"},
				"west": {"uv": [13, 16, 13, 16], "texture": "#0"},
				"up": {"uv": [0, 0, 4, 0], "texture": "#0"},
				"down": {"uv": [0, 0, 4, 0], "texture": "#0"}
			}
		},
		{
			"from": [5.5, 14, 9.5],
			"to": [10.5, 17, 9.5],
			"rotation": {"angle": -22.5, "axis": "z", "origin": [8, 7.5, 8]},
			"faces": {
				"north": {"uv": [11, 13, 16, 16], "texture": "#0"},
				"east": {"uv": [13, 16, 13, 16], "texture": "#0"},
				"south": {"uv": [11, 13, 16, 16], "texture": "#0"},
				"west": {"uv": [13, 16, 13, 16], "texture": "#0"},
				"up": {"uv": [0, 0, 4, 0], "texture": "#0"},
				"down": {"uv": [0, 0, 4, 0], "texture": "#0"}
			}
		},
		{
			"from": [2, 1, 6.5],
			"to": [3, 14, 9.5],
			"rotation": {"angle": -22.5, "axis": "z", "origin": [8, 7.5, 8]},
			"faces": {
				"north": {"uv": [0, 0, 1, 13], "texture": "#0"},
				"east": {"uv": [12, 0, 15, 13], "texture": "#0"},
				"south": {"uv": [0, 0, 1, 13], "texture": "#0"},
				"west": {"uv": [12, 0, 15, 13], "texture": "#0"},
				"up": {"uv": [9, 0, 12, 1], "rotation": 90, "texture": "#0"},
				"down": {"uv": [12, 12, 15, 13], "rotation": 90, "texture": "#0"}
			}
		},
		{
			"from": [3, 1, 6.5],
			"to": [13, 2, 9.5],
			"rotation": {"angle": -22.5, "axis": "z", "origin": [8, 7.5, 8]},
			"faces": {
				"north": {"uv": [1, 13, 11, 14], "texture": "#0"},
				"east": {"uv": [8, 13, 11, 14], "texture": "#0"},
				"south": {"uv": [1, 13, 11, 14], "texture": "#0"},
				"west": {"uv": [8, 13, 11, 14], "texture": "#0"},
				"up": {"uv": [1, 13, 11, 16], "texture": "#0"},
				"down": {"uv": [1, 13, 11, 16], "texture": "#0"}
			}
		},
		{
			"from": [13, 1, 6.5],
			"to": [14, 14, 9.5],
			"rotation": {"angle": -22.5, "axis": "z", "origin": [8, 7.5, 8]},
			"faces": {
				"north": {"uv": [0, 0, 1, 13], "texture": "#0"},
				"east": {"uv": [12, 0, 15, 13], "texture": "#0"},
				"south": {"uv": [0, 0, 1, 13], "texture": "#0"},
				"west": {"uv": [12, 0, 15, 13], "texture": "#0"},
				"up": {"uv": [9, 0, 12, 1], "rotation": 270, "texture": "#0"},
				"down": {"uv": [12, 12, 15, 13], "rotation": 270, "texture": "#0"}
			}
		},
		{
			"from": [2, 1, 9.5],
			"to": [14, 14, 10.5],
			"rotation": {"angle": -22.5, "axis": "z", "origin": [8, 7.5, 8]},
			"faces": {
				"north": {"uv": [0, 0, 12, 13], "texture": "#0"},
				"east": {"uv": [11, 0, 12, 13], "texture": "#0"},
				"south": {"uv": [0, 0, 12, 13], "texture": "#0"},
				"west": {"uv": [15, 0, 16, 13], "texture": "#0"},
				"up": {"uv": [0, 0, 12, 1], "rotation": 180, "texture": "#0"},
				"down": {"uv": [0, 0, 12, 1], "rotation": 180, "texture": "#0"}
			}
		}
	],
	"gui_light": "front",
	"display": {
		"thirdperson_righthand": {
			"rotation": [-14, 90, 116],
			"translation": [0, -2, -5.75],
			"scale": [0.81, 0.81, 0.81]
		},
		"thirdperson_lefthand": {
			"rotation": [-76, -90, -180],
			"translation": [0, -2, -5.75],
			"scale": [0.81, 0.81, 0.81]
		},
		"firstperson_righthand": {
			"rotation": [0, 80, 0],
			"translation": [10.25, -5, -3.5]
		},
		"firstperson_lefthand": {
			"rotation": [0, -100, 0],
			"translation": [10.25, -5, -3.5]
		},
		"ground": {
			"translation": [0, 3.5, 0]
		},
		"gui": {
			"rotation": [0, 145, 42],
			"translation": [1.25, 1.25, 0],
			"scale": [1.5, 1.5, 1.5]
		},
		"head": {
			"rotation": [0, 90, 0],
			"translation": [0, 14, 0]
		},
		"fixed": {
			"translation": [0, 0, -10],
			"scale": [2, 2, 2]
		}
	}
}