{
	"credit": "Made with Blockbench",
	"textures": {
		"0": "item/iron_sword",
		"1": "custom/block/npc_bounties",
		"particle": "item/iron_sword"
	},
	"elements": [
		{
			"from": [5, 8, 10],
			"to": [13, 16, 11],
			"rotation": {"angle": -22.5, "axis": "z", "origin": [9, 12, 10.5]},
			"faces": {
				"north": {"uv": [0, 0, 8, 8], "texture": "#1"},
				"east": {"uv": [7, 0, 8, 8], "texture": "#1"},
				"south": {"uv": [0, 2, 8, 10], "texture": "#1"},
				"west": {"uv": [0, 0, 1, 8], "texture": "#1"},
				"up": {"uv": [0, 0, 8, 1], "texture": "#1"},
				"down": {"uv": [0, 14, 8, 15], "texture": "#1"}
			}
		},
		{
			"from": [5, 16, 9],
			"to": [13, 18, 11],
			"rotation": {"angle": -22.5, "axis": "z", "origin": [9, 12, 10.5]},
			"faces": {
				"north": {"uv": [8, 0, 16, 2], "texture": "#1"},
				"east": {"uv": [0, 8, 2, 10], "rotation": 180, "texture": "#1"},
				"south": {"uv": [0, 0, 8, 2], "texture": "#1"},
				"west": {"uv": [0, 8, 2, 10], "rotation": 90, "texture": "#1"},
				"up": {"uv": [8, 4, 16, 2], "texture": "#1"},
				"down": {"uv": [8, 0, 16, 2], "texture": "#1"}
			}
		},
		{
			"from": [5, 6, 10],
			"to": [13, 8, 12],
			"rotation": {"angle": -22.5, "axis": "z", "origin": [9, 12, 10.5]},
			"faces": {
				"north": {"uv": [0, 8, 8, 10], "texture": "#1"},
				"east": {"uv": [0, 8, 2, 10], "texture": "#1"},
				"south": {"uv": [8, 0, 16, 2], "texture": "#1"},
				"west": {"uv": [0, 8, 2, 10], "rotation": 270, "texture": "#1"},
				"up": {"uv": [8, 4, 16, 2], "texture": "#1"},
				"down": {"uv": [8, 2, 16, 0], "texture": "#1"}
			}
		},
		{
			"from": [12, 1, 5.5],
			"to": [15, 4, 6.5],
			"rotation": {"angle": 0, "axis": "z", "origin": [7, 9, 8]},
			"faces": {
				"north": {"uv": [1, 12, 4, 15], "texture": "#0"},
				"east": {"uv": [1, 12, 2, 15], "texture": "#0"},
				"south": {"uv": [4, 12, 1, 15], "texture": "#0"},
				"west": {"uv": [3, 12, 4, 15], "texture": "#0"},
				"up": {"uv": [4, 12, 1, 13], "texture": "#0"},
				"down": {"uv": [4, 14, 1, 15], "texture": "#0"}
			}
		},
		{
			"from": [11, 3, 5.5],
			"to": [13, 5, 6.5],
			"rotation": {"angle": 0, "axis": "z", "origin": [8, 8, 8]},
			"faces": {
				"north": {"uv": [3, 11, 5, 13], "texture": "#0"},
				"east": {"uv": [3, 11, 4, 13], "texture": "#0"},
				"south": {"uv": [5, 11, 3, 13], "texture": "#0"},
				"west": {"uv": [4, 11, 5, 13], "texture": "#0"},
				"up": {"uv": [5, 11, 3, 12], "texture": "#0"},
				"down": {"uv": [5, 12, 3, 13], "texture": "#0"}
			}
		},
		{
			"from": [8, 4, 5.5],
			"to": [12, 8, 6.5],
			"rotation": {"angle": 0, "axis": "z", "origin": [8, 8, 8]},
			"faces": {
				"north": {"uv": [4, 8, 8, 12], "texture": "#0"},
				"east": {"uv": [4, 8, 5, 12], "texture": "#0"},
				"south": {"uv": [8, 8, 4, 12], "texture": "#0"},
				"west": {"uv": [7, 8, 8, 12], "texture": "#0"},
				"up": {"uv": [8, 8, 4, 9], "texture": "#0"},
				"down": {"uv": [8, 11, 4, 12], "texture": "#0"}
			}
		},
		{
			"from": [7, 3, 5.5],
			"to": [10, 5, 6.5],
			"rotation": {"angle": 0, "axis": "z", "origin": [8, 8, 8]},
			"faces": {
				"north": {"uv": [6, 11, 9, 13], "texture": "#0"},
				"east": {"uv": [6, 11, 7, 13], "texture": "#0"},
				"south": {"uv": [9, 11, 6, 13], "texture": "#0"},
				"west": {"uv": [8, 11, 9, 13], "texture": "#0"},
				"up": {"uv": [9, 11, 6, 12], "texture": "#0"},
				"down": {"uv": [9, 12, 6, 13], "texture": "#0"}
			}
		},
		{
			"from": [6, 2, 5.5],
			"to": [8, 4, 6.5],
			"rotation": {"angle": 0, "axis": "z", "origin": [8, 8, 8]},
			"faces": {
				"north": {"uv": [8, 12, 10, 14], "texture": "#0"},
				"east": {"uv": [8, 12, 9, 14], "texture": "#0"},
				"south": {"uv": [10, 12, 8, 14], "texture": "#0"},
				"west": {"uv": [9, 12, 10, 14], "texture": "#0"},
				"up": {"uv": [10, 12, 8, 13], "texture": "#0"},
				"down": {"uv": [10, 13, 8, 14], "texture": "#0"}
			}
		},
		{
			"from": [11, 6, 5.5],
			"to": [13, 9, 6.5],
			"rotation": {"angle": 0, "axis": "z", "origin": [8, 8, 8]},
			"faces": {
				"north": {"uv": [3, 7, 5, 10], "texture": "#0"},
				"east": {"uv": [3, 7, 4, 10], "texture": "#0"},
				"south": {"uv": [5, 7, 3, 10], "texture": "#0"},
				"west": {"uv": [4, 7, 5, 10], "texture": "#0"},
				"up": {"uv": [5, 7, 3, 8], "texture": "#0"},
				"down": {"uv": [5, 9, 3, 10], "texture": "#0"}
			}
		},
		{
			"from": [12, 8, 5.5],
			"to": [14, 10, 6.5],
			"rotation": {"angle": 0, "axis": "z", "origin": [8, 8, 8]},
			"faces": {
				"north": {"uv": [2, 6, 4, 8], "texture": "#0"},
				"east": {"uv": [2, 6, 3, 8], "texture": "#0"},
				"south": {"uv": [4, 6, 2, 8], "texture": "#0"},
				"west": {"uv": [3, 6, 4, 8], "texture": "#0"},
				"up": {"uv": [4, 6, 2, 7], "texture": "#0"},
				"down": {"uv": [4, 7, 2, 8], "texture": "#0"}
			}
		},
		{
			"from": [7, 6, 5.5],
			"to": [10, 9, 6.5],
			"rotation": {"angle": 0, "axis": "z", "origin": [8, 8, 8]},
			"faces": {
				"north": {"uv": [6, 7, 9, 10], "texture": "#0"},
				"east": {"uv": [6, 7, 7, 10], "texture": "#0"},
				"south": {"uv": [9, 7, 6, 10], "texture": "#0"},
				"west": {"uv": [8, 7, 9, 10], "texture": "#0"},
				"up": {"uv": [9, 7, 6, 8], "texture": "#0"},
				"down": {"uv": [9, 9, 6, 10], "texture": "#0"}
			}
		},
		{
			"from": [6, 7, 5.5],
			"to": [9, 10, 6.5],
			"rotation": {"angle": 0, "axis": "z", "origin": [8, 8, 8]},
			"faces": {
				"north": {"uv": [7, 6, 10, 9], "texture": "#0"},
				"east": {"uv": [7, 6, 8, 9], "texture": "#0"},
				"south": {"uv": [10, 6, 7, 9], "texture": "#0"},
				"west": {"uv": [9, 6, 10, 9], "texture": "#0"},
				"up": {"uv": [10, 6, 7, 7], "texture": "#0"},
				"down": {"uv": [10, 8, 7, 9], "texture": "#0"}
			}
		},
		{
			"from": [5, 8, 5.5],
			"to": [8, 11, 6.5],
			"rotation": {"angle": 0, "axis": "z", "origin": [8, 8, 8]},
			"faces": {
				"north": {"uv": [8, 5, 11, 8], "texture": "#0"},
				"east": {"uv": [8, 5, 9, 8], "texture": "#0"},
				"south": {"uv": [11, 5, 8, 8], "texture": "#0"},
				"west": {"uv": [10, 5, 11, 8], "texture": "#0"},
				"up": {"uv": [11, 5, 8, 6], "texture": "#0"},
				"down": {"uv": [11, 7, 8, 8], "texture": "#0"}
			}
		},
		{
			"from": [4, 9, 5.5],
			"to": [7, 12, 6.5],
			"rotation": {"angle": 0, "axis": "z", "origin": [8, 8, 8]},
			"faces": {
				"north": {"uv": [9, 4, 12, 7], "texture": "#0"},
				"east": {"uv": [9, 4, 10, 7], "texture": "#0"},
				"south": {"uv": [12, 4, 9, 7], "texture": "#0"},
				"west": {"uv": [11, 4, 12, 7], "texture": "#0"},
				"up": {"uv": [12, 4, 9, 5], "texture": "#0"},
				"down": {"uv": [12, 6, 9, 7], "texture": "#0"}
			}
		},
		{
			"from": [3, 10, 5.5],
			"to": [6, 13, 6.5],
			"rotation": {"angle": 0, "axis": "z", "origin": [8, 8, 8]},
			"faces": {
				"north": {"uv": [10, 3, 13, 6], "texture": "#0"},
				"east": {"uv": [10, 3, 11, 6], "texture": "#0"},
				"south": {"uv": [13, 3, 10, 6], "texture": "#0"},
				"west": {"uv": [12, 3, 13, 6], "texture": "#0"},
				"up": {"uv": [13, 3, 10, 4], "texture": "#0"},
				"down": {"uv": [13, 5, 10, 6], "texture": "#0"}
			}
		},
		{
			"from": [2, 11, 5.5],
			"to": [5, 14, 6.5],
			"rotation": {"angle": 0, "axis": "z", "origin": [8, 8, 8]},
			"faces": {
				"north": {"uv": [11, 2, 14, 5], "texture": "#0"},
				"east": {"uv": [11, 2, 12, 5], "texture": "#0"},
				"south": {"uv": [14, 2, 11, 5], "texture": "#0"},
				"west": {"uv": [13, 2, 14, 5], "texture": "#0"},
				"up": {"uv": [14, 2, 11, 3], "texture": "#0"},
				"down": {"uv": [14, 4, 11, 5], "texture": "#0"}
			}
		},
		{
			"from": [1, 12, 5.5],
			"to": [4, 15, 6.5],
			"rotation": {"angle": 0, "axis": "z", "origin": [8, 8, 8]},
			"faces": {
				"north": {"uv": [12, 1, 15, 4], "texture": "#0"},
				"east": {"uv": [12, 1, 13, 4], "texture": "#0"},
				"south": {"uv": [15, 1, 12, 4], "texture": "#0"},
				"west": {"uv": [14, 1, 15, 4], "texture": "#0"},
				"up": {"uv": [15, 1, 12, 2], "texture": "#0"},
				"down": {"uv": [15, 3, 12, 4], "texture": "#0"}
			}
		}
	],
	"gui_light": "front",
	"display": {
		"thirdperson_righthand": {
			"rotation": [-38.09, 73.66, 36.94],
			"translation": [0.5, 1.5, -2]
		},
		"thirdperson_lefthand": {
			"rotation": [-34, -107, -37],
			"translation": [0.5, 1.5, -1.75]
		},
		"firstperson_righthand": {
			"rotation": [0, 80, 0],
			"translation": [10.25, 2.45, -3.5]
		},
		"firstperson_lefthand": {
			"rotation": [0, -100, 0],
			"translation": [10.25, 2.45, -3.5]
		},
		"ground": {
			"translation": [0, 3.5, 0]
		},
		"gui": {
			"rotation": [20, 142, 20],
			"translation": [0, -2.5, 0],
			"scale": [1.5, 1.5, 1.5]
		},
		"head": {
			"rotation": [0, 90, 0],
			"translation": [0, 14, 0]
		},
		"fixed": {
			"translation": [0, 0, -10],
			"scale": [2, 2, 2]
		}
	},
	"groups": [
		0,
		1,
		2,
		{
			"name": "group",
			"origin": [0, 0, 0],
			"color": 0,
			"children": [3, 4, 5, 6, 7, 8, 9, 10, 11, 12, 13, 14, 15, 16]
		}
	]
}