{
	"credit": "Made with Blockbench",
	"texture_size": [8, 8],
	"textures": {
		"0": "item/diamond_pickaxe",
		"1": "item/fishing_rod",
		"2": "custom/fish/speed_bait_solo",
		"particle": "item/diamond_pickaxe"
	},
	"elements": [
		{
			"from": [10.46009, 11, 8.82094],
			"to": [11.46009, 13, 9.82094],
			"rotation": {"angle": 22.5, "axis": "z", "origin": [11.21009, 4, 10.32094]},
			"faces": {
				"north": {"uv": [5, 3, 6, 4], "texture": "#0"},
				"east": {"uv": [5, 3, 6, 4], "texture": "#0"},
				"south": {"uv": [5, 3, 6, 4], "texture": "#0"},
				"west": {"uv": [5, 3, 6, 4], "texture": "#0"},
				"up": {"uv": [5, 3, 6, 4], "rotation": 180, "texture": "#0"},
				"down": {"uv": [5, 3, 6, 4], "rotation": 180, "texture": "#0"}
			}
		},
		{
			"from": [11.46009, 1, 8.82094],
			"to": [14.46009, 2, 9.82094],
			"rotation": {"angle": 22.5, "axis": "z", "origin": [11.21009, 4, 10.32094]},
			"faces": {
				"north": {"uv": [2, 13, 5, 14], "texture": "#0"},
				"east": {"uv": [2, 13, 3, 14], "texture": "#0"},
				"south": {"uv": [5, 13, 2, 14], "texture": "#0"},
				"west": {"uv": [4, 13, 5, 14], "texture": "#0"},
				"up": {"uv": [2, 13, 5, 14], "rotation": 180, "texture": "#0"},
				"down": {"uv": [2, 13, 5, 14], "rotation": 180, "texture": "#0"}
			}
		},
		{
			"from": [10.46009, 2, 8.82094],
			"to": [13.46009, 3, 9.82094],
			"rotation": {"angle": 22.5, "axis": "z", "origin": [11.21009, 4, 10.32094]},
			"faces": {
				"north": {"uv": [3, 12, 6, 13], "texture": "#0"},
				"east": {"uv": [3, 12, 4, 13], "texture": "#0"},
				"south": {"uv": [6, 12, 3, 13], "texture": "#0"},
				"west": {"uv": [5, 12, 6, 13], "texture": "#0"},
				"up": {"uv": [3, 12, 6, 13], "rotation": 180, "texture": "#0"},
				"down": {"uv": [3, 12, 6, 13], "rotation": 180, "texture": "#0"}
			}
		},
		{
			"from": [9.46009, 3, 8.82094],
			"to": [12.46009, 4, 9.82094],
			"rotation": {"angle": 22.5, "axis": "z", "origin": [11.21009, 4, 10.32094]},
			"faces": {
				"north": {"uv": [4, 11, 7, 12], "texture": "#0"},
				"east": {"uv": [4, 11, 5, 12], "texture": "#0"},
				"south": {"uv": [7, 11, 4, 12], "texture": "#0"},
				"west": {"uv": [6, 11, 7, 12], "texture": "#0"},
				"up": {"uv": [4, 11, 7, 12], "rotation": 180, "texture": "#0"},
				"down": {"uv": [4, 11, 7, 12], "rotation": 180, "texture": "#0"}
			}
		},
		{
			"from": [8.46009, 4, 8.82094],
			"to": [11.46009, 5, 9.82094],
			"rotation": {"angle": 22.5, "axis": "z", "origin": [11.21009, 4, 10.32094]},
			"faces": {
				"north": {"uv": [5, 10, 8, 11], "texture": "#0"},
				"east": {"uv": [5, 10, 6, 11], "texture": "#0"},
				"south": {"uv": [8, 10, 5, 11], "texture": "#0"},
				"west": {"uv": [7, 10, 8, 11], "texture": "#0"},
				"up": {"uv": [5, 10, 8, 11], "rotation": 180, "texture": "#0"},
				"down": {"uv": [5, 10, 8, 11], "rotation": 180, "texture": "#0"}
			}
		},
		{
			"from": [7.46009, 5, 8.82094],
			"to": [10.46009, 6, 9.82094],
			"rotation": {"angle": 22.5, "axis": "z", "origin": [11.21009, 4, 10.32094]},
			"faces": {
				"north": {"uv": [6, 9, 9, 10], "texture": "#0"},
				"east": {"uv": [6, 9, 7, 10], "texture": "#0"},
				"south": {"uv": [9, 9, 6, 10], "texture": "#0"},
				"west": {"uv": [8, 9, 9, 10], "texture": "#0"},
				"up": {"uv": [6, 9, 9, 10], "rotation": 180, "texture": "#0"},
				"down": {"uv": [6, 9, 9, 10], "rotation": 180, "texture": "#0"}
			}
		},
		{
			"from": [6.46009, 6, 8.82094],
			"to": [9.46009, 7, 9.82094],
			"rotation": {"angle": 22.5, "axis": "z", "origin": [11.21009, 4, 10.32094]},
			"faces": {
				"north": {"uv": [7, 8, 10, 9], "texture": "#0"},
				"east": {"uv": [7, 8, 8, 9], "texture": "#0"},
				"south": {"uv": [10, 8, 7, 9], "texture": "#0"},
				"west": {"uv": [9, 8, 10, 9], "texture": "#0"},
				"up": {"uv": [7, 8, 10, 9], "rotation": 180, "texture": "#0"},
				"down": {"uv": [7, 8, 10, 9], "rotation": 180, "texture": "#0"}
			}
		},
		{
			"from": [5.46009, 7, 8.82094],
			"to": [8.46009, 8, 9.82094],
			"rotation": {"angle": 22.5, "axis": "z", "origin": [11.21009, 4, 10.32094]},
			"faces": {
				"north": {"uv": [8, 7, 11, 8], "texture": "#0"},
				"east": {"uv": [8, 7, 9, 8], "texture": "#0"},
				"south": {"uv": [11, 7, 8, 8], "texture": "#0"},
				"west": {"uv": [10, 7, 11, 8], "texture": "#0"},
				"up": {"uv": [8, 7, 11, 8], "rotation": 180, "texture": "#0"},
				"down": {"uv": [8, 7, 11, 8], "rotation": 180, "texture": "#0"}
			}
		},
		{
			"from": [1.46009, 8, 8.82094],
			"to": [7.46009, 9, 9.82094],
			"rotation": {"angle": 22.5, "axis": "z", "origin": [11.21009, 4, 10.32094]},
			"faces": {
				"north": {"uv": [9, 6, 15, 7], "texture": "#0"},
				"east": {"uv": [9, 6, 10, 7], "texture": "#0"},
				"south": {"uv": [15, 6, 9, 7], "texture": "#0"},
				"west": {"uv": [14, 6, 15, 7], "texture": "#0"},
				"up": {"uv": [9, 6, 15, 7], "rotation": 180, "texture": "#0"},
				"down": {"uv": [9, 6, 15, 7], "rotation": 180, "texture": "#0"}
			}
		},
		{
			"from": [1.46009, 4, 8.82094],
			"to": [4.46009, 8, 9.82094],
			"rotation": {"angle": 22.5, "axis": "z", "origin": [11.21009, 4, 10.32094]},
			"faces": {
				"north": {"uv": [12, 7, 15, 11], "texture": "#0"},
				"east": {"uv": [12, 7, 13, 11], "texture": "#0"},
				"south": {"uv": [15, 7, 12, 11], "texture": "#0"},
				"west": {"uv": [14, 7, 15, 11], "texture": "#0"},
				"up": {"uv": [12, 7, 15, 8], "rotation": 180, "texture": "#0"},
				"down": {"uv": [12, 11, 15, 10], "rotation": 180, "texture": "#0"}
			}
		},
		{
			"from": [1.46009, 3, 8.82094],
			"to": [3.46009, 4, 9.82094],
			"rotation": {"angle": 22.5, "axis": "z", "origin": [11.21009, 4, 10.32094]},
			"faces": {
				"north": {"uv": [13, 11, 14, 12], "texture": "#0"},
				"east": {"uv": [13, 11, 14, 12], "texture": "#0"},
				"south": {"uv": [13, 11, 14, 12], "texture": "#0"},
				"west": {"uv": [13, 11, 14, 12], "texture": "#0"},
				"up": {"uv": [13, 11, 14, 12], "rotation": 180, "texture": "#0"},
				"down": {"uv": [13, 11, 14, 12], "rotation": 180, "texture": "#0"}
			}
		},
		{
			"from": [2.46009, 9, 8.82094],
			"to": [5.46009, 12, 9.82094],
			"rotation": {"angle": 22.5, "axis": "z", "origin": [11.21009, 4, 10.32094]},
			"faces": {
				"north": {"uv": [11, 3, 14, 6], "texture": "#0"},
				"east": {"uv": [11, 3, 12, 6], "texture": "#0"},
				"south": {"uv": [14, 3, 11, 6], "texture": "#0"},
				"west": {"uv": [13, 3, 14, 6], "texture": "#0"},
				"up": {"uv": [11, 3, 14, 4], "rotation": 180, "texture": "#0"},
				"down": {"uv": [11, 6, 14, 5], "rotation": 180, "texture": "#0"}
			}
		},
		{
			"from": [5.46009, 9, 8.82094],
			"to": [6.46009, 13, 9.82094],
			"rotation": {"angle": 22.5, "axis": "z", "origin": [11.21009, 4, 10.32094]},
			"faces": {
				"north": {"uv": [10, 2, 11, 6], "texture": "#0"},
				"east": {"uv": [10, 2, 11, 6], "texture": "#0"},
				"south": {"uv": [11, 2, 10, 6], "texture": "#0"},
				"west": {"uv": [10, 2, 11, 6], "texture": "#0"},
				"up": {"uv": [10, 2, 11, 3], "rotation": 180, "texture": "#0"},
				"down": {"uv": [10, 5, 11, 6], "rotation": 180, "texture": "#0"}
			}
		},
		{
			"from": [6.46009, 10, 8.82094],
			"to": [10.46009, 13, 9.82094],
			"rotation": {"angle": 22.5, "axis": "z", "origin": [11.21009, 4, 10.32094]},
			"faces": {
				"north": {"uv": [6, 2, 10, 5], "texture": "#0"},
				"east": {"uv": [6, 2, 7, 5], "texture": "#0"},
				"south": {"uv": [10, 2, 6, 5], "texture": "#0"},
				"west": {"uv": [9, 2, 10, 5], "texture": "#0"},
				"up": {"uv": [6, 2, 10, 3], "rotation": 180, "texture": "#0"},
				"down": {"uv": [6, 5, 10, 4], "rotation": 180, "texture": "#0"}
			}
		},
		{
			"from": [12.46009, 0, 8.82094],
			"to": [14.46009, 1, 9.82094],
			"rotation": {"angle": 22.5, "axis": "z", "origin": [11.21009, 4, 10.32094]},
			"faces": {
				"north": {"uv": [2, 14, 4, 15], "texture": "#0"},
				"east": {"uv": [2, 14, 3, 15], "texture": "#0"},
				"south": {"uv": [2, 14, 4, 15], "texture": "#0"},
				"west": {"uv": [3, 14, 4, 15], "texture": "#0"},
				"up": {"uv": [2, 14, 4, 15], "rotation": 180, "texture": "#0"},
				"down": {"uv": [2, 14, 4, 15], "rotation": 180, "texture": "#0"}
			}
		},
		{
			"from": [1.86764, 6.5, 6.65533],
			"to": [3.86764, 8.5, 7.65533],
			"rotation": {"angle": -45, "axis": "y", "origin": [8.99264, 13.5, 7.53033]},
			"faces": {
				"north": {"uv": [4, 13, 2, 15], "texture": "#1"},
				"east": {"uv": [3, 13, 4, 15], "texture": "#1"},
				"south": {"uv": [2, 13, 4, 15], "texture": "#1"},
				"west": {"uv": [2, 13, 3, 15], "texture": "#1"},
				"up": {"uv": [4, 13, 2, 14], "rotation": 180, "texture": "#1"},
				"down": {"uv": [4, 14, 2, 15], "rotation": 180, "texture": "#1"}
			}
		},
		{
			"from": [3.03921, 7.5, 7.8269],
			"to": [5.03921, 8.5, 8.8269],
			"rotation": {"angle": -45, "axis": "y", "origin": [8.99264, 5.5, 11.53033]},
			"faces": {
				"north": {"uv": [8, 13, 6, 14], "texture": "#1"},
				"east": {"uv": [7, 13, 8, 14], "texture": "#1"},
				"south": {"uv": [6, 13, 8, 14], "texture": "#1"},
				"west": {"uv": [6, 13, 7, 14], "texture": "#1"},
				"up": {"uv": [8, 13, 6, 14], "rotation": 180, "texture": "#1"},
				"down": {"uv": [8, 13, 6, 14], "rotation": 180, "texture": "#1"}
			}
		},
		{
			"from": [9.86764, 6.5, 6.65533],
			"to": [11.86764, 7.5, 7.65533],
			"rotation": {"angle": -45, "axis": "y", "origin": [8.99264, 13.5, 7.53033]},
			"faces": {
				"north": {"uv": [12, 14, 10, 15], "texture": "#1"},
				"east": {"uv": [11, 14, 12, 15], "texture": "#1"},
				"south": {"uv": [10, 14, 12, 15], "texture": "#1"},
				"west": {"uv": [10, 14, 11, 15], "texture": "#1"},
				"up": {"uv": [12, 14, 10, 15], "rotation": 180, "texture": "#1"},
				"down": {"uv": [12, 14, 10, 15], "rotation": 180, "texture": "#1"}
			}
		},
		{
			"from": [9.86764, 7.5, 6.65533],
			"to": [10.86764, 8.5, 7.65533],
			"rotation": {"angle": -45, "axis": "y", "origin": [8.99264, 13.5, 7.53033]},
			"faces": {
				"north": {"uv": [11, 13, 10, 14], "texture": "#1"},
				"east": {"uv": [10, 13, 11, 14], "texture": "#1"},
				"south": {"uv": [10, 13, 11, 14], "texture": "#1"},
				"west": {"uv": [10, 13, 11, 14], "texture": "#1"},
				"up": {"uv": [11, 13, 10, 14], "rotation": 180, "texture": "#1"},
				"down": {"uv": [11, 13, 10, 14], "rotation": 180, "texture": "#1"}
			}
		},
		{
			"from": [11.86764, 7.5, 6.65533],
			"to": [12.86764, 8.5, 7.65533],
			"rotation": {"angle": -45, "axis": "y", "origin": [8.99264, 13.5, 7.53033]},
			"faces": {
				"north": {"uv": [13, 13, 12, 14], "texture": "#1"},
				"east": {"uv": [12, 13, 13, 14], "texture": "#1"},
				"south": {"uv": [12, 13, 13, 14], "texture": "#1"},
				"west": {"uv": [12, 13, 13, 14], "texture": "#1"},
				"up": {"uv": [13, 13, 12, 14], "rotation": 180, "texture": "#1"},
				"down": {"uv": [13, 13, 12, 14], "rotation": 180, "texture": "#1"}
			}
		},
		{
			"from": [12.86764, 19.5, 6.65533],
			"to": [14.86764, 20.5, 7.65533],
			"rotation": {"angle": -45, "axis": "y", "origin": [8.99264, 13.5, 7.53033]},
			"faces": {
				"north": {"uv": [15, 1, 13, 2], "texture": "#1"},
				"east": {"uv": [14, 1, 15, 2], "texture": "#1"},
				"south": {"uv": [13, 1, 15, 2], "texture": "#1"},
				"west": {"uv": [13, 1, 14, 2], "texture": "#1"},
				"up": {"uv": [15, 1, 13, 2], "rotation": 180, "texture": "#1"},
				"down": {"uv": [15, 1, 13, 2], "rotation": 180, "texture": "#1"}
			}
		},
		{
			"from": [2.57475, 7.5, 5.94822],
			"to": [4.57475, 9.5, 6.94822],
			"rotation": {"angle": -45, "axis": "y", "origin": [7.99264, 1.5, 7.53033]},
			"faces": {
				"north": {"uv": [5, 12, 3, 14], "texture": "#1"},
				"east": {"uv": [4, 12, 5, 14], "texture": "#1"},
				"south": {"uv": [3, 12, 5, 14], "texture": "#1"},
				"west": {"uv": [3, 12, 4, 14], "texture": "#1"},
				"up": {"uv": [5, 12, 3, 13], "rotation": 180, "texture": "#1"},
				"down": {"uv": [5, 13, 3, 14], "rotation": 180, "texture": "#1"}
			}
		},
		{
			"from": [4.57475, 8.5, 6.36244],
			"to": [9.57475, 10.5, 7.36244],
			"rotation": {"angle": -45, "axis": "y", "origin": [8.99264, 4.5, 6.53033]},
			"faces": {
				"north": {"uv": [9, 11, 4, 13], "texture": "#1"},
				"east": {"uv": [8, 11, 9, 13], "texture": "#1"},
				"south": {"uv": [4, 11, 9, 13], "texture": "#1"},
				"west": {"uv": [4, 11, 5, 13], "texture": "#1"},
				"up": {"uv": [9, 11, 4, 12], "rotation": 180, "texture": "#1"},
				"down": {"uv": [9, 12, 4, 13], "rotation": 180, "texture": "#1"}
			}
		},
		{
			"from": [4.16053, 11.5, 6.94822],
			"to": [8.16053, 12.5, 7.94822],
			"rotation": {"angle": -45, "axis": "y", "origin": [8.99264, 15.5, 8.53033]},
			"faces": {
				"north": {"uv": [9, 9, 5, 10], "texture": "#1"},
				"east": {"uv": [8, 9, 9, 10], "texture": "#1"},
				"south": {"uv": [5, 9, 9, 10], "texture": "#1"},
				"west": {"uv": [5, 9, 6, 10], "texture": "#1"},
				"up": {"uv": [9, 9, 5, 10], "rotation": 180, "texture": "#1"},
				"down": {"uv": [9, 9, 5, 10], "rotation": 180, "texture": "#1"}
			}
		},
		{
			"from": [5.16053, 12.5, 6.94822],
			"to": [9.16053, 13.5, 7.94822],
			"rotation": {"angle": -45, "axis": "y", "origin": [8.99264, 15.5, 8.53033]},
			"faces": {
				"north": {"uv": [10, 8, 6, 9], "texture": "#1"},
				"east": {"uv": [9, 8, 10, 9], "texture": "#1"},
				"south": {"uv": [6, 8, 10, 9], "texture": "#1"},
				"west": {"uv": [6, 8, 7, 9], "texture": "#1"},
				"up": {"uv": [10, 8, 6, 9], "rotation": 180, "texture": "#1"},
				"down": {"uv": [10, 8, 6, 9], "rotation": 180, "texture": "#1"}
			}
		},
		{
			"from": [6.86764, 13.5, 6.65533],
			"to": [10.86764, 14.5, 7.65533],
			"rotation": {"angle": -45, "axis": "y", "origin": [8.99264, 13.5, 7.53033]},
			"faces": {
				"north": {"uv": [11, 7, 7, 8], "texture": "#1"},
				"east": {"uv": [10, 7, 11, 8], "texture": "#1"},
				"south": {"uv": [7, 7, 11, 8], "texture": "#1"},
				"west": {"uv": [7, 7, 8, 8], "texture": "#1"},
				"up": {"uv": [11, 7, 7, 8], "rotation": 180, "texture": "#1"},
				"down": {"uv": [11, 7, 7, 8], "rotation": 180, "texture": "#1"}
			}
		},
		{
			"from": [7.86764, 14.5, 6.65533],
			"to": [11.86764, 15.5, 7.65533],
			"rotation": {"angle": -45, "axis": "y", "origin": [8.99264, 13.5, 7.53033]},
			"faces": {
				"north": {"uv": [12, 6, 8, 7], "texture": "#1"},
				"east": {"uv": [11, 6, 12, 7], "texture": "#1"},
				"south": {"uv": [8, 6, 12, 7], "texture": "#1"},
				"west": {"uv": [8, 6, 9, 7], "texture": "#1"},
				"up": {"uv": [12, 6, 8, 7], "rotation": 180, "texture": "#1"},
				"down": {"uv": [12, 6, 8, 7], "rotation": 180, "texture": "#1"}
			}
		},
		{
			"from": [8.86764, 15.5, 6.65533],
			"to": [12.86764, 16.5, 7.65533],
			"rotation": {"angle": -45, "axis": "y", "origin": [8.99264, 13.5, 7.53033]},
			"faces": {
				"north": {"uv": [13, 5, 9, 6], "texture": "#1"},
				"east": {"uv": [12, 5, 13, 6], "texture": "#1"},
				"south": {"uv": [9, 5, 13, 6], "texture": "#1"},
				"west": {"uv": [9, 5, 10, 6], "texture": "#1"},
				"up": {"uv": [13, 5, 9, 6], "rotation": 180, "texture": "#1"},
				"down": {"uv": [13, 5, 9, 6], "rotation": 180, "texture": "#1"}
			}
		},
		{
			"from": [10.86764, 17.5, 6.65533],
			"to": [14.86764, 18.5, 7.65533],
			"rotation": {"angle": -45, "axis": "y", "origin": [8.99264, 13.5, 7.53033]},
			"faces": {
				"north": {"uv": [15, 3, 11, 4], "texture": "#1"},
				"east": {"uv": [14, 3, 15, 4], "texture": "#1"},
				"south": {"uv": [11, 3, 15, 4], "texture": "#1"},
				"west": {"uv": [11, 3, 12, 4], "texture": "#1"},
				"up": {"uv": [15, 3, 11, 4], "rotation": 180, "texture": "#1"},
				"down": {"uv": [15, 3, 11, 4], "rotation": 180, "texture": "#1"}
			}
		},
		{
			"from": [10.86764, 8.5, 6.65533],
			"to": [14.86764, 9.5, 7.65533],
			"rotation": {"angle": -45, "axis": "y", "origin": [8.99264, 13.5, 7.53033]},
			"faces": {
				"north": {"uv": [12, 6, 4, 8], "texture": "#2"},
				"east": {"uv": [10, 6, 12, 8], "texture": "#2"},
				"south": {"uv": [4, 6, 12, 8], "texture": "#2"},
				"west": {"uv": [4, 6, 6, 8], "texture": "#2"},
				"up": {"uv": [12, 6, 4, 8], "rotation": 180, "texture": "#2"},
				"down": {"uv": [12, 6, 4, 8], "rotation": 180, "texture": "#2"}
			}
		},
		{
			"from": [9.86764, 16.5, 6.65533],
			"to": [14.86764, 17.5, 7.65533],
			"rotation": {"angle": -45, "axis": "y", "origin": [8.99264, 13.5, 7.53033]},
			"faces": {
				"north": {"uv": [15, 4, 10, 5], "texture": "#1"},
				"east": {"uv": [14, 4, 15, 5], "texture": "#1"},
				"south": {"uv": [10, 4, 15, 5], "texture": "#1"},
				"west": {"uv": [10, 4, 11, 5], "texture": "#1"},
				"up": {"uv": [15, 4, 10, 5], "rotation": 180, "texture": "#1"},
				"down": {"uv": [15, 4, 10, 5], "rotation": 180, "texture": "#1"}
			}
		},
		{
			"from": [13.86764, 11.5, 6.65533],
			"to": [14.86764, 16.5, 7.65533],
			"rotation": {"angle": -45, "axis": "y", "origin": [8.99264, 13.5, 7.53033]},
			"faces": {
				"north": {"uv": [15, 5, 14, 10], "texture": "#1"},
				"east": {"uv": [14, 5, 15, 10], "texture": "#1"},
				"south": {"uv": [14, 5, 15, 10], "texture": "#1"},
				"west": {"uv": [14, 5, 15, 10], "texture": "#1"},
				"up": {"uv": [15, 5, 14, 6], "rotation": 180, "texture": "#1"},
				"down": {"uv": [15, 9, 14, 10], "rotation": 180, "texture": "#1"}
			}
		},
		{
			"from": [14.57475, 9.5, 6.77665],
			"to": [15.57475, 11.5, 7.77665],
			"rotation": {"angle": -45, "axis": "y", "origin": [9.99264, 4.5, 5.53033]},
			"faces": {
				"north": {"uv": [14, 10, 13, 12], "texture": "#1"},
				"east": {"uv": [13, 10, 14, 12], "texture": "#1"},
				"south": {"uv": [13, 10, 14, 12], "texture": "#1"},
				"west": {"uv": [13, 10, 14, 12], "texture": "#1"},
				"up": {"uv": [14, 10, 13, 11], "rotation": 180, "texture": "#1"},
				"down": {"uv": [14, 11, 13, 12], "rotation": 180, "texture": "#1"}
			}
		},
		{
			"from": [10.86764, 8.5, 4.65533],
			"to": [11.86764, 9.5, 6.65533],
			"rotation": {"angle": -45, "axis": "y", "origin": [8.99264, 13.5, 7.53033]},
			"faces": {
				"north": {"uv": [6, 2, 4, 4], "texture": "#2"},
				"east": {"uv": [4, 2, 6, 6], "rotation": 90, "texture": "#2"},
				"south": {"uv": [6, 3, 4, 5], "rotation": 180, "texture": "#2"},
				"west": {"uv": [4, 2, 6, 6], "rotation": 270, "texture": "#2"},
				"up": {"uv": [4, 2, 6, 6], "texture": "#2"},
				"down": {"uv": [6, 2, 4, 6], "rotation": 180, "texture": "#2"}
			}
		},
		{
			"from": [13.86764, 8.5, 7.65533],
			"to": [14.86764, 9.5, 9.65533],
			"rotation": {"angle": -45, "axis": "y", "origin": [8.99264, 13.5, 7.53033]},
			"faces": {
				"north": {"uv": [12, 9, 10, 11], "texture": "#2"},
				"east": {"uv": [10, 8, 12, 12], "rotation": 90, "texture": "#2"},
				"south": {"uv": [12, 10, 10, 12], "rotation": 180, "texture": "#2"},
				"west": {"uv": [10, 8, 12, 12], "rotation": 270, "texture": "#2"},
				"up": {"uv": [10, 8, 12, 12], "texture": "#2"},
				"down": {"uv": [12, 8, 10, 12], "rotation": 180, "texture": "#2"}
			}
		},
		{
			"from": [11.86764, 18.5, 6.65533],
			"to": [14.86764, 19.5, 7.65533],
			"rotation": {"angle": -45, "axis": "y", "origin": [8.99264, 13.5, 7.53033]},
			"faces": {
				"north": {"uv": [15, 2, 12, 3], "texture": "#1"},
				"east": {"uv": [14, 2, 15, 3], "texture": "#1"},
				"south": {"uv": [12, 2, 15, 3], "texture": "#1"},
				"west": {"uv": [12, 2, 13, 3], "texture": "#1"},
				"up": {"uv": [15, 2, 12, 3], "rotation": 180, "texture": "#1"},
				"down": {"uv": [15, 2, 12, 3], "rotation": 180, "texture": "#1"}
			}
		},
		{
			"from": [4.16053, 10.5, 6.94822],
			"to": [7.16053, 11.5, 7.94822],
			"rotation": {"angle": -45, "axis": "y", "origin": [8.99264, 15.5, 8.53033]},
			"faces": {
				"north": {"uv": [8, 10, 5, 11], "texture": "#1"},
				"east": {"uv": [7, 10, 8, 11], "texture": "#1"},
				"south": {"uv": [5, 10, 8, 11], "texture": "#1"},
				"west": {"uv": [5, 10, 6, 11], "texture": "#1"},
				"up": {"uv": [8, 10, 5, 11], "rotation": 180, "texture": "#1"},
				"down": {"uv": [8, 10, 5, 11], "rotation": 180, "texture": "#1"}
			}
		}
	],
	"gui_light": "front",
	"display": {
		"thirdperson_righthand": {
			"rotation": [-38.09, 73.66, 36.94],
			"translation": [0.5, 1.5, -2]
		},
		"thirdperson_lefthand": {
			"rotation": [-34, -107, -37],
			"translation": [0.5, 1.5, -1.75]
		},
		"firstperson_righthand": {
			"rotation": [0, 80, 0],
			"translation": [10.25, 2.45, -3.5]
		},
		"firstperson_lefthand": {
			"rotation": [0, -100, 0],
			"translation": [10.25, 2.45, -3.5]
		},
		"ground": {
			"translation": [0, 3.5, 0]
		},
		"gui": {
			"rotation": [20, 30, 9],
			"translation": [0.5, -1.5, 0],
			"scale": [1.5, 1.5, 1.5]
		},
		"head": {
			"rotation": [0, 90, 0],
			"translation": [0, 14, 0]
		},
		"fixed": {
			"translation": [0, 0, -10],
			"scale": [2, 2, 2]
		}
	},
	"groups": [
		{
			"name": "group",
			"origin": [11.21009, 4, 10.32094],
			"color": 0,
			"children": [0, 1, 2, 3, 4, 5, 6, 7, 8, 9, 10, 11, 12, 13, 14]
		},
		{
			"name": "group",
			"origin": [8.5, 15, 6],
			"color": 0,
			"children": [15, 16, 17, 18, 19, 20, 21, 22, 23, 24, 25, 26, 27, 28, 29, 30, 31, 32, 33, 34, 35, 36]
		}
	]
}