{
	"credit": "Made with Blockbench",
	"textures": {
		"0": "custom/item/mending_apple",
		"1": "custom/gui/kit_pvp",
		"particle": "custom/item/mending_apple"
	},
	"elements": [
		{
			"from": [8.34, 7.92, 5.35],
			"to": [9, 9.24, 6.01],
			"rotation": {"angle": 45, "axis": "y", "origin": [9, 5.28, 8]},
			"faces": {
				"north": {"uv": [8, 2, 9, 4], "texture": "#0"},
				"east": {"uv": [8, 2, 9, 4], "texture": "#0"},
				"south": {"uv": [9, 2, 8, 4], "texture": "#0"},
				"west": {"uv": [8, 2, 9, 4], "texture": "#0"},
				"up": {"uv": [9, 2, 8, 3], "texture": "#0"},
				"down": {"uv": [9, 3, 8, 4], "texture": "#0"}
			}
		},
		{
			"from": [7.68, 8.58, 5.35],
			"to": [8.34, 9.9, 6.01],
			"rotation": {"angle": 45, "axis": "y", "origin": [9, 5.28, 8]},
			"faces": {
				"north": {"uv": [9, 1, 10, 3], "texture": "#0"},
				"east": {"uv": [9, 1, 10, 3], "texture": "#0"},
				"south": {"uv": [10, 1, 9, 3], "texture": "#0"},
				"west": {"uv": [9, 1, 10, 3], "texture": "#0"},
				"up": {"uv": [10, 1, 9, 2], "texture": "#0"},
				"down": {"uv": [10, 2, 9, 3], "texture": "#0"}
			}
		},
		{
			"from": [5.7, 1.98, 5.35],
			"to": [12.3, 3.3, 6.01],
			"rotation": {"angle": 45, "axis": "y", "origin": [9, 5.28, 8]},
			"faces": {
				"north": {"uv": [3, 11, 13, 13], "texture": "#0"},
				"east": {"uv": [3, 11, 4, 13], "texture": "#0"},
				"south": {"uv": [13, 11, 3, 13], "texture": "#0"},
				"west": {"uv": [12, 11, 13, 13], "texture": "#0"},
				"up": {"uv": [13, 11, 3, 12], "texture": "#0"},
				"down": {"uv": [13, 12, 3, 13], "texture": "#0"}
			}
		},
		{
			"from": [5.7, 6.6, 5.35],
			"to": [12.3, 7.26, 6.01],
			"rotation": {"angle": 45, "axis": "y", "origin": [9, 5.28, 8]},
			"faces": {
				"north": {"uv": [3, 5, 13, 6], "texture": "#0"},
				"east": {"uv": [3, 5, 4, 6], "texture": "#0"},
				"south": {"uv": [13, 5, 3, 6], "texture": "#0"},
				"west": {"uv": [12, 5, 13, 6], "texture": "#0"},
				"up": {"uv": [13, 5, 3, 6], "texture": "#0"},
				"down": {"uv": [13, 5, 3, 6], "texture": "#0"}
			}
		},
		{
			"from": [5.04, 3.3, 5.35],
			"to": [12.96, 6.6, 6.01],
			"rotation": {"angle": 45, "axis": "y", "origin": [9, 5.28, 8]},
			"faces": {
				"north": {"uv": [2, 6, 14, 11], "texture": "#0"},
				"east": {"uv": [2, 6, 3, 11], "texture": "#0"},
				"south": {"uv": [14, 6, 2, 11], "texture": "#0"},
				"west": {"uv": [13, 6, 14, 11], "texture": "#0"},
				"up": {"uv": [14, 6, 2, 7], "texture": "#0"},
				"down": {"uv": [14, 10, 2, 11], "texture": "#0"}
			}
		},
		{
			"from": [6.36, 1.32, 5.35],
			"to": [11.64, 1.98, 6.01],
			"rotation": {"angle": 45, "axis": "y", "origin": [9, 5.28, 8]},
			"faces": {
				"north": {"uv": [4, 13, 12, 14], "texture": "#0"},
				"east": {"uv": [4, 13, 5, 14], "texture": "#0"},
				"south": {"uv": [12, 13, 4, 14], "texture": "#0"},
				"west": {"uv": [11, 13, 12, 14], "texture": "#0"},
				"up": {"uv": [12, 13, 4, 14], "texture": "#0"},
				"down": {"uv": [12, 13, 4, 14], "texture": "#0"}
			}
		},
		{
			"from": [7.02, 0.66, 5.35],
			"to": [10.98, 1.32, 6.01],
			"rotation": {"angle": 45, "axis": "y", "origin": [9, 5.28, 8]},
			"faces": {
				"north": {"uv": [5, 14, 11, 15], "texture": "#0"},
				"east": {"uv": [5, 14, 6, 15], "texture": "#0"},
				"south": {"uv": [11, 14, 5, 15], "texture": "#0"},
				"west": {"uv": [10, 14, 11, 15], "texture": "#0"},
				"up": {"uv": [11, 14, 5, 15], "texture": "#0"},
				"down": {"uv": [11, 14, 5, 15], "texture": "#0"}
			}
		},
		{
			"from": [7.02, 7.26, 5.35],
			"to": [10.98, 7.92, 6.01],
			"rotation": {"angle": 45, "axis": "y", "origin": [9, 5.28, 8]},
			"faces": {
				"north": {"uv": [5, 4, 11, 5], "texture": "#0"},
				"east": {"uv": [5, 4, 6, 5], "texture": "#0"},
				"south": {"uv": [11, 4, 5, 5], "texture": "#0"},
				"west": {"uv": [10, 4, 11, 5], "texture": "#0"},
				"up": {"uv": [11, 4, 5, 5], "texture": "#0"},
				"down": {"uv": [11, 4, 5, 5], "texture": "#0"}
			}
		},
		{
			"from": [5.98586, 20.31293, 9.98],
			"to": [11.98586, 21.31293, 10.98],
			"rotation": {"angle": -22.5, "axis": "z", "origin": [6.23586, 14.56293, 10.48]},
			"faces": {
				"north": {"uv": [5, 1, 11, 2], "texture": "#1", "tintindex": 0},
				"east": {"uv": [5, 1, 6, 2], "texture": "#1", "tintindex": 0},
				"south": {"uv": [11, 1, 5, 2], "texture": "#1", "tintindex": 0},
				"west": {"uv": [10, 1, 11, 2], "texture": "#1", "tintindex": 0},
				"up": {"uv": [11, 1, 5, 2], "texture": "#1", "tintindex": 0},
				"down": {"uv": [11, 1, 5, 2], "texture": "#1", "tintindex": 0}
			}
		},
		{
			"from": [5.98586, 8.31293, 9.98],
			"to": [11.98586, 9.31293, 10.98],
			"rotation": {"angle": -22.5, "axis": "z", "origin": [6.23586, 14.56293, 10.48]},
			"faces": {
				"north": {"uv": [5, 14, 11, 15], "texture": "#1", "tintindex": 0},
				"east": {"uv": [5, 14, 6, 15], "texture": "#1", "tintindex": 0},
				"south": {"uv": [11, 14, 5, 15], "texture": "#1", "tintindex": 0},
				"west": {"uv": [10, 14, 11, 15], "texture": "#1", "tintindex": 0},
				"up": {"uv": [11, 14, 5, 15], "texture": "#1", "tintindex": 0},
				"down": {"uv": [11, 14, 5, 15], "texture": "#1", "tintindex": 0}
			}
		},
		{
			"from": [4.98586, 9.31293, 9.98],
			"to": [12.98586, 11.31293, 10.98],
			"rotation": {"angle": -22.5, "axis": "z", "origin": [6.23586, 14.56293, 10.48]},
			"faces": {
				"north": {"uv": [4, 11, 12, 14], "texture": "#1", "tintindex": 0},
				"east": {"uv": [4, 11, 5, 14], "texture": "#1", "tintindex": 0},
				"south": {"uv": [12, 11, 4, 14], "texture": "#1", "tintindex": 0},
				"west": {"uv": [11, 11, 12, 14], "texture": "#1", "tintindex": 0},
				"up": {"uv": [12, 11, 4, 12], "texture": "#1", "tintindex": 0},
				"down": {"uv": [12, 13, 4, 14], "texture": "#1", "tintindex": 0}
			}
		},
		{
			"from": [4.98586, 14.31293, 9.98],
			"to": [12.98586, 20.31293, 10.98],
			"rotation": {"angle": -22.5, "axis": "z", "origin": [6.23586, 14.56293, 10.48]},
			"faces": {
				"north": {"uv": [4, 2, 12, 8], "texture": "#1", "tintindex": 0},
				"east": {"uv": [4, 2, 5, 8], "texture": "#1", "tintindex": 0},
				"south": {"uv": [12, 2, 4, 8], "texture": "#1", "tintindex": 0},
				"west": {"uv": [11, 2, 12, 8], "texture": "#1", "tintindex": 0},
				"up": {"uv": [12, 2, 4, 3], "texture": "#1", "tintindex": 0},
				"down": {"uv": [12, 7, 4, 8], "texture": "#1", "tintindex": 0}
			}
		},
		{
			"from": [3.98586, 11.31293, 9.98],
			"to": [13.98586, 14.31293, 10.98],
			"rotation": {"angle": -22.5, "axis": "z", "origin": [6.23586, 14.56293, 10.48]},
			"faces": {
				"north": {"uv": [3, 8, 13, 11], "texture": "#1", "tintindex": 0},
				"east": {"uv": [3, 8, 4, 11], "texture": "#1", "tintindex": 0},
				"south": {"uv": [13, 8, 3, 11], "texture": "#1", "tintindex": 0},
				"west": {"uv": [12, 8, 13, 11], "texture": "#1", "tintindex": 0},
				"up": {"uv": [13, 8, 3, 9], "texture": "#1", "tintindex": 0},
				"down": {"uv": [13, 10, 3, 11], "texture": "#1", "tintindex": 0}
			}
		}
	],
	"gui_light": "front",
	"display": {
		"thirdperson_righthand": {
			"rotation": [-38.09, 73.66, 36.94],
			"translation": [0.5, 1.5, -2]
		},
		"thirdperson_lefthand": {
			"rotation": [-34, -107, -37],
			"translation": [0.5, 1.5, -1.75]
		},
		"firstperson_righthand": {
			"rotation": [0, 80, 0],
			"translation": [10.25, 2.45, -3.5]
		},
		"firstperson_lefthand": {
			"rotation": [0, -100, 0],
			"translation": [10.25, 2.45, -3.5]
		},
		"ground": {
			"translation": [0, 3.5, 0]
		},
		"gui": {
			"rotation": [-17, 145, 15],
			"translation": [-0.5, -2.75, 0],
			"scale": [1.5, 1.5, 1.5]
		},
		"head": {
			"rotation": [0, 90, 0],
			"translation": [0, 14, 0]
		},
		"fixed": {
			"translation": [0, 0, -10],
			"scale": [2, 2, 2]
		}
	},
	"groups": [
		{
			"name": "group",
			"origin": [0, 0, 0],
			"color": 0,
			"children": [0, 1, 2, 3, 4, 5, 6, 7]
		},
		{
			"name": "group",
			"origin": [9.08571, 7, 8],
			"color": 0,
			"children": [8, 9, 10, 11, 12]
		}
	]
}