{
	"credit": "Made with Blockbench",
	"textures": {
		"0": "custom/block/npc_warps",
		"particle": "custom/block/npc_warps"
	},
	"elements": [
		{
			"from": [3.5, 5, 8],
			"to": [5.5, 6, 8],
			"rotation": {"angle": 22.5, "axis": "x", "origin": [5, 7.5, 5]},
			"faces": {
				"north": {"uv": [12, 1, 10, 2], "texture": "#0"},
				"east": {"uv": [10, 1, 11, 1], "rotation": 90, "texture": "#0"},
				"south": {"uv": [10, 1, 12, 2], "texture": "#0"},
				"west": {"uv": [10, 1, 11, 1], "rotation": 90, "texture": "#0"},
				"up": {"uv": [10, 1, 12, 1], "rotation": 180, "texture": "#0"},
				"down": {"uv": [10, 1, 12, 1], "rotation": 180, "texture": "#0"}
			}
		},
		{
			"from": [2.5, 5, 2.5],
			"to": [7.5, 10, 7.5],
			"rotation": {"angle": 22.5, "axis": "x", "origin": [5, 7.5, 5]},
			"faces": {
				"north": {"uv": [0, 0, 5, 5], "rotation": 90, "texture": "#0"},
				"east": {"uv": [0, 5, 5, 10], "rotation": 90, "texture": "#0"},
				"south": {"uv": [5, 5, 10, 10], "texture": "#0"},
				"west": {"uv": [5, 0, 10, 5], "rotation": 90, "texture": "#0"},
				"up": {"uv": [5, 0, 10, 5], "texture": "#0"},
				"down": {"uv": [0, 0, 5, 5], "texture": "#0"}
			}
		},
		{
			"from": [4.5, 8, 2],
			"to": [6.5, 10, 2],
			"rotation": {"angle": 22.5, "axis": "x", "origin": [5, 7.5, 5]},
			"faces": {
				"north": {"uv": [10, 1, 12, 3], "rotation": 90, "texture": "#0"},
				"east": {"uv": [10, 1, 12, 1], "rotation": 90, "texture": "#0"},
				"south": {"uv": [10, 1, 12, 3], "texture": "#0"},
				"west": {"uv": [10, 1, 12, 1], "rotation": 90, "texture": "#0"},
				"up": {"uv": [10, 1, 12, 1], "texture": "#0"},
				"down": {"uv": [10, 1, 12, 1], "texture": "#0"}
			}
		},
		{
			"from": [3.5, 7, 2],
			"to": [4.5, 8, 2],
			"rotation": {"angle": 22.5, "axis": "x", "origin": [5, 7.5, 5]},
			"faces": {
				"north": {"uv": [10, 0, 11, 1], "rotation": 90, "texture": "#0"},
				"east": {"uv": [10, 1, 11, 0], "rotation": 90, "texture": "#0"},
				"south": {"uv": [10, 0, 11, 1], "texture": "#0"},
				"west": {"uv": [10, 1, 11, 0], "rotation": 90, "texture": "#0"},
				"up": {"uv": [10, 1, 11, 0], "texture": "#0"},
				"down": {"uv": [10, 1, 11, 0], "texture": "#0"}
			}
		},
		{
			"from": [8, 5, 5.5],
			"to": [8, 7, 7.5],
			"rotation": {"angle": 22.5, "axis": "x", "origin": [5, 7.5, 5]},
			"faces": {
				"north": {"uv": [10, 1, 12, 1], "rotation": 90, "texture": "#0"},
				"east": {"uv": [12, 1, 14, 3], "rotation": 90, "texture": "#0"},
				"south": {"uv": [10, 1, 12, 1], "rotation": 90, "texture": "#0"},
				"west": {"uv": [12, 1, 14, 3], "texture": "#0"},
				"up": {"uv": [10, 1, 12, 1], "rotation": 90, "texture": "#0"},
				"down": {"uv": [10, 1, 12, 1], "rotation": 270, "texture": "#0"}
			}
		},
		{
			"from": [8, 7, 3.5],
			"to": [8, 8, 4.5],
			"rotation": {"angle": 22.5, "axis": "x", "origin": [5, 7.5, 5]},
			"faces": {
				"north": {"uv": [10, 1, 11, 0], "rotation": 90, "texture": "#0"},
				"east": {"uv": [10, 0, 11, 1], "rotation": 90, "texture": "#0"},
				"south": {"uv": [10, 1, 11, 0], "rotation": 90, "texture": "#0"},
				"west": {"uv": [10, 0, 11, 1], "texture": "#0"},
				"up": {"uv": [10, 1, 11, 0], "rotation": 90, "texture": "#0"},
				"down": {"uv": [10, 1, 11, 0], "rotation": 270, "texture": "#0"}
			}
		},
		{
			"from": [4.5, 5, 2],
			"to": [5.5, 6, 2],
			"rotation": {"angle": 22.5, "axis": "x", "origin": [5, 7.5, 5]},
			"faces": {
				"north": {"uv": [10, 0, 11, 1], "rotation": 90, "texture": "#0"},
				"east": {"uv": [10, 1, 11, 0], "rotation": 90, "texture": "#0"},
				"south": {"uv": [10, 0, 11, 1], "texture": "#0"},
				"west": {"uv": [10, 1, 11, 0], "rotation": 90, "texture": "#0"},
				"up": {"uv": [10, 1, 11, 0], "texture": "#0"},
				"down": {"uv": [10, 1, 11, 0], "texture": "#0"}
			}
		},
		{
			"from": [2, 9, 5.5],
			"to": [2, 10, 6.5],
			"rotation": {"angle": 22.5, "axis": "x", "origin": [5, 7.5, 5]},
			"faces": {
				"north": {"uv": [10, 1, 11, 0], "rotation": 90, "texture": "#0"},
				"east": {"uv": [10, 0, 11, 1], "texture": "#0"},
				"south": {"uv": [10, 1, 11, 0], "rotation": 90, "texture": "#0"},
				"west": {"uv": [10, 0, 11, 1], "rotation": 90, "texture": "#0"},
				"up": {"uv": [10, 1, 11, 0], "rotation": 270, "texture": "#0"},
				"down": {"uv": [10, 1, 11, 0], "rotation": 90, "texture": "#0"}
			}
		},
		{
			"from": [2, 5, 3.5],
			"to": [2, 7, 5.5],
			"rotation": {"angle": 22.5, "axis": "x", "origin": [5, 7.5, 5]},
			"faces": {
				"north": {"uv": [10, 1, 12, 1], "rotation": 90, "texture": "#0"},
				"east": {"uv": [12, 1, 14, 3], "texture": "#0"},
				"south": {"uv": [10, 1, 12, 1], "rotation": 90, "texture": "#0"},
				"west": {"uv": [12, 1, 14, 3], "rotation": 90, "texture": "#0"},
				"up": {"uv": [10, 1, 12, 1], "rotation": 270, "texture": "#0"},
				"down": {"uv": [10, 1, 12, 1], "rotation": 90, "texture": "#0"}
			}
		},
		{
			"from": [5.5, 4.5, 4.5],
			"to": [7.5, 4.5, 6.5],
			"rotation": {"angle": 22.5, "axis": "x", "origin": [5, 7.5, 5]},
			"faces": {
				"north": {"uv": [10, 1, 12, 1], "rotation": 180, "texture": "#0"},
				"east": {"uv": [10, 1, 12, 1], "texture": "#0"},
				"south": {"uv": [10, 1, 12, 1], "texture": "#0"},
				"west": {"uv": [10, 1, 12, 1], "rotation": 180, "texture": "#0"},
				"up": {"uv": [11, 0, 13, 2], "rotation": 90, "texture": "#0"},
				"down": {"uv": [11, 0, 13, 2], "rotation": 90, "texture": "#0"}
			}
		},
		{
			"from": [3.5, 4.5, 6.5],
			"to": [4.5, 4.5, 7.5],
			"rotation": {"angle": 22.5, "axis": "x", "origin": [5, 7.5, 5]},
			"faces": {
				"north": {"uv": [10, 1, 11, 0], "rotation": 180, "texture": "#0"},
				"east": {"uv": [10, 1, 11, 0], "texture": "#0"},
				"south": {"uv": [10, 1, 11, 0], "texture": "#0"},
				"west": {"uv": [10, 1, 11, 0], "rotation": 180, "texture": "#0"},
				"up": {"uv": [10, 0, 11, 1], "rotation": 270, "texture": "#0"},
				"down": {"uv": [10, 0, 11, 1], "texture": "#0"}
			}
		},
		{
			"from": [3.5, 10.5, 6.5],
			"to": [4.5, 10.5, 7.5],
			"rotation": {"angle": 22.5, "axis": "x", "origin": [5, 7.5, 5]},
			"faces": {
				"north": {"uv": [10, 0, 11, 1], "rotation": 180, "texture": "#0"},
				"east": {"uv": [10, 0, 11, 1], "texture": "#0"},
				"south": {"uv": [10, 0, 11, 1], "texture": "#0"},
				"west": {"uv": [10, 0, 11, 1], "rotation": 180, "texture": "#0"},
				"up": {"uv": [10, 1, 11, 0], "texture": "#0"},
				"down": {"uv": [11, 0, 10, 1], "rotation": 270, "texture": "#0"}
			}
		},
		{
			"from": [4.5, 10.5, 3.5],
			"to": [6.5, 10.5, 4.5],
			"rotation": {"angle": 22.5, "axis": "x", "origin": [5, 7.5, 5]},
			"faces": {
				"north": {"uv": [10, 0, 11, 1], "rotation": 180, "texture": "#0"},
				"east": {"uv": [10, 0, 11, 1], "texture": "#0"},
				"south": {"uv": [10, 0, 11, 1], "texture": "#0"},
				"west": {"uv": [10, 0, 11, 1], "rotation": 180, "texture": "#0"},
				"up": {"uv": [10, 1, 11, 0], "texture": "#0"},
				"down": {"uv": [11, 0, 10, 1], "rotation": 270, "texture": "#0"}
			}
		},
		{
			"from": [5.5, 10.5, 4.5],
			"to": [7.5, 10.5, 6.5],
			"rotation": {"angle": 22.5, "axis": "x", "origin": [5, 7.5, 5]},
			"faces": {
				"north": {"uv": [10, 1, 12, 1], "rotation": 180, "texture": "#0"},
				"east": {"uv": [10, 1, 12, 1], "texture": "#0"},
				"south": {"uv": [10, 1, 12, 1], "texture": "#0"},
				"west": {"uv": [10, 1, 12, 1], "rotation": 180, "texture": "#0"},
				"up": {"uv": [13, 0, 11, 2], "rotation": 90, "texture": "#0"},
				"down": {"uv": [13, 0, 11, 2], "rotation": 90, "texture": "#0"}
			}
		},
		{
			"from": [4.5, 8, 8],
			"to": [5.5, 9, 8],
			"rotation": {"angle": 22.5, "axis": "x", "origin": [5, 7.5, 5]},
			"faces": {
				"north": {"uv": [10, 0, 11, 1], "texture": "#0"},
				"east": {"uv": [10, 1, 11, 0], "rotation": 90, "texture": "#0"},
				"south": {"uv": [10, 0, 11, 1], "rotation": 90, "texture": "#0"},
				"west": {"uv": [10, 1, 11, 0], "rotation": 90, "texture": "#0"},
				"up": {"uv": [10, 1, 11, 0], "rotation": 180, "texture": "#0"},
				"down": {"uv": [10, 1, 11, 0], "rotation": 180, "texture": "#0"}
			}
		},
		{
			"from": [8.5, 8, 5.5],
			"to": [13.5, 13, 10.5],
			"rotation": {"angle": -22.5, "axis": "y", "origin": [11, 10.5, 8]},
			"faces": {
				"north": {"uv": [0, 10, 5, 15], "texture": "#0"},
				"east": {"uv": [0, 10, 5, 15], "texture": "#0"},
				"south": {"uv": [0, 10, 5, 15], "texture": "#0"},
				"west": {"uv": [0, 10, 5, 15], "texture": "#0"},
				"up": {"uv": [10, 10, 15, 15], "texture": "#0"},
				"down": {"uv": [5, 10, 10, 15], "texture": "#0"}
			}
		},
		{
			"from": [5.5, 1, 8.5],
			"to": [10.5, 6, 13.5],
			"rotation": {"angle": 22.5, "axis": "z", "origin": [8, 3.5, 11]},
			"faces": {
				"north": {"uv": [10, 5, 15, 10], "texture": "#0"},
				"east": {"uv": [10, 5, 15, 10], "texture": "#0"},
				"south": {"uv": [10, 5, 15, 10], "texture": "#0"},
				"west": {"uv": [10, 5, 15, 10], "texture": "#0"},
				"up": {"uv": [10, 5, 15, 10], "texture": "#0"},
				"down": {"uv": [10, 5, 15, 10], "texture": "#0"}
			}
		}
	],
	"gui_light": "front",
	"display": {
		"thirdperson_righthand": {
			"rotation": [-38.09, 73.66, 36.94],
			"translation": [0.5, 1.5, -2]
		},
		"thirdperson_lefthand": {
			"rotation": [-34, -107, -37],
			"translation": [0.5, 1.5, -1.75]
		},
		"firstperson_righthand": {
			"rotation": [0, 80, 0],
			"translation": [10.25, 2.45, -3.5]
		},
		"firstperson_lefthand": {
			"rotation": [0, -100, 0],
			"translation": [10.25, 2.45, -3.5]
		},
		"ground": {
			"translation": [0, 3.5, 0]
		},
		"gui": {
			"rotation": [20, 53, 20],
			"scale": [1.5, 1.5, 1.5]
		},
		"head": {
			"rotation": [0, 90, 0],
			"translation": [0, 14, 0]
		},
		"fixed": {
			"translation": [0, 0, -10],
			"scale": [2, 2, 2]
		}
	},
	"groups": [
		{
			"name": "group",
			"origin": [5.5, 4.5, 5.5],
			"color": 0,
			"children": [0, 1, 2, 3, 4, 5, 6, 7, 8, 9, 10, 11, 12, 13, 14]
		},
		15,
		16
	]
}