{
	"credit": "Made with Blockbench",
	"parent": "minecraft:block/cube",
	"texture_size": [32, 32],
	"textures": {
		"0": "custom/block/oil_pumper_6",
		"1": "custom/block/oil_pump_6",
		"2": "custom/block/oil_pump_6_2",
		"particle": "custom/block/oil_pumper_6"
	},
	"elements": [
		{
			"from": [0, 0, 0],
			"to": [16, 3, 16],
			"rotation": {"angle": 0, "axis": "y", "origin": [8, 8, 8]},
			"faces": {
				"north": {"uv": [8, 6.5, 16, 8], "texture": "#1"},
				"east": {"uv": [8, 6.5, 16, 8], "texture": "#1"},
				"south": {"uv": [8, 6.5, 16, 8], "texture": "#1"},
				"west": {"uv": [8, 6.5, 16, 8], "texture": "#1"},
				"up": {"uv": [0, 0, 16, 16], "texture": "#2"},
				"down": {"uv": [0, 8, 8, 16], "texture": "#1"}
			}
		},
		{
			"from": [0, 3, 0],
			"to": [5, 13, 5],
			"rotation": {"angle": 0, "axis": "y", "origin": [8, 18, 8]},
			"faces": {
				"north": {"uv": [13.5, 1.5, 16, 6.5], "texture": "#1"},
				"east": {"uv": [8, 1.5, 10.5, 6.5], "texture": "#1"},
				"south": {"uv": [13.5, 1.5, 16, 6.5], "texture": "#1"},
				"west": {"uv": [8, 1.5, 10.5, 6.5], "texture": "#1"},
				"up": {"uv": [0, 0, 8, 8], "texture": "#1"},
				"down": {"uv": [0, 8, 8, 16], "texture": "#1"}
			}
		},
		{
			"from": [11, 3, 0],
			"to": [16, 13, 5],
			"rotation": {"angle": 0, "axis": "y", "origin": [8, 18, 8]},
			"faces": {
				"north": {"uv": [8, 1.5, 10.5, 6.5], "texture": "#1"},
				"east": {"uv": [13.5, 1.5, 16, 6.5], "texture": "#1"},
				"south": {"uv": [8, 1.5, 10.5, 6.5], "texture": "#1"},
				"west": {"uv": [13.5, 1.5, 16, 6.5], "texture": "#1"},
				"up": {"uv": [0, 0, 8, 8], "rotation": 90, "texture": "#1"},
				"down": {"uv": [0, 8, 8, 16], "rotation": 270, "texture": "#1"}
			}
		},
		{
			"from": [0, 3, 11],
			"to": [5, 13, 16],
			"rotation": {"angle": 0, "axis": "y", "origin": [8, 18, 8]},
			"faces": {
				"north": {"uv": [8, 1.5, 10.5, 6.5], "texture": "#1"},
				"east": {"uv": [13.5, 1.5, 16, 6.5], "texture": "#1"},
				"south": {"uv": [8, 1.5, 10.5, 6.5], "texture": "#1"},
				"west": {"uv": [13.5, 1.5, 16, 6.5], "texture": "#1"},
				"up": {"uv": [0, 0, 8, 8], "rotation": 270, "texture": "#1"},
				"down": {"uv": [0, 8, 8, 16], "rotation": 90, "texture": "#1"}
			}
		},
		{
			"from": [11, 3, 11],
			"to": [16, 13, 16],
			"rotation": {"angle": 0, "axis": "y", "origin": [8, 18, 8]},
			"faces": {
				"north": {"uv": [13.5, 1.5, 16, 6.5], "texture": "#1"},
				"east": {"uv": [8, 1.5, 10.5, 6.5], "texture": "#1"},
				"south": {"uv": [13.5, 1.5, 16, 6.5], "texture": "#1"},
				"west": {"uv": [8, 1.5, 10.5, 6.5], "texture": "#1"},
				"up": {"uv": [0, 0, 8, 8], "rotation": 180, "texture": "#1"},
				"down": {"uv": [0, 8, 8, 16], "rotation": 180, "texture": "#1"}
			}
		},
		{
			"from": [0, 13, 0],
			"to": [16, 16, 16],
			"rotation": {"angle": 0, "axis": "y", "origin": [8, 21, 8]},
			"faces": {
				"north": {"uv": [8, 0, 16, 1.5], "texture": "#1"},
				"east": {"uv": [8, 0, 16, 1.5], "texture": "#1"},
				"south": {"uv": [8, 0, 16, 1.5], "texture": "#1"},
				"west": {"uv": [8, 0, 16, 1.5], "texture": "#1"},
				"up": {"uv": [0, 0, 8, 8], "texture": "#1"},
				"down": {"uv": [0, 0, 16, 16], "texture": "#2"}
			}
		},
		{
			"from": [4, 16, 4],
			"to": [12, 17, 4],
			"rotation": {"angle": 0, "axis": "y", "origin": [8, 12, 8]},
			"faces": {
				"north": {"uv": [8, 10.5, 12, 11], "texture": "#1"},
				"east": {"uv": [8, 11, 8, 11.5], "texture": "#1"},
				"south": {"uv": [12, 10.5, 8, 11], "texture": "#1"},
				"west": {"uv": [8, 11, 8, 11.5], "texture": "#1"},
				"up": {"uv": [8, 11, 12, 11], "texture": "#1"},
				"down": {"uv": [8, 11, 12, 11], "texture": "#1"}
			}
		},
		{
			"from": [11, 17, 4],
			"to": [12, 21, 4],
			"rotation": {"angle": 0, "axis": "y", "origin": [8, 13, 8]},
			"faces": {
				"north": {"uv": [8, 8.5, 8.5, 10.5], "texture": "#1"},
				"east": {"uv": [8, 11, 8, 11.5], "texture": "#1"},
				"south": {"uv": [8, 8.5, 8.5, 10.5], "texture": "#1"},
				"west": {"uv": [8, 11, 8, 11.5], "texture": "#1"},
				"up": {"uv": [8, 9, 8.5, 9], "texture": "#1"},
				"down": {"uv": [8, 9, 8.5, 9], "texture": "#1"}
			}
		},
		{
			"from": [4, 17, 4],
			"to": [5, 21, 4],
			"rotation": {"angle": 0, "axis": "y", "origin": [1, 13, 8]},
			"faces": {
				"north": {"uv": [11.5, 8.5, 12, 10.5], "texture": "#1"},
				"east": {"uv": [8, 11, 8, 11.5], "texture": "#1"},
				"south": {"uv": [11.5, 8.5, 12, 10.5], "texture": "#1"},
				"west": {"uv": [8, 11, 8, 11.5], "texture": "#1"},
				"up": {"uv": [8, 9, 8.5, 9], "texture": "#1"},
				"down": {"uv": [8, 9, 8.5, 9], "texture": "#1"}
			}
		},
		{
			"from": [9, 18, 4],
			"to": [10, 19, 4],
			"rotation": {"angle": 0, "axis": "y", "origin": [6, 14, 8]},
			"faces": {
				"north": {"uv": [9, 9.5, 9.5, 10], "texture": "#1"},
				"east": {"uv": [8, 11, 8, 11.5], "texture": "#1"},
				"south": {"uv": [9, 9.5, 9.5, 10], "texture": "#1"},
				"west": {"uv": [8, 11, 8, 11.5], "texture": "#1"},
				"up": {"uv": [8, 9, 8.5, 9], "texture": "#1"},
				"down": {"uv": [8, 9, 8.5, 9], "texture": "#1"}
			}
		},
		{
			"from": [8, 19, 4],
			"to": [9, 20, 4],
			"rotation": {"angle": 0, "axis": "y", "origin": [5, 15, 8]},
			"faces": {
				"north": {"uv": [9.5, 9, 10, 9.5], "texture": "#1"},
				"east": {"uv": [8, 11, 8, 11.5], "texture": "#1"},
				"south": {"uv": [9.5, 9, 10, 9.5], "texture": "#1"},
				"west": {"uv": [8, 11, 8, 11.5], "texture": "#1"},
				"up": {"uv": [8, 9, 8.5, 9], "texture": "#1"},
				"down": {"uv": [8, 9, 8.5, 9], "texture": "#1"}
			}
		},
		{
			"from": [4, 21, 4],
			"to": [12, 22, 4],
			"rotation": {"angle": 0, "axis": "y", "origin": [8, 17, 8]},
			"faces": {
				"north": {"uv": [8, 8, 12, 8.5], "texture": "#1"},
				"east": {"uv": [8, 11, 8, 11.5], "texture": "#1"},
				"south": {"uv": [12, 8, 8, 8.5], "texture": "#1"},
				"west": {"uv": [8, 11, 8, 11.5], "texture": "#1"},
				"up": {"uv": [8, 8.5, 12, 8.5], "texture": "#1"},
				"down": {"uv": [8, 8.5, 12, 8.5], "texture": "#1"}
			}
		},
		{
			"from": [12, 21, 4],
			"to": [12, 22, 12],
			"rotation": {"angle": 0, "axis": "y", "origin": [8, 17, 8]},
			"faces": {
				"north": {"uv": [8, 11, 8, 11.5], "texture": "#1"},
				"east": {"uv": [8, 8, 12, 8.5], "texture": "#1"},
				"south": {"uv": [8, 11, 8, 11.5], "texture": "#1"},
				"west": {"uv": [12, 8, 8, 8.5], "texture": "#1"},
				"up": {"uv": [8, 8.5, 12, 8.5], "rotation": 90, "texture": "#1"},
				"down": {"uv": [8, 8.5, 12, 8.5], "rotation": 270, "texture": "#1"}
			}
		},
		{
			"from": [12, 17, 4],
			"to": [12, 21, 5],
			"rotation": {"angle": 0, "axis": "y", "origin": [8, 13, 1]},
			"faces": {
				"north": {"uv": [8, 11, 8, 11.5], "texture": "#1"},
				"east": {"uv": [11.5, 8.5, 12, 10.5], "texture": "#1"},
				"south": {"uv": [8, 11, 8, 11.5], "texture": "#1"},
				"west": {"uv": [11.5, 8.5, 12, 10.5], "texture": "#1"},
				"up": {"uv": [8, 9, 8.5, 9], "rotation": 90, "texture": "#1"},
				"down": {"uv": [8, 9, 8.5, 9], "rotation": 270, "texture": "#1"}
			}
		},
		{
			"from": [12, 16, 4],
			"to": [12, 17, 12],
			"rotation": {"angle": 0, "axis": "y", "origin": [8, 12, 8]},
			"faces": {
				"north": {"uv": [8, 11, 8, 11.5], "texture": "#1"},
				"east": {"uv": [8, 10.5, 12, 11], "texture": "#1"},
				"south": {"uv": [8, 11, 8, 11.5], "texture": "#1"},
				"west": {"uv": [12, 10.5, 8, 11], "texture": "#1"},
				"up": {"uv": [8, 11, 12, 11], "rotation": 90, "texture": "#1"},
				"down": {"uv": [8, 11, 12, 11], "rotation": 270, "texture": "#1"}
			}
		},
		{
			"from": [12, 19, 8],
			"to": [12, 20, 9],
			"rotation": {"angle": 0, "axis": "y", "origin": [8, 15, 5]},
			"faces": {
				"north": {"uv": [8, 11, 8, 11.5], "texture": "#1"},
				"east": {"uv": [9.5, 9, 10, 9.5], "texture": "#1"},
				"south": {"uv": [8, 11, 8, 11.5], "texture": "#1"},
				"west": {"uv": [9.5, 9, 10, 9.5], "texture": "#1"},
				"up": {"uv": [8, 9, 8.5, 9], "rotation": 90, "texture": "#1"},
				"down": {"uv": [8, 9, 8.5, 9], "rotation": 270, "texture": "#1"}
			}
		},
		{
			"from": [12, 18, 9],
			"to": [12, 19, 10],
			"rotation": {"angle": 0, "axis": "y", "origin": [8, 14, 6]},
			"faces": {
				"north": {"uv": [8, 11, 8, 11.5], "texture": "#1"},
				"east": {"uv": [9, 9.5, 9.5, 10], "texture": "#1"},
				"south": {"uv": [8, 11, 8, 11.5], "texture": "#1"},
				"west": {"uv": [9, 9.5, 9.5, 10], "texture": "#1"},
				"up": {"uv": [8, 9, 8.5, 9], "rotation": 90, "texture": "#1"},
				"down": {"uv": [8, 9, 8.5, 9], "rotation": 270, "texture": "#1"}
			}
		},
		{
			"from": [12, 17, 11],
			"to": [12, 21, 12],
			"rotation": {"angle": 0, "axis": "y", "origin": [8, 13, 8]},
			"faces": {
				"north": {"uv": [8, 11, 8, 11.5], "texture": "#1"},
				"east": {"uv": [8, 8.5, 8.5, 10.5], "texture": "#1"},
				"south": {"uv": [8, 11, 8, 11.5], "texture": "#1"},
				"west": {"uv": [8, 8.5, 8.5, 10.5], "texture": "#1"},
				"up": {"uv": [8, 9, 8.5, 9], "rotation": 90, "texture": "#1"},
				"down": {"uv": [8, 9, 8.5, 9], "rotation": 270, "texture": "#1"}
			}
		},
		{
			"from": [4, 21, 4],
			"to": [4, 22, 12],
			"rotation": {"angle": 0, "axis": "y", "origin": [8, 17, 8]},
			"faces": {
				"north": {"uv": [8, 11, 8, 11.5], "texture": "#1"},
				"east": {"uv": [12, 8, 8, 8.5], "texture": "#1"},
				"south": {"uv": [8, 11, 8, 11.5], "texture": "#1"},
				"west": {"uv": [8, 8, 12, 8.5], "texture": "#1"},
				"up": {"uv": [8, 8.5, 12, 8.5], "rotation": 270, "texture": "#1"},
				"down": {"uv": [8, 8.5, 12, 8.5], "rotation": 90, "texture": "#1"}
			}
		},
		{
			"from": [4, 22, 4],
			"to": [5, 22, 12],
			"rotation": {"angle": 0, "axis": "y", "origin": [8, 17, 8]},
			"faces": {
				"north": {"uv": [8, 11, 8.5, 11], "texture": "#1"},
				"east": {"uv": [12.5, 8, 12, 11.5], "texture": "#1"},
				"south": {"uv": [8, 11, 8.5, 11], "texture": "#1"},
				"west": {"uv": [12, 8, 12.5, 11.5], "texture": "#1"},
				"up": {"uv": [12, 8, 12.5, 12], "texture": "#1"},
				"down": {"uv": [12, 12, 12.5, 8], "texture": "#1"}
			}
		},
		{
			"from": [11, 22, 4],
			"to": [12, 22, 12],
			"rotation": {"angle": 0, "axis": "y", "origin": [15, 17, 8]},
			"faces": {
				"north": {"uv": [8, 11, 8.5, 11], "texture": "#1"},
				"east": {"uv": [16, 8, 15.5, 11.5], "texture": "#1"},
				"south": {"uv": [8, 11, 8.5, 11], "texture": "#1"},
				"west": {"uv": [15.5, 8, 16, 11.5], "texture": "#1"},
				"up": {"uv": [15.5, 8, 16, 12], "texture": "#1"},
				"down": {"uv": [15.5, 12, 16, 8], "texture": "#1"}
			}
		},
		{
			"from": [5, 22, 4],
			"to": [11, 22, 5],
			"rotation": {"angle": 0, "axis": "y", "origin": [10, 17, 8]},
			"faces": {
				"north": {"uv": [8, 11, 11, 11], "texture": "#1"},
				"east": {"uv": [15.5, 8.5, 15.5, 8], "rotation": 90, "texture": "#1"},
				"south": {"uv": [8, 11, 11, 11], "texture": "#1"},
				"west": {"uv": [15.5, 8, 15.5, 8.5], "rotation": 90, "texture": "#1"},
				"up": {"uv": [12.5, 8, 15.5, 8.5], "texture": "#1"},
				"down": {"uv": [12.5, 8, 15.5, 8.5], "texture": "#1"}
			}
		},
		{
			"from": [5, 22, 11],
			"to": [11, 22, 12],
			"rotation": {"angle": 0, "axis": "y", "origin": [10, 17, 15]},
			"faces": {
				"north": {"uv": [8, 11, 11, 11], "texture": "#1"},
				"east": {"uv": [15.5, 8.5, 15.5, 8], "rotation": 90, "texture": "#1"},
				"south": {"uv": [8, 11, 11, 11], "texture": "#1"},
				"west": {"uv": [15.5, 8, 15.5, 8.5], "rotation": 90, "texture": "#1"},
				"up": {"uv": [12.5, 11.5, 15.5, 12], "texture": "#1"},
				"down": {"uv": [12.5, 11.5, 15.5, 12], "texture": "#1"}
			}
		},
		{
			"from": [9, 22, 9],
			"to": [10, 22, 10],
			"rotation": {"angle": 0, "axis": "y", "origin": [10, 17, 13]},
			"faces": {
				"north": {"uv": [8, 11, 8.5, 11], "texture": "#1"},
				"east": {"uv": [15.5, 8.5, 15.5, 8], "rotation": 90, "texture": "#1"},
				"south": {"uv": [8, 11, 8.5, 11], "texture": "#1"},
				"west": {"uv": [15.5, 8, 15.5, 8.5], "rotation": 90, "texture": "#1"},
				"up": {"uv": [14.5, 10.5, 15, 11], "texture": "#1"},
				"down": {"uv": [14.5, 10.5, 15, 11], "texture": "#1"}
			}
		},
		{
			"from": [7, 22, 6],
			"to": [8, 22, 7],
			"rotation": {"angle": 0, "axis": "y", "origin": [8, 17, 10]},
			"faces": {
				"north": {"uv": [8, 11, 8.5, 11], "texture": "#1"},
				"east": {"uv": [15.5, 8.5, 15.5, 8], "rotation": 90, "texture": "#1"},
				"south": {"uv": [8, 11, 8.5, 11], "texture": "#1"},
				"west": {"uv": [15.5, 8, 15.5, 8.5], "rotation": 90, "texture": "#1"},
				"up": {"uv": [13.5, 9, 14, 9.5], "texture": "#1"},
				"down": {"uv": [13.5, 9, 14, 9.5], "texture": "#1"}
			}
		},
		{
			"from": [6, 22, 7],
			"to": [7, 22, 8],
			"rotation": {"angle": 0, "axis": "y", "origin": [7, 17, 11]},
			"faces": {
				"north": {"uv": [8, 11, 8.5, 11], "texture": "#1"},
				"east": {"uv": [15.5, 8.5, 15.5, 8], "rotation": 90, "texture": "#1"},
				"south": {"uv": [8, 11, 8.5, 11], "texture": "#1"},
				"west": {"uv": [15.5, 8, 15.5, 8.5], "rotation": 90, "texture": "#1"},
				"up": {"uv": [13, 9.5, 13.5, 10], "texture": "#1"},
				"down": {"uv": [13, 9.5, 13.5, 10], "texture": "#1"}
			}
		},
		{
			"from": [4, 17, 11],
			"to": [4, 21, 12],
			"rotation": {"angle": 0, "axis": "y", "origin": [8, 13, 15]},
			"faces": {
				"north": {"uv": [8, 11, 8, 11.5], "texture": "#1"},
				"east": {"uv": [11.5, 8.5, 12, 10.5], "texture": "#1"},
				"south": {"uv": [8, 11, 8, 11.5], "texture": "#1"},
				"west": {"uv": [11.5, 8.5, 12, 10.5], "texture": "#1"},
				"up": {"uv": [8, 9, 8.5, 9], "rotation": 270, "texture": "#1"},
				"down": {"uv": [8, 9, 8.5, 9], "rotation": 90, "texture": "#1"}
			}
		},
		{
			"from": [4, 16, 4],
			"to": [4, 17, 12],
			"rotation": {"angle": 0, "axis": "y", "origin": [8, 12, 8]},
			"faces": {
				"north": {"uv": [8, 11, 8, 11.5], "texture": "#1"},
				"east": {"uv": [12, 10.5, 8, 11], "texture": "#1"},
				"south": {"uv": [8, 11, 8, 11.5], "texture": "#1"},
				"west": {"uv": [8, 10.5, 12, 11], "texture": "#1"},
				"up": {"uv": [8, 11, 12, 11], "rotation": 270, "texture": "#1"},
				"down": {"uv": [8, 11, 12, 11], "rotation": 90, "texture": "#1"}
			}
		},
		{
			"from": [4, 19, 7],
			"to": [4, 20, 8],
			"rotation": {"angle": 0, "axis": "y", "origin": [8, 15, 11]},
			"faces": {
				"north": {"uv": [8, 11, 8, 11.5], "texture": "#1"},
				"east": {"uv": [9.5, 9, 10, 9.5], "texture": "#1"},
				"south": {"uv": [8, 11, 8, 11.5], "texture": "#1"},
				"west": {"uv": [9.5, 9, 10, 9.5], "texture": "#1"},
				"up": {"uv": [8, 9, 8.5, 9], "rotation": 270, "texture": "#1"},
				"down": {"uv": [8, 9, 8.5, 9], "rotation": 90, "texture": "#1"}
			}
		},
		{
			"from": [4, 18, 6],
			"to": [4, 19, 7],
			"rotation": {"angle": 0, "axis": "y", "origin": [8, 14, 10]},
			"faces": {
				"north": {"uv": [8, 11, 8, 11.5], "texture": "#1"},
				"east": {"uv": [9, 9.5, 9.5, 10], "texture": "#1"},
				"south": {"uv": [8, 11, 8, 11.5], "texture": "#1"},
				"west": {"uv": [9, 9.5, 9.5, 10], "texture": "#1"},
				"up": {"uv": [8, 9, 8.5, 9], "rotation": 270, "texture": "#1"},
				"down": {"uv": [8, 9, 8.5, 9], "rotation": 90, "texture": "#1"}
			}
		},
		{
			"from": [4, 17, 4],
			"to": [4, 21, 5],
			"rotation": {"angle": 0, "axis": "y", "origin": [8, 13, 8]},
			"faces": {
				"north": {"uv": [8, 11, 8, 11.5], "texture": "#1"},
				"east": {"uv": [8, 8.5, 8.5, 10.5], "texture": "#1"},
				"south": {"uv": [8, 11, 8, 11.5], "texture": "#1"},
				"west": {"uv": [8, 8.5, 8.5, 10.5], "texture": "#1"},
				"up": {"uv": [8, 9, 8.5, 9], "rotation": 270, "texture": "#1"},
				"down": {"uv": [8, 9, 8.5, 9], "rotation": 90, "texture": "#1"}
			}
		},
		{
			"from": [6, 18, 12],
			"to": [7, 19, 12],
			"rotation": {"angle": 0, "axis": "y", "origin": [10, 14, 8]},
			"faces": {
				"north": {"uv": [9, 9.5, 9.5, 10], "texture": "#1"},
				"east": {"uv": [8, 11, 8, 11.5], "texture": "#1"},
				"south": {"uv": [9, 9.5, 9.5, 10], "texture": "#1"},
				"west": {"uv": [8, 11, 8, 11.5], "texture": "#1"},
				"up": {"uv": [8, 9, 8.5, 9], "rotation": 180, "texture": "#1"},
				"down": {"uv": [8, 9, 8.5, 9], "rotation": 180, "texture": "#1"}
			}
		},
		{
			"from": [7, 19, 12],
			"to": [8, 20, 12],
			"rotation": {"angle": 0, "axis": "y", "origin": [11, 15, 8]},
			"faces": {
				"north": {"uv": [9.5, 9, 10, 9.5], "texture": "#1"},
				"east": {"uv": [8, 11, 8, 11.5], "texture": "#1"},
				"south": {"uv": [9.5, 9, 10, 9.5], "texture": "#1"},
				"west": {"uv": [8, 11, 8, 11.5], "texture": "#1"},
				"up": {"uv": [8, 9, 8.5, 9], "rotation": 180, "texture": "#1"},
				"down": {"uv": [8, 9, 8.5, 9], "rotation": 180, "texture": "#1"}
			}
		},
		{
			"from": [4, 21, 12],
			"to": [12, 22, 12],
			"rotation": {"angle": 0, "axis": "y", "origin": [8, 17, 8]},
			"faces": {
				"north": {"uv": [12, 8, 8, 8.5], "texture": "#1"},
				"east": {"uv": [8, 11, 8, 11.5], "texture": "#1"},
				"south": {"uv": [8, 8, 12, 8.5], "texture": "#1"},
				"west": {"uv": [8, 11, 8, 11.5], "texture": "#1"},
				"up": {"uv": [8, 8.5, 12, 8.5], "rotation": 180, "texture": "#1"},
				"down": {"uv": [8, 8.5, 12, 8.5], "rotation": 180, "texture": "#1"}
			}
		},
		{
			"from": [11, 17, 12],
			"to": [12, 21, 12],
			"rotation": {"angle": 0, "axis": "y", "origin": [15, 13, 8]},
			"faces": {
				"north": {"uv": [11.5, 8.5, 12, 10.5], "texture": "#1"},
				"east": {"uv": [8, 11, 8, 11.5], "texture": "#1"},
				"south": {"uv": [11.5, 8.5, 12, 10.5], "texture": "#1"},
				"west": {"uv": [8, 11, 8, 11.5], "texture": "#1"},
				"up": {"uv": [8, 9, 8.5, 9], "rotation": 180, "texture": "#1"},
				"down": {"uv": [8, 9, 8.5, 9], "rotation": 180, "texture": "#1"}
			}
		},
		{
			"from": [4, 16, 12],
			"to": [12, 17, 12],
			"rotation": {"angle": 0, "axis": "y", "origin": [8, 12, 8]},
			"faces": {
				"north": {"uv": [12, 10.5, 8, 11], "texture": "#1"},
				"east": {"uv": [8, 11, 8, 11.5], "texture": "#1"},
				"south": {"uv": [8, 10.5, 12, 11], "texture": "#1"},
				"west": {"uv": [8, 11, 8, 11.5], "texture": "#1"},
				"up": {"uv": [8, 11, 12, 11], "rotation": 180, "texture": "#1"},
				"down": {"uv": [8, 11, 12, 11], "rotation": 180, "texture": "#1"}
			}
		},
		{
			"from": [4, 17, 12],
			"to": [5, 21, 12],
			"rotation": {"angle": 0, "axis": "y", "origin": [8, 13, 8]},
			"faces": {
				"north": {"uv": [8, 8.5, 8.5, 10.5], "texture": "#1"},
				"east": {"uv": [8, 11, 8, 11.5], "texture": "#1"},
				"south": {"uv": [8, 8.5, 8.5, 10.5], "texture": "#1"},
				"west": {"uv": [8, 11, 8, 11.5], "texture": "#1"},
				"up": {"uv": [8, 9, 8.5, 9], "rotation": 180, "texture": "#1"},
				"down": {"uv": [8, 9, 8.5, 9], "rotation": 180, "texture": "#1"}
			}
		},
		{
			"from": [4, 3, 4],
			"to": [12, 13, 12],
			"rotation": {"angle": 0, "axis": "y", "origin": [8, 1, 8]},
			"faces": {
				"north": {"uv": [0, 0, 8, 10], "texture": "#0"},
				"east": {"uv": [0, 0, 8, 10], "texture": "#0"},
				"south": {"uv": [0, 0, 8, 10], "texture": "#0"},
				"west": {"uv": [0, 0, 8, 10], "texture": "#0"},
				"up": {"uv": [2, 10, 6, 14], "texture": "#1"},
				"down": {"uv": [2, 10, 6, 14], "texture": "#1"}
			}
		},
		{
			"from": [5, 16.98, 5],
			"to": [11, 19.98, 11],
			"rotation": {"angle": 0, "axis": "y", "origin": [8, 7.05, 8]},
			"faces": {
				"north": {"uv": [8, 11, 11, 12.5], "texture": "#1"},
				"east": {"uv": [8, 11, 11, 12.5], "texture": "#1"},
				"south": {"uv": [8, 11, 11, 12.5], "texture": "#1"},
				"west": {"uv": [8, 11, 11, 12.5], "texture": "#1"},
				"up": {"uv": [8, 12.5, 11, 15.5], "texture": "#1"},
				"down": {"uv": [8, 12.5, 11, 15.5], "texture": "#1"}
			}
		},
		{
			"from": [13, 13, -1],
			"to": [17, 17, 3],
			"rotation": {"angle": 0, "axis": "y", "origin": [13, 15, -1]},
			"faces": {
				"north": {"uv": [14, 12, 16, 14], "texture": "#1"},
				"east": {"uv": [16, 12, 14, 14], "texture": "#1"},
				"south": {"uv": [14, 14, 16, 16], "rotation": 270, "texture": "#1"},
				"west": {"uv": [14, 14, 16, 16], "texture": "#1"},
				"up": {"uv": [12, 12, 14, 14], "texture": "#1"},
				"down": {"uv": [14, 14, 16, 16], "rotation": 90, "texture": "#1"}
			}
		},
		{
			"from": [13, -1, -1],
			"to": [17, 3, 3],
			"rotation": {"angle": 0, "axis": "y", "origin": [13, 1, -1]},
			"faces": {
				"north": {"uv": [14, 12, 16, 14], "texture": "#1"},
				"east": {"uv": [16, 12, 14, 14], "texture": "#1"},
				"south": {"uv": [14, 14, 16, 16], "texture": "#1"},
				"west": {"uv": [14, 14, 16, 16], "rotation": 270, "texture": "#1"},
				"up": {"uv": [12, 12, 14, 14], "texture": "#1"},
				"down": {"uv": [14, 14, 16, 16], "rotation": 90, "texture": "#1"}
			}
		},
		{
			"from": [13, -1, 13],
			"to": [17, 3, 17],
			"rotation": {"angle": 0, "axis": "y", "origin": [17, 1, 13]},
			"faces": {
				"north": {"uv": [14, 14, 16, 16], "rotation": 270, "texture": "#1"},
				"east": {"uv": [14, 12, 16, 14], "texture": "#1"},
				"south": {"uv": [16, 12, 14, 14], "texture": "#1"},
				"west": {"uv": [14, 14, 16, 16], "texture": "#1"},
				"up": {"uv": [12, 12, 14, 14], "rotation": 90, "texture": "#1"},
				"down": {"uv": [14, 14, 16, 16], "texture": "#1"}
			}
		},
		{
			"from": [13, 13, 13],
			"to": [17, 17, 17],
			"rotation": {"angle": 0, "axis": "y", "origin": [17, 15, 13]},
			"faces": {
				"north": {"uv": [14, 14, 16, 16], "texture": "#1"},
				"east": {"uv": [14, 12, 16, 14], "texture": "#1"},
				"south": {"uv": [16, 12, 14, 14], "texture": "#1"},
				"west": {"uv": [14, 14, 16, 16], "rotation": 270, "texture": "#1"},
				"up": {"uv": [12, 12, 14, 14], "rotation": 90, "texture": "#1"},
				"down": {"uv": [14, 14, 16, 16], "texture": "#1"}
			}
		},
		{
			"from": [-1, -1, 13],
			"to": [3, 3, 17],
			"rotation": {"angle": 0, "axis": "y", "origin": [-1, 1, 13]},
			"faces": {
				"north": {"uv": [14, 16, 16, 14], "rotation": 270, "texture": "#1"},
				"east": {"uv": [16, 14, 14, 16], "texture": "#1"},
				"south": {"uv": [14, 12, 16, 14], "texture": "#1"},
				"west": {"uv": [16, 12, 14, 14], "texture": "#1"},
				"up": {"uv": [12, 14, 14, 12], "rotation": 90, "texture": "#1"},
				"down": {"uv": [16, 14, 14, 16], "texture": "#1"}
			}
		},
		{
			"from": [-1, 13, 13],
			"to": [3, 17, 17],
			"rotation": {"angle": 0, "axis": "y", "origin": [-1, 15, 13]},
			"faces": {
				"north": {"uv": [16, 14, 14, 16], "texture": "#1"},
				"east": {"uv": [14, 16, 16, 14], "rotation": 270, "texture": "#1"},
				"south": {"uv": [14, 12, 16, 14], "texture": "#1"},
				"west": {"uv": [16, 12, 14, 14], "texture": "#1"},
				"up": {"uv": [12, 14, 14, 12], "rotation": 90, "texture": "#1"},
				"down": {"uv": [16, 14, 14, 16], "texture": "#1"}
			}
		},
		{
			"from": [-1, 13, -1],
			"to": [3, 17, 3],
			"rotation": {"angle": 0, "axis": "y", "origin": [3, 15, -1]},
			"faces": {
				"north": {"uv": [16, 12, 14, 14], "texture": "#1"},
				"east": {"uv": [16, 14, 14, 16], "texture": "#1"},
				"south": {"uv": [14, 16, 16, 14], "rotation": 270, "texture": "#1"},
				"west": {"uv": [14, 12, 16, 14], "texture": "#1"},
				"up": {"uv": [14, 12, 12, 14], "texture": "#1"},
				"down": {"uv": [14, 16, 16, 14], "rotation": 90, "texture": "#1"}
			}
		},
		{
			"from": [13, 6, 13],
			"to": [17, 10, 17],
			"rotation": {"angle": 0, "axis": "y", "origin": [17, 8, 13]},
			"faces": {
				"north": {"uv": [14, 14, 16, 16], "texture": "#1"},
				"east": {"uv": [14, 12, 16, 14], "texture": "#1"},
				"south": {"uv": [16, 12, 14, 14], "texture": "#1"},
				"west": {"uv": [14, 14, 16, 16], "rotation": 270, "texture": "#1"},
				"up": {"uv": [12, 12, 14, 14], "rotation": 90, "texture": "#1"},
				"down": {"uv": [14, 14, 16, 16], "texture": "#1"}
			}
		},
		{
			"from": [13, 6, -1],
			"to": [17, 10, 3],
			"rotation": {"angle": 0, "axis": "y", "origin": [13, 8, -1]},
			"faces": {
				"north": {"uv": [14, 12, 16, 14], "texture": "#1"},
				"east": {"uv": [16, 12, 14, 14], "texture": "#1"},
				"south": {"uv": [14, 14, 16, 16], "rotation": 270, "texture": "#1"},
				"west": {"uv": [14, 14, 16, 16], "texture": "#1"},
				"up": {"uv": [12, 12, 14, 14], "texture": "#1"},
				"down": {"uv": [14, 14, 16, 16], "rotation": 90, "texture": "#1"}
			}
		},
		{
			"from": [-1, 6, -1],
			"to": [3, 10, 3],
			"rotation": {"angle": 0, "axis": "y", "origin": [3, 8, -1]},
			"faces": {
				"north": {"uv": [16, 12, 14, 14], "texture": "#1"},
				"east": {"uv": [16, 14, 14, 16], "texture": "#1"},
				"south": {"uv": [14, 16, 16, 14], "rotation": 270, "texture": "#1"},
				"west": {"uv": [14, 12, 16, 14], "texture": "#1"},
				"up": {"uv": [14, 12, 12, 14], "texture": "#1"},
				"down": {"uv": [14, 16, 16, 14], "rotation": 90, "texture": "#1"}
			}
		},
		{
			"from": [-1, 6, 13],
			"to": [3, 10, 17],
			"rotation": {"angle": 0, "axis": "y", "origin": [-1, 8, 13]},
			"faces": {
				"north": {"uv": [16, 14, 14, 16], "texture": "#1"},
				"east": {"uv": [14, 16, 16, 14], "rotation": 270, "texture": "#1"},
				"south": {"uv": [14, 12, 16, 14], "texture": "#1"},
				"west": {"uv": [16, 12, 14, 14], "texture": "#1"},
				"up": {"uv": [12, 14, 14, 12], "rotation": 90, "texture": "#1"},
				"down": {"uv": [16, 14, 14, 16], "texture": "#1"}
			}
		},
		{
			"from": [-1, -1, -1],
			"to": [3, 3, 3],
			"rotation": {"angle": 0, "axis": "y", "origin": [3, 1, -1]},
			"faces": {
				"north": {"uv": [16, 12, 14, 14], "texture": "#1"},
				"east": {"uv": [14, 16, 16, 14], "rotation": 270, "texture": "#1"},
				"south": {"uv": [16, 14, 14, 16], "texture": "#1"},
				"west": {"uv": [14, 12, 16, 14], "texture": "#1"},
				"up": {"uv": [14, 12, 12, 14], "texture": "#1"},
				"down": {"uv": [14, 16, 16, 14], "rotation": 90, "texture": "#1"}
			}
		},
		{
			"from": [7, 18, 11.89949],
			"to": [9, 20, 16.89949],
			"rotation": {"angle": -45, "axis": "y", "origin": [8, 8, 8]},
			"faces": {
				"north": {"uv": [11, 11, 12, 12], "rotation": 270, "texture": "#1"},
				"east": {"uv": [12, 14, 11, 11.5], "rotation": 90, "texture": "#1"},
				"south": {"uv": [11, 15, 12, 16], "texture": "#1"},
				"west": {"uv": [12, 11.5, 11, 14], "rotation": 90, "texture": "#1"},
				"up": {"uv": [11, 11.5, 12, 14], "rotation": 180, "texture": "#1"},
				"down": {"uv": [12, 13.5, 11, 16], "texture": "#1"}
			}
		},
		{
			"from": [7, 17, 16.89949],
			"to": [9, 20, 18.89949],
			"rotation": {"angle": -45, "axis": "y", "origin": [8, 8, 8]},
			"faces": {
				"north": {"uv": [11, 12.5, 12, 14], "texture": "#1"},
				"east": {"uv": [11, 12, 12, 13.5], "texture": "#1"},
				"south": {"uv": [12, 12, 11, 13.5], "texture": "#1"},
				"west": {"uv": [11, 12, 12, 13.5], "texture": "#1"},
				"up": {"uv": [12, 13, 11, 12], "texture": "#1"},
				"down": {"uv": [12, 16, 11, 15], "rotation": 270, "texture": "#1"}
			}
		},
		{
			"from": [7, 18, -0.89949],
			"to": [9, 20, 4.10051],
			"rotation": {"angle": -45, "axis": "y", "origin": [8, 8, 8]},
			"faces": {
				"north": {"uv": [11, 15, 12, 16], "texture": "#1"},
				"east": {"uv": [12, 11.5, 11, 14], "rotation": 90, "texture": "#1"},
				"south": {"uv": [11, 11, 12, 12], "rotation": 270, "texture": "#1"},
				"west": {"uv": [12, 14, 11, 11.5], "rotation": 90, "texture": "#1"},
				"up": {"uv": [12, 14, 11, 11.5], "rotation": 180, "texture": "#1"},
				"down": {"uv": [11, 16, 12, 13.5], "texture": "#1"}
			}
		},
		{
			"from": [7, 17, -2.89949],
			"to": [9, 20, -0.89949],
			"rotation": {"angle": -45, "axis": "y", "origin": [8, 8, 8]},
			"faces": {
				"north": {"uv": [12, 12, 11, 13.5], "texture": "#1"},
				"east": {"uv": [11, 12, 12, 13.5], "texture": "#1"},
				"south": {"uv": [11, 12.5, 12, 14], "texture": "#1"},
				"west": {"uv": [11, 12, 12, 13.5], "texture": "#1"},
				"up": {"uv": [11, 12, 12, 13], "texture": "#1"},
				"down": {"uv": [11, 15, 12, 16], "rotation": 270, "texture": "#1"}
			}
		},
		{
			"from": [11.89949, 18, 7],
			"to": [16.89949, 20, 9],
			"rotation": {"angle": -45, "axis": "y", "origin": [8, 8, 8]},
			"faces": {
				"north": {"uv": [12, 14, 11, 11.5], "rotation": 90, "texture": "#1"},
				"east": {"uv": [11, 15, 12, 16], "texture": "#1"},
				"south": {"uv": [12, 11.5, 11, 14], "rotation": 90, "texture": "#1"},
				"west": {"uv": [11, 11, 12, 12], "rotation": 270, "texture": "#1"},
				"up": {"uv": [12, 14, 11, 11.5], "rotation": 270, "texture": "#1"},
				"down": {"uv": [11, 16, 12, 13.5], "rotation": 270, "texture": "#1"}
			}
		},
		{
			"from": [16.89949, 17, 7],
			"to": [18.89949, 20, 9],
			"rotation": {"angle": -45, "axis": "y", "origin": [8, 8, 8]},
			"faces": {
				"north": {"uv": [11, 12, 12, 13.5], "texture": "#1"},
				"east": {"uv": [12, 12, 11, 13.5], "texture": "#1"},
				"south": {"uv": [11, 12, 12, 13.5], "texture": "#1"},
				"west": {"uv": [11, 12.5, 12, 14], "texture": "#1"},
				"up": {"uv": [11, 12, 12, 13], "rotation": 90, "texture": "#1"},
				"down": {"uv": [11, 15, 12, 16], "rotation": 180, "texture": "#1"}
			}
		},
		{
			"from": [-0.89949, 18, 7],
			"to": [4.10051, 20, 9],
			"rotation": {"angle": -45, "axis": "y", "origin": [8, 8, 8]},
			"faces": {
				"north": {"uv": [12, 11.5, 11, 14], "rotation": 90, "texture": "#1"},
				"east": {"uv": [11, 11, 12, 12], "rotation": 270, "texture": "#1"},
				"south": {"uv": [12, 14, 11, 11.5], "rotation": 90, "texture": "#1"},
				"west": {"uv": [11, 15, 12, 16], "texture": "#1"},
				"up": {"uv": [11, 11.5, 12, 14], "rotation": 270, "texture": "#1"},
				"down": {"uv": [12, 13.5, 11, 16], "rotation": 270, "texture": "#1"}
			}
		},
		{
			"from": [-2.89949, 17, 7],
			"to": [-0.89949, 20, 9],
			"rotation": {"angle": -45, "axis": "y", "origin": [8, 8, 8]},
			"faces": {
				"north": {"uv": [11, 12, 12, 13.5], "texture": "#1"},
				"east": {"uv": [11, 12.5, 12, 14], "texture": "#1"},
				"south": {"uv": [11, 12, 12, 13.5], "texture": "#1"},
				"west": {"uv": [12, 12, 11, 13.5], "texture": "#1"},
				"up": {"uv": [12, 13, 11, 12], "rotation": 90, "texture": "#1"},
				"down": {"uv": [12, 16, 11, 15], "rotation": 180, "texture": "#1"}
			}
		}
	],
	"display": {
		"thirdperson_righthand": {
			"rotation": [75, 45, 0],
			"translation": [0, 2.5, 0],
			"scale": [0.375, 0.375, 0.375]
		},
		"thirdperson_lefthand": {
			"rotation": [75, -45, 0],
			"translation": [0, 2.5, 0],
			"scale": [0.375, 0.375, 0.375]
		},
		"firstperson_righthand": {
			"rotation": [0, 45, 0],
			"scale": [0.4, 0.4, 0.4]
		},
		"firstperson_lefthand": {
			"rotation": [0, -135, 0],
			"scale": [0.4, 0.4, 0.4]
		},
		"ground": {
			"translation": [0, 3, 0],
			"scale": [0.25, 0.25, 0.25]
		},
		"gui": {
			"rotation": [30, -135, 0],
			"scale": [0.625, 0.625, 0.625]
		}
	}
}