{
	"credit": "Made with Blockbench",
	"texture_size": [32, 32],
	"textures": {
		"0": "block/present2",
		"particle": "block/present2"
	},
	"elements": [
		{
			"from": [0, 0, 0],
			"to": [16, 16, 16],
			"rotation": {"angle": 0, "axis": "y", "origin": [8, 8, 8]},
			"faces": {
				"north": {"uv": [8, 0, 16, 8], "texture": "#0"},
				"east": {"uv": [8, 0, 16, 8], "texture": "#0"},
				"south": {"uv": [8, 0, 16, 8], "texture": "#0"},
				"west": {"uv": [8, 0, 16, 8], "texture": "#0"},
				"up": {"uv": [8, 8, 0, 0], "texture": "#0"},
				"down": {"uv": [8, 0, 0, 8], "texture": "#0"}
			}
		},
		{
			"from": [6, 16, 6],
			"to": [10, 18, 10],
			"rotation": {"angle": 0, "axis": "y", "origin": [8.70711, 16.75, 8]},
			"faces": {
				"north": {"uv": [0, 10, 2, 11], "texture": "#0"},
				"east": {"uv": [0, 10, 2, 11], "texture": "#0"},
				"south": {"uv": [0, 10, 2, 11], "texture": "#0"},
				"west": {"uv": [0, 10, 2, 11], "texture": "#0"},
				"up": {"uv": [2, 10, 0, 8], "rotation": 270, "texture": "#0"},
				"down": {"uv": [2, 8, 0, 10], "rotation": 90, "texture": "#0"}
			}
		},
		{
			"from": [5, 15.04172, 12.28575],
			"to": [9, 17.04172, 17.28575],
			"rotation": {"angle": -22.5, "axis": "x", "origin": [8, 8.75, 11.725]},
			"faces": {
				"north": {"uv": [6, 10, 4, 11], "texture": "#0"},
				"east": {"uv": [8.5, 10, 6, 11], "texture": "#0"},
				"south": {"uv": [4, 10, 2, 11], "texture": "#0"},
				"west": {"uv": [6, 10, 8.5, 11], "texture": "#0"},
				"up": {"uv": [2, 10, 4.5, 8], "rotation": 270, "texture": "#0"},
				"down": {"uv": [4.5, 8, 7, 10], "rotation": 90, "texture": "#0"}
			}
		},
		{
			"from": [9.81421, 16, 7],
			"to": [13.81421, 17, 9],
			"rotation": {"angle": -45, "axis": "y", "origin": [8, 8, 8]},
			"faces": {
				"north": {"uv": [7, 9, 9, 9.5], "texture": "#0"},
				"east": {"uv": [8, 9.5, 7, 10], "texture": "#0"},
				"south": {"uv": [9, 9, 7, 9.5], "texture": "#0"},
				"west": {"uv": [8, 9, 7, 9.5], "texture": "#0"},
				"up": {"uv": [9, 8, 7, 9], "rotation": 180, "texture": "#0"},
				"down": {"uv": [9, 8, 10, 10], "rotation": 90, "texture": "#0"}
			}
		},
		{
			"from": [9.81421, 16, 7],
			"to": [13.81421, 17, 9],
			"rotation": {"angle": 45, "axis": "y", "origin": [8, 8, 8]},
			"faces": {
				"north": {"uv": [7, 9, 9, 9.5], "texture": "#0"},
				"east": {"uv": [7, 9.5, 8, 10], "texture": "#0"},
				"south": {"uv": [9, 9, 7, 9.5], "texture": "#0"},
				"west": {"uv": [7, 9, 8, 9.5], "texture": "#0"},
				"up": {"uv": [9, 9, 7, 8], "rotation": 180, "texture": "#0"},
				"down": {"uv": [10, 8, 9, 10], "rotation": 90, "texture": "#0"}
			}
		},
		{
			"from": [5, 15.04172, -1.28575],
			"to": [9, 17.04172, 3.71425],
			"rotation": {"angle": 22.5, "axis": "x", "origin": [8, 8.75, 4.275]},
			"faces": {
				"north": {"uv": [2, 10, 4, 11], "texture": "#0"},
				"east": {"uv": [6, 10, 8.5, 11], "texture": "#0"},
				"south": {"uv": [4, 10, 6, 11], "texture": "#0"},
				"west": {"uv": [8.5, 10, 6, 11], "texture": "#0"},
				"up": {"uv": [4.5, 10, 2, 8], "rotation": 270, "texture": "#0"},
				"down": {"uv": [7, 8, 4.5, 10], "rotation": 90, "texture": "#0"}
			}
		}
	],
	"display": {
		"thirdperson_righthand": {
			"rotation": [75, -135, 0],
			"translation": [0, 2.75, 0],
			"scale": [0.31, 0.31, 0.31]
		},
		"thirdperson_lefthand": {
			"rotation": [75, 135, 0],
			"translation": [0, 2.75, 0],
			"scale": [0.31, 0.31, 0.31]
		},
		"firstperson_righthand": {
			"rotation": [0, 45, 0],
			"scale": [0.4, 0.4, 0.4]
		},
		"firstperson_lefthand": {
			"rotation": [0, -135, 0],
			"scale": [0.4, 0.4, 0.4]
		},
		"ground": {
			"rotation": [0, 180, 0],
			"translation": [0, 3, 0],
			"scale": [0.25, 0.25, 0.25]
		},
		"gui": {
			"rotation": [30, 45, 0],
			"translation": [0, -0.5, 0],
			"scale": [0.53, 0.53, 0.53]
		},
		"head": {
			"rotation": [0, 180, 0],
			"translation": [0, -6.5, 0],
			"scale": [1.6, 1.6, 1.6]
		},
		"fixed": {
			"rotation": [0, 180, 0],
			"scale": [0.68, 0.68, 0.68]
		}
	}
}