{
	"credit": "Made with Blockbench",
	"parent": "minecraft:item/generated",
	"textures": {
		"layer0": "custom/block/prison"
	},
	"display": {
		"thirdperson_righthand": {
			"rotation": [75, 45, 0],
			"translation": [0, 2.5, 0],
			"scale": [0.5, 0.5, 0.5]
		},
		"thirdperson_lefthand": {
			"rotation": [75, -45, 0],
			"translation": [0, 2.5, 0],
			"scale": [0.5, 0.5, 0.5]
		},
		"firstperson_righthand": {
			"rotation": [0, -45, 0],
			"scale": [0.6, 0.6, 0.6]
		},
		"firstperson_lefthand": {
			"rotation": [0, 135, 0],
			"scale": [0.6, 0.6, 0.6]
		},
		"ground": {
			"translation": [0, -0.25, 0]
		},
		"gui": {
			"rotation": [30, -45, 0],
			"scale": [1.26, 1.26, 1.26]
		},
		"head": {
			"rotation": [0, 180, 0],
			"translation": [0, 15.25, 0],
			"scale": [4, 4, 4]
		},
		"fixed": {
			"rotation": [-90, 0, 0],
			"translation": [0, 0, -27.75],
			"scale": [4, 4, 4]
		}
	}
}