{
	"credit": "Made with Blockbench",
	"parent": "minecraft:item/generated",
	"textures": {
		"layer0": "custom/block/prisonrank_2"
	},
	"display": {
		"thirdperson_righthand": {
			"rotation": [75, 45, 0],
			"translation": [0, 2.5, 0],
			"scale": [0.5, 0.5, 0.5]
		},
		"thirdperson_lefthand": {
			"rotation": [75, -45, 0],
			"translation": [0, 2.5, 0],
			"scale": [0.5, 0.5, 0.5]
		},
		"firstperson_righthand": {
			"rotation": [0, -45, 0],
			"scale": [0.6, 0.6, 0.6]
		},
		"firstperson_lefthand": {
			"rotation": [0, 135, 0],
			"scale": [0.6, 0.6, 0.6]
		},
		"ground": {
			"translation": [0, 4, 0],
			"scale": [1, 1, 0.5]
		},
		"gui": {
			"rotation": [30, -45, 0],
			"translation": [0.25, -0.75, 0],
			"scale": [1.6, 1.6, 0.8]
		},
		"head": {
			"rotation": [0, 180, 0],
			"translation": [-0.83, 21.5, 0],
			"scale": [3.33, 3.33, 1.77]
		},
		"fixed": {
			"rotation": [0, 180, 0],
			"translation": [-1, 4, -1],
			"scale": [4, 4, 2]
		}
	}
}