{
	"providers":[

		{"type":"space","advances": {"\ue089":-16}},
		{"type":"space","advances": {"\ue088":-146}},
		{"type":"space","advances": {"\ue087":55}},
		{"file": "font/chat/pixel.png","chars": ["\ue001"],"height": 8,"ascent": 8,"type": "bitmap"},
        {"file": "font/chat/pixel.png","chars": ["\ue002"],"height": 8,"ascent": 7,"type": "bitmap"},
        {"file": "font/chat/pixel.png","chars": ["\ue003"],"height": 8,"ascent": 6,"type": "bitmap"},
        {"file": "font/chat/pixel.png","chars": ["\ue004"],"height": 8,"ascent": 5,"type": "bitmap"},
        {"file": "font/chat/pixel.png","chars": ["\ue005"],"height": 8,"ascent": 4,"type": "bitmap"},
        {"file": "font/chat/pixel.png","chars": ["\ue006"],"height": 8,"ascent": 3,"type": "bitmap"},
        {"file": "font/chat/pixel.png","chars": ["\ue007"],"height": 8,"ascent": 2,"type": "bitmap"},
        {"file": "font/chat/pixel.png","chars": ["\ue008"],"height": 8,"ascent": 1,"type": "bitmap"},
		
		
		{"file":"font/chat/lunar_icon.png","chars":["\uf101"],"height":10,"ascent":8,"type":"bitmap"},
		{"file":"font/chat/solar_icon.png","chars":["\uf102"],"height":10,"ascent":8,"type":"bitmap"},
		{"file":"font/chat/galactic_icon.png","chars":["\uf103"],"height":10,"ascent":8,"type":"bitmap"},
		{"file":"font/chat/cosmic_icon.png","chars":["\uf104"],"height":10,"ascent":8,"type":"bitmap"},
		{"file":"font/chat/eternal_icon.png","chars":["\uf105"],"height":10,"ascent":8,"type":"bitmap"},
		{"file":"font/chat/prisoner_rank.png","chars":["\uf106"],"height":7,"ascent":7,"type":"bitmap"},
		{"file":"font/chat/lunar_rank.png","chars":["\uf107"],"height":7,"ascent":7,"type":"bitmap"},
		{"file":"font/chat/solar_rank.png","chars":["\uf108"],"height":7,"ascent":7,"type":"bitmap"},
		{"file":"font/chat/galactic_rank.png","chars":["\uf109"],"height":7,"ascent":7,"type":"bitmap"},
		{"file":"font/chat/cosmic_rank.png","chars":["\uf110"],"height":7,"ascent":7,"type":"bitmap"},
		{"file":"font/chat/eternal_rank.png","chars":["\uf111"],"height":7,"ascent":7,"type":"bitmap"},
		{"file":"font/chat/mod_label.png","chars":["\uf112"],"height":8,"ascent":8,"type":"bitmap"},
		{"file":"font/chat/admin_label.png","chars":["\uf113"],"height":8,"ascent":8,"type":"bitmap"},
		{"file":"font/chat/owner_label.png","chars":["\uf114"],"height":8,"ascent":8,"type":"bitmap"},

		{"file":"font/chat/pvp.png","chars":["\uf115"],"height":28,"ascent":28,"type":"bitmap"},
		{"file":"font/chat/moon_island.png","chars":["\uf116"],"height":60,"ascent":60,"type":"bitmap"},
		{"file":"font/chat/hive.png","chars":["\uf117"],"height":28,"ascent":28,"type":"bitmap"},
		{"file":"font/chat/volcano.png","chars":["\uf118"],"height":28,"ascent":28,"type":"bitmap"},
		{"file":"font/chat/fish_alert.png","chars":["\uf120"],"height":32,"ascent":32,"type":"bitmap"},
		{"file":"font/chat/fish_fail.png","chars":["\uf121"],"height":32,"ascent":32,"type":"bitmap"},
		{"file":"font/chat/msg_label.png","chars":["\uf122"],"height":8,"ascent":8,"type":"bitmap"},

		{"file":"font/chat/gamemode.png","chars":["\uf123"],"height":20,"ascent":15,"type":"bitmap"},		
		{"file":"font/chat/logo.png","chars":["\uf124"],"height":20,"ascent":15,"type":"bitmap"},
		{"file":"font/chat/title.png","chars":["\uf125"],"height":20,"ascent":15,"type":"bitmap"},
		{"file":"font/chat/title_hor.png","chars":["\uf126"],"height":7,"ascent":7,"type":"bitmap"},

		{"file":"font/chat/creator_icon.png","chars":["\uf129"],"height":10,"ascent":8,"type":"bitmap"},
		{"file":"font/chat/logo.png","chars":["\uf130"],"height":38,"ascent":29,"type":"bitmap"},
		{"file":"font/chat/celestial_icon.png","chars":["\uf131"],"height":10,"ascent":8,"type":"bitmap"},
		{"file":"font/chat/celestial_rank.png","chars":["\uf132"],"height":7,"ascent":7,"type":"bitmap"},
		{"file":"font/chat/death.png","chars":["\uf133"],"height":15,"ascent":13,"type":"bitmap"},
		{"file":"font/chat/tomb.png","chars":["\uf134"],"height":28,"ascent":28,"type":"bitmap"},
		
		{"file":"font/chat/gilded_1.png","chars":["\uf135"],"height":9,"ascent":8,"type":"bitmap"},
		{"file":"font/chat/gilded_2.png","chars":["\uf136"],"height":9,"ascent":8,"type":"bitmap"},


		{"file":"font/chat/game_menu.png","chars":["\uf144"],"height":256,"ascent":93,"type":"bitmap"},
		{"file":"font/chat/helper_label.png","chars":["\uf145"],"height":8,"ascent":8,"type":"bitmap"},
		{"file":"font/chat/dev_label.png","chars":["\uf146"],"height":8,"ascent":8,"type":"bitmap"},
		{"file":"font/chat/srmod_label.png","chars":["\uf147"],"height":8,"ascent":8,"type":"bitmap"},
		{"file":"font/chat/staffchat_label.png","chars":["\uf148"],"height":8,"ascent":8,"type":"bitmap"},
		{"file":"font/chat/icon_lvl.png","chars":["\uf149"],"height":8,"ascent":8,"type":"bitmap"},	
		
		{"file":"font/chat/rarity_1.png","chars":["\uf150"],"height":8,"ascent":8,"type":"bitmap"},
		{"file":"font/chat/rarity_2.png","chars":["\uf151"],"height":8,"ascent":8,"type":"bitmap"},
		{"file":"font/chat/rarity_3.png","chars":["\uf152"],"height":8,"ascent":8,"type":"bitmap"},
		{"file":"font/chat/rarity_4.png","chars":["\uf153"],"height":8,"ascent":8,"type":"bitmap"},
		{"file":"font/chat/rarity_5.png","chars":["\uf154"],"height":8,"ascent":8,"type":"bitmap"},
		
		{"file":"font/chat/booster_millionaire.png","chars":["\uf155"],"height":9,"ascent":8,"type":"bitmap"},
		{"file":"font/chat/booster_mine.png","chars":["\uf156"],"height":9,"ascent":8,"type":"bitmap"},
		{"file":"font/chat/booster_hunt.png","chars":["\uf157"],"height":9,"ascent":8,"type":"bitmap"},
		{"file":"font/chat/booster_fish.png","chars":["\uf158"],"height":9,"ascent":8,"type":"bitmap"},
		{"file":"font/chat/booster_farm.png","chars":["\uf159"],"height":9,"ascent":8,"type":"bitmap"},
		{"file":"font/chat/event_airdrop.png","chars":["\uf160"],"height":9,"ascent":8,"type":"bitmap"},


		{"file":"font/chat/event_meteorite.png","chars":["\uf162"],"height":9,"ascent":8,"type":"bitmap"},
		{"file":"font/chat/event_rabbit.png","chars":["\uf163"],"height":9,"ascent":8,"type":"bitmap"},

		{"file":"font/chat/party_label.png","chars":["\uf164"],"height":8,"ascent":8,"type":"bitmap"},
		{"file":"font/chat/accept_label.png","chars":["\uf165"],"height":8,"ascent":8,"type":"bitmap"},
		{"file":"font/chat/deny_label.png","chars":["\uf166"],"height":8,"ascent":8,"type":"bitmap"},

		{"file":"font/chat/water_full.png","chars":["\uf167"],"height":8,"ascent":8,"type":"bitmap"},
		{"file":"font/chat/water_empty.png","chars":["\uf168"],"height":8,"ascent":8,"type":"bitmap"},
		{"file":"font/chat/event_hive_1.png","chars":["\uf169"],"height":9,"ascent":8,"type":"bitmap"},
		{"file":"font/chat/event_hive_2.png","chars":["\uf170"],"height":9,"ascent":8,"type":"bitmap"},
		{"file":"font/chat/event_hive_3.png","chars":["\uf171"],"height":9,"ascent":8,"type":"bitmap"},
		{"file":"font/chat/event_hive_4.png","chars":["\uf172"],"height":9,"ascent":8,"type":"bitmap"},
		
		{"file":"font/chat/title.png","chars":["\uf197"],"height":35,"ascent":35,"type":"bitmap"},

		{"file":"font/chat/sale.png","chars":["\uf200"],"height":18,"ascent":8,"type":"bitmap"},

		{"file":"font/chat/icon_fish.png","chars":["\uf201"],"height":11,"ascent":8,"type":"bitmap"},
		{"file":"font/chat/icon_online.png","chars":["\uf202"],"height":11,"ascent":8,"type":"bitmap"},
		{"file":"font/chat/icon_offline.png","chars":["\uf203"],"height":11,"ascent":8,"type":"bitmap"},
		{"file":"font/chat/icon_afk.png","chars":["\uf208"],"height":11,"ascent":8,"type":"bitmap"},


		{"file":"custom/gui/locked.png","chars":["\uf223"],"height":11,"ascent":8,"type":"bitmap"},
		{"file":"custom/gui/unlocked.png","chars":["\uf224"],"height":11,"ascent":8,"type":"bitmap"},

		{"file":"custom/gui/cobblestone.png","chars":["\uf225"],"height":11,"ascent":8,"type":"bitmap"},
		{"file":"item/coal.png","chars":["\uf227"],"height":11,"ascent":8,"type":"bitmap"},
		{"file":"item/iron_ingot.png","chars":["\uf229"],"height":11,"ascent":8,"type":"bitmap"},
		{"file":"item/redstone.png","chars":["\uf230"],"height":11,"ascent":8,"type":"bitmap"},
		{"file":"item/gold_ingot.png","chars":["\uf231"],"height":11,"ascent":8,"type":"bitmap"},
		{"file":"item/lapis_lazuli.png","chars":["\uf232"],"height":11,"ascent":8,"type":"bitmap"},
		{"file":"item/emerald.png","chars":["\uf233"],"height":11,"ascent":8,"type":"bitmap"},
		{"file":"item/diamond.png","chars":["\uf234"],"height":11,"ascent":8,"type":"bitmap"},
		{"file":"custom/item/rose_quartz.png","chars":["\uf235"],"height":11,"ascent":8,"type":"bitmap"},
		{"file":"custom/gui/oak_log.png","chars":["\uf236"],"height":11,"ascent":8,"type":"bitmap"},
		{"file":"custom/gui/spruce_log.png","chars":["\uf237"],"height":11,"ascent":8,"type":"bitmap"},
		{"file":"custom/gui/birch_log.png","chars":["\uf238"],"height":11,"ascent":8,"type":"bitmap"},
		{"file":"custom/gui/jungle_log.png","chars":["\uf239"],"height":11,"ascent":8,"type":"bitmap"},
		{"file":"custom/gui/acacia_log.png","chars":["\uf240"],"height":11,"ascent":8,"type":"bitmap"},
		{"file":"custom/gui/dark_oak_log.png","chars":["\uf241"],"height":11,"ascent":8,"type":"bitmap"},
		{"file":"custom/gui/gemstone.png","chars":["\uf242"],"height":11,"ascent":8,"type":"bitmap"},
		{"file":"custom/gui/moonstone.png","chars":["\uf243"],"height":11,"ascent":8,"type":"bitmap"},
		{"file":"custom/gui/cookie.png","chars":["\uf244"],"height":11,"ascent":9,"type":"bitmap"},
		{"file":"custom/gui/staff_spectator.png","chars":["\uf245"],"height":15,"ascent":11,"type":"bitmap"},
		{"file":"font/chat/celestial_wing_left.png","chars":["\uf246"],"height":7,"ascent":7,"type":"bitmap"},
		{"file":"font/chat/celestial_wing_right.png","chars":["\uf247"],"height":7,"ascent":7,"type":"bitmap"},
		{"file":"font/chat/icon_star.png","chars":["\uf248"],"height":9,"ascent":8,"type":"bitmap"},
		{"file":"font/chat/icon_circlestar.png","chars":["\uf249"],"height":9,"ascent":8,"type":"bitmap"},
		{"file":"custom/gui/exotic_shard.png","chars":["\uf250"],"height":11,"ascent":8,"type":"bitmap"},
		{"file":"custom/item/ametrine.png","chars":["\uf251"],"height":11,"ascent":8,"type":"bitmap"},

		{"file":"font/chat/biome_arctic_plains.png","chars":["\uf252"],"height":25,"ascent":7,"type":"bitmap"},
		{"file":"font/chat/biome_coast.png","chars":["\uf254"],"height":25,"ascent":7,"type":"bitmap"},
		{"file":"font/chat/biome_cotton_meadows.png","chars":["\uf255"],"height":25,"ascent":7,"type":"bitmap"},
		{"file":"font/chat/biome_crystal_falls.png","chars":["\uf256"],"height":25,"ascent":7,"type":"bitmap"},
		{"file":"font/chat/biome_deep_cave.png","chars":["\uf257"],"height":25,"ascent":7,"type":"bitmap"},
		{"file":"font/chat/biome_dunes_of_death.png","chars":["\uf258"],"height":25,"ascent":7,"type":"bitmap"},
		{"file":"font/chat/biome_gleaming_grove.png","chars":["\uf259"],"height":25,"ascent":7,"type":"bitmap"},
		{"file":"font/chat/biome_green_woods.png","chars":["\uf260"],"height":25,"ascent":7,"type":"bitmap"},
		{"file":"font/chat/biome_honeydew_valley.png","chars":["\uf261"],"height":25,"ascent":7,"type":"bitmap"},
		{"file":"font/chat/biome_jungle.png","chars":["\uf262"],"height":25,"ascent":7,"type":"bitmap"},
		{"file":"font/chat/biome_lagoon.png","chars":["\uf263"],"height":25,"ascent":7,"type":"bitmap"},
		{"file":"font/chat/biome_ocean.png","chars":["\uf264"],"height":25,"ascent":7,"type":"bitmap"},
		{"file":"font/chat/biome_spawn.png","chars":["\uf266"],"height":25,"ascent":7,"type":"bitmap"},
		{"file":"font/chat/biome_volcano.png","chars":["\uf267"],"height":25,"ascent":7,"type":"bitmap"},
		
		{"file":"font/chat/icon_vanish.png","chars":["\uf268"],"height":11,"ascent":8,"type":"bitmap"},
		{"file":"font/chat/pixel.png","chars":["\uf269"],"height":8,"ascent":8,"type":"bitmap"},
		{"file":"font/chat/trophy_1.png","chars":["\uf270"],"height":11,"ascent":8,"type":"bitmap"},
		{"file":"font/chat/trophy_2.png","chars":["\uf271"],"height":11,"ascent":8,"type":"bitmap"},
		{"file":"font/chat/trophy_3.png","chars":["\uf272"],"height":11,"ascent":8,"type":"bitmap"},
		{"file":"font/chat/trophy_4.png","chars":["\uf273"],"height":11,"ascent":8,"type":"bitmap"},
		{"file":"font/chat/trophy_5.png","chars":["\uf274"],"height":11,"ascent":8,"type":"bitmap"},
		{"file":"font/chat/trophy_6.png","chars":["\uf275"],"height":11,"ascent":8,"type":"bitmap"},
		
		{"file":"custom/gui/geode.png","chars":["\uf278"],"height":11,"ascent":8,"type":"bitmap"},
		{"file":"custom/gui/key_voting.png","chars":["\uf280"],"height":11,"ascent":8,"type":"bitmap"},
		{"file":"custom/gui/key_legendary.png","chars":["\uf281"],"height":11,"ascent":8,"type":"bitmap"},
		{"file":"font/chat/icon_vote.png","chars":["\uf282"],"height":11,"ascent":8,"type":"bitmap"},
		{"file":"font/chat/icon_block.png","chars":["\uf284"],"height":11,"ascent":8,"type":"bitmap"},
		{"file":"font/chat/icon_kill.png","chars":["\uf285"],"height":11,"ascent":8,"type":"bitmap"},

		{"file":"custom/gui/jobs/box_closed.png","chars":["\uf286"],"height":11,"ascent":8,"type":"bitmap"},
		{"file":"custom/gui/jobs/box_open.png","chars":["\uf287"],"height":11,"ascent":8,"type":"bitmap"},
		{"file":"font/chat/icon_music.png","chars":["\uf288"],"height":11,"ascent":8,"type":"bitmap"},
		{"file":"font/chat/hive_beacon_gray.png","chars":["\uf290"],"height":11,"ascent":8,"type":"bitmap"},
		{"file":"font/chat/hive_beacon.png","chars":["\uf291"],"height":11,"ascent":8,"type":"bitmap"},
		{"file":"font/chat/hive_mind_gray.png","chars":["\uf292"],"height":11,"ascent":8,"type":"bitmap"},
		{"file":"font/chat/hive_mind.png","chars":["\uf293"],"height":11,"ascent":8,"type":"bitmap"},
		{"file":"font/chat/npcchat_label.png","chars":["\uf294"],"height":11,"ascent":8,"type":"bitmap"},
		{"file":"font/chat/npcaction_label.png","chars":["\uf295"],"height":11,"ascent":9,"type":"bitmap"},
		{"file":"custom/gui/oil.png","chars":["\uf296"],"height":11,"ascent":8,"type":"bitmap"},
		
		{"file":"font/chat/jobbooster_mine.png","chars":["\uf297"],"height":9,"ascent":8,"type":"bitmap"},
		{"file":"font/chat/jobbooster_hunt.png","chars":["\uf298"],"height":9,"ascent":8,"type":"bitmap"},
		{"file":"font/chat/jobbooster_fish.png","chars":["\uf299"],"height":9,"ascent":8,"type":"bitmap"},
		{"file":"font/chat/jobbooster_farm.png","chars":["\uf300"],"height":9,"ascent":8,"type":"bitmap"},

		{"file":"custom/gui/jobs/keybox_closed.png","chars":["\uf302"],"height":11,"ascent":8,"type":"bitmap"},
		{"file":"custom/gui/jobs/keybox_open.png","chars":["\uf303"],"height":11,"ascent":8,"type":"bitmap"},
		{"file":"custom/gui/tutorial_done.png","chars":["\uf304"],"height":11,"ascent":8,"type":"bitmap"},
		{"file":"custom/gui/medal_0.png","chars":["\uf305"],"height":11,"ascent":8,"type":"bitmap"},
		{"file":"custom/gui/medal_1.png","chars":["\uf306"],"height":11,"ascent":8,"type":"bitmap"},
		{"file":"custom/gui/medal_2.png","chars":["\uf307"],"height":11,"ascent":8,"type":"bitmap"},
		{"file":"custom/gui/medal_3.png","chars":["\uf308"],"height":11,"ascent":8,"type":"bitmap"},
		{"file":"custom/gui/medal_4.png","chars":["\uf309"],"height":11,"ascent":8,"type":"bitmap"},
		{"file":"custom/gui/medal_5.png","chars":["\uf310"],"height":11,"ascent":8,"type":"bitmap"},
		{"file":"custom/gui/medal_6.png","chars":["\uf311"],"height":11,"ascent":8,"type":"bitmap"},
		{"file":"custom/gui/medal_7.png","chars":["\uf312"],"height":11,"ascent":8,"type":"bitmap"},
		{"file":"custom/gui/medal_8.png","chars":["\uf313"],"height":11,"ascent":8,"type":"bitmap"},
		{"file":"custom/gui/medal_9.png","chars":["\uf314"],"height":11,"ascent":8,"type":"bitmap"},
		{"file":"custom/gui/medal_10.png","chars":["\uf315"],"height":11,"ascent":8,"type":"bitmap"},

		{"file":"custom/item/candy.png","chars":["\uf316"],"height":11,"ascent":8,"type":"bitmap"},
		{"file":"font/chat/box_daily.png","chars":["\uf317"],"height":11,"ascent":8,"type":"bitmap"},
		{"file":"font/chat/box_weekly.png","chars":["\uf318"],"height":11,"ascent":8,"type":"bitmap"},
		{"file":"font/chat/box_monthly.png","chars":["\uf319"],"height":11,"ascent":8,"type":"bitmap"},

		
		{"file":"font/chat/creator_rank.png","chars":["\uf350"],"height":7,"ascent":7,"type":"bitmap"},
		{"file":"font/chat/creator_wing_left.png","chars":["\uf351"],"height":7,"ascent":7,"type":"bitmap"},
		{"file":"font/chat/creator_wing_right.png","chars":["\uf352"],"height":7,"ascent":7,"type":"bitmap"},
		{"file":"font/chat/youtube_label.png","chars":["\uf353"],"height":8,"ascent":8,"type":"bitmap"},
		{"file":"font/chat/twitch_label.png","chars":["\uf354"],"height":8,"ascent":8,"type":"bitmap"},
		{"file":"font/chat/tiktok_label.png","chars":["\uf355"],"height":8,"ascent":8,"type":"bitmap"},


		{"file":"custom/gui/jobs/respec/watering_can_capacity.png","chars":["\uf600"],"height":11,"ascent":8,"type":"bitmap"},
		{"file":"custom/gui/jobs/respec/pickaxe_cluster_bomb.png","chars":["\uf601"],"height":11,"ascent":8,"type":"bitmap"},
		{"file":"custom/gui/jobs/respec/pickaxe_drill.png","chars":["\uf602"],"height":11,"ascent":8,"type":"bitmap"},
		{"file":"custom/gui/jobs/respec/pickaxe_efficiency.png","chars":["\uf603"],"height":11,"ascent":8,"type":"bitmap"},
		{"file":"custom/gui/jobs/respec/pickaxe_explosive.png","chars":["\uf604"],"height":11,"ascent":8,"type":"bitmap"},
		{"file":"custom/gui/jobs/respec/sword_fire_aspect.png","chars":["\uf605"],"height":11,"ascent":8,"type":"bitmap"},
		{"file":"custom/gui/jobs/respec/pickaxe_fortune.png","chars":["\uf606"],"height":11,"ascent":8,"type":"bitmap"},
		{"file":"custom/gui/jobs/respec/rod_grip_lock.png","chars":["\uf607"],"height":11,"ascent":8,"type":"bitmap"},
		{"file":"custom/gui/jobs/respec/watering_can_holy_water.png","chars":["\uf609"],"height":11,"ascent":8,"type":"bitmap"},
		{"file":"custom/gui/jobs/respec/bow_infinity.png","chars":["\uf610"],"height":11,"ascent":8,"type":"bitmap"},
		{"file":"custom/gui/jobs/respec/farming_key.png","chars":["\uf612"],"height":11,"ascent":8,"type":"bitmap"},
		{"file":"custom/gui/jobs/respec/fishing_key.png","chars":["\uf613"],"height":11,"ascent":8,"type":"bitmap"},
		{"file":"custom/gui/jobs/respec/hunting_key.png","chars":["\uf615"],"height":11,"ascent":8,"type":"bitmap"},
		{"file":"custom/gui/jobs/respec/mining_key.png","chars":["\uf616"],"height":11,"ascent":8,"type":"bitmap"},
		{"file":"custom/gui/jobs/respec/sword_knock_back.png","chars":["\uf617"],"height":11,"ascent":8,"type":"bitmap"},
		{"file":"custom/gui/jobs/respec/pickaxe_laser.png","chars":["\uf618"],"height":11,"ascent":8,"type":"bitmap"},
		{"file":"custom/gui/jobs/respec/hunting_looting.png","chars":["\uf619"],"height":11,"ascent":8,"type":"bitmap"},
		{"file":"custom/gui/jobs/respec/pickaxe_midas.png","chars":["\uf620"],"height":11,"ascent":8,"type":"bitmap"},
		{"file":"custom/gui/jobs/respec/cross_bow_multishot.png","chars":["\uf621"],"height":11,"ascent":8,"type":"bitmap"},
		{"file":"custom/gui/jobs/respec/mining_mystery_chest.png","chars":["\uf622"],"height":11,"ascent":8,"type":"bitmap"},
		{"file":"custom/gui/jobs/respec/cross_bow_piercing.png","chars":["\uf623"],"height":11,"ascent":8,"type":"bitmap"},
		{"file":"custom/gui/jobs/respec/bow_power.png","chars":["\uf624"],"height":11,"ascent":8,"type":"bitmap"},
		{"file":"custom/gui/jobs/respec/scythe_precision_cut.png","chars":["\uf625"],"height":11,"ascent":8,"type":"bitmap"},
		{"file":"custom/gui/jobs/respec/pickaxe_prosperity.png","chars":["\uf627"],"height":11,"ascent":8,"type":"bitmap"},
		{"file":"custom/gui/jobs/respec/sword_sharpness.png","chars":["\uf628"],"height":11,"ascent":8,"type":"bitmap"},
		{"file":"custom/gui/jobs/respec/watering_can_spread.png","chars":["\uf630"],"height":11,"ascent":8,"type":"bitmap"},
		{"file":"custom/gui/jobs/respec/sword_sweeping_edge.png","chars":["\uf631"],"height":11,"ascent":8,"type":"bitmap"},
		{"file":"custom/gui/jobs/respec/fishing_trader.png","chars":["\uf632"],"height":11,"ascent":8,"type":"bitmap"},
		{"file":"custom/gui/jobs/upgrade_points.png","chars":["\uf634"],"height":11,"ascent":9,"type":"bitmap"},
		{"file":"custom/fish/glow_bait.png","chars":["\uf638"],"height":11,"ascent":8,"type":"bitmap"},
		{"file":"custom/fish/speed_bait.png","chars":["\uf639"],"height":11,"ascent":8,"type":"bitmap"},
		{"file":"custom/fish/titan_bait.png","chars":["\uf640"],"height":11,"ascent":8,"type":"bitmap"},
		{"file":"custom/fish/luxury_bait.png","chars":["\uf641"],"height":11,"ascent":8,"type":"bitmap"},
		{"file":"custom/fish/depth_1.png","chars":["\uf642"],"height":11,"ascent":8,"type":"bitmap"},
		{"file":"custom/fish/depth_2.png","chars":["\uf643"],"height":11,"ascent":8,"type":"bitmap"},
		{"file":"custom/fish/depth_3.png","chars":["\uf644"],"height":11,"ascent":8,"type":"bitmap"},
		{"file":"custom/gui/jobs/job_skills.png","chars":["\uf645"],"height":11,"ascent":8,"type":"bitmap"},
		
		{"file":"font/level/0_lvl_0.png","chars":["\uf646"],"height":7,"ascent":7,"type":"bitmap"},
		{"file":"font/level/0_lvl_1.png","chars":["\uf647"],"height":7,"ascent":7,"type":"bitmap"},
		{"file":"font/level/0_lvl_2.png","chars":["\uf648"],"height":7,"ascent":7,"type":"bitmap"},
		{"file":"font/level/0_lvl_3.png","chars":["\uf649"],"height":7,"ascent":7,"type":"bitmap"},
		{"file":"font/level/0_lvl_4.png","chars":["\uf650"],"height":7,"ascent":7,"type":"bitmap"},
		{"file":"font/level/0_lvl_5.png","chars":["\uf651"],"height":7,"ascent":7,"type":"bitmap"},
		{"file":"font/level/0_lvl_6.png","chars":["\uf652"],"height":7,"ascent":7,"type":"bitmap"},
		{"file":"font/level/0_lvl_7.png","chars":["\uf653"],"height":7,"ascent":7,"type":"bitmap"},
		{"file":"font/level/0_lvl_8.png","chars":["\uf654"],"height":7,"ascent":7,"type":"bitmap"},
		{"file":"font/level/0_lvl_9.png","chars":["\uf655"],"height":7,"ascent":7,"type":"bitmap"},
		{"file":"font/level/1_lvl_0.png","chars":["\uf656"],"height":7,"ascent":7,"type":"bitmap"},
		{"file":"font/level/1_lvl_1.png","chars":["\uf657"],"height":7,"ascent":7,"type":"bitmap"},
		{"file":"font/level/1_lvl_2.png","chars":["\uf658"],"height":7,"ascent":7,"type":"bitmap"},
		{"file":"font/level/1_lvl_3.png","chars":["\uf659"],"height":7,"ascent":7,"type":"bitmap"},
		{"file":"font/level/1_lvl_4.png","chars":["\uf660"],"height":7,"ascent":7,"type":"bitmap"},
		{"file":"font/level/1_lvl_5.png","chars":["\uf661"],"height":7,"ascent":7,"type":"bitmap"},
		{"file":"font/level/1_lvl_6.png","chars":["\uf662"],"height":7,"ascent":7,"type":"bitmap"},
		{"file":"font/level/1_lvl_7.png","chars":["\uf663"],"height":7,"ascent":7,"type":"bitmap"},
		{"file":"font/level/1_lvl_8.png","chars":["\uf664"],"height":7,"ascent":7,"type":"bitmap"},
		{"file":"font/level/1_lvl_9.png","chars":["\uf665"],"height":7,"ascent":7,"type":"bitmap"},
		{"file":"font/level/2_lvl_0.png","chars":["\uf666"],"height":7,"ascent":7,"type":"bitmap"},
		{"file":"font/level/2_lvl_1.png","chars":["\uf667"],"height":7,"ascent":7,"type":"bitmap"},
		{"file":"font/level/2_lvl_2.png","chars":["\uf668"],"height":7,"ascent":7,"type":"bitmap"},
		{"file":"font/level/2_lvl_3.png","chars":["\uf669"],"height":7,"ascent":7,"type":"bitmap"},
		{"file":"font/level/2_lvl_4.png","chars":["\uf670"],"height":7,"ascent":7,"type":"bitmap"},
		{"file":"font/level/2_lvl_5.png","chars":["\uf671"],"height":7,"ascent":7,"type":"bitmap"},
		{"file":"font/level/2_lvl_6.png","chars":["\uf672"],"height":7,"ascent":7,"type":"bitmap"},
		{"file":"font/level/2_lvl_7.png","chars":["\uf673"],"height":7,"ascent":7,"type":"bitmap"},
		{"file":"font/level/2_lvl_8.png","chars":["\uf674"],"height":7,"ascent":7,"type":"bitmap"},
		{"file":"font/level/2_lvl_9.png","chars":["\uf675"],"height":7,"ascent":7,"type":"bitmap"},
		{"file":"font/level/3_lvl_0.png","chars":["\uf676"],"height":7,"ascent":7,"type":"bitmap"},
		{"file":"font/level/3_lvl_1.png","chars":["\uf677"],"height":7,"ascent":7,"type":"bitmap"},
		{"file":"font/level/3_lvl_2.png","chars":["\uf678"],"height":7,"ascent":7,"type":"bitmap"},
		{"file":"font/level/3_lvl_3.png","chars":["\uf679"],"height":7,"ascent":7,"type":"bitmap"},
		{"file":"font/level/3_lvl_4.png","chars":["\uf680"],"height":7,"ascent":7,"type":"bitmap"},
		{"file":"font/level/3_lvl_5.png","chars":["\uf681"],"height":7,"ascent":7,"type":"bitmap"},
		{"file":"font/level/3_lvl_6.png","chars":["\uf682"],"height":7,"ascent":7,"type":"bitmap"},
		{"file":"font/level/3_lvl_7.png","chars":["\uf683"],"height":7,"ascent":7,"type":"bitmap"},
		{"file":"font/level/3_lvl_8.png","chars":["\uf684"],"height":7,"ascent":7,"type":"bitmap"},
		{"file":"font/level/3_lvl_9.png","chars":["\uf685"],"height":7,"ascent":7,"type":"bitmap"},
		{"file":"font/level/4_lvl_0.png","chars":["\uf686"],"height":7,"ascent":7,"type":"bitmap"},
		{"file":"font/level/4_lvl_1.png","chars":["\uf687"],"height":7,"ascent":7,"type":"bitmap"},
		{"file":"font/level/4_lvl_2.png","chars":["\uf688"],"height":7,"ascent":7,"type":"bitmap"},
		{"file":"font/level/4_lvl_3.png","chars":["\uf689"],"height":7,"ascent":7,"type":"bitmap"},
		{"file":"font/level/4_lvl_4.png","chars":["\uf690"],"height":7,"ascent":7,"type":"bitmap"},
		{"file":"font/level/4_lvl_5.png","chars":["\uf691"],"height":7,"ascent":7,"type":"bitmap"},
		{"file":"font/level/4_lvl_6.png","chars":["\uf692"],"height":7,"ascent":7,"type":"bitmap"},
		{"file":"font/level/4_lvl_7.png","chars":["\uf693"],"height":7,"ascent":7,"type":"bitmap"},
		{"file":"font/level/4_lvl_8.png","chars":["\uf694"],"height":7,"ascent":7,"type":"bitmap"},
		{"file":"font/level/4_lvl_9.png","chars":["\uf695"],"height":7,"ascent":7,"type":"bitmap"},
		{"file":"font/level/5_lvl_0.png","chars":["\uf696"],"height":7,"ascent":7,"type":"bitmap"},
		{"file":"font/level/5_lvl_1.png","chars":["\uf697"],"height":7,"ascent":7,"type":"bitmap"},
		{"file":"font/level/5_lvl_2.png","chars":["\uf698"],"height":7,"ascent":7,"type":"bitmap"},
		{"file":"font/level/5_lvl_3.png","chars":["\uf699"],"height":7,"ascent":7,"type":"bitmap"},
		{"file":"font/level/5_lvl_4.png","chars":["\uf700"],"height":7,"ascent":7,"type":"bitmap"},
		{"file":"font/level/5_lvl_5.png","chars":["\uf701"],"height":7,"ascent":7,"type":"bitmap"},
		{"file":"font/level/5_lvl_6.png","chars":["\uf702"],"height":7,"ascent":7,"type":"bitmap"},
		{"file":"font/level/5_lvl_7.png","chars":["\uf703"],"height":7,"ascent":7,"type":"bitmap"},
		{"file":"font/level/5_lvl_8.png","chars":["\uf704"],"height":7,"ascent":7,"type":"bitmap"},
		{"file":"font/level/5_lvl_9.png","chars":["\uf705"],"height":7,"ascent":7,"type":"bitmap"},
		{"file":"font/level/6_lvl_0.png","chars":["\uf706"],"height":7,"ascent":7,"type":"bitmap"},
		{"file":"font/level/6_lvl_1.png","chars":["\uf707"],"height":7,"ascent":7,"type":"bitmap"},
		{"file":"font/level/6_lvl_2.png","chars":["\uf708"],"height":7,"ascent":7,"type":"bitmap"},
		{"file":"font/level/6_lvl_3.png","chars":["\uf709"],"height":7,"ascent":7,"type":"bitmap"},
		{"file":"font/level/6_lvl_4.png","chars":["\uf710"],"height":7,"ascent":7,"type":"bitmap"},
		{"file":"font/level/6_lvl_5.png","chars":["\uf711"],"height":7,"ascent":7,"type":"bitmap"},
		{"file":"font/level/6_lvl_6.png","chars":["\uf712"],"height":7,"ascent":7,"type":"bitmap"},
		{"file":"font/level/6_lvl_7.png","chars":["\uf713"],"height":7,"ascent":7,"type":"bitmap"},
		{"file":"font/level/6_lvl_8.png","chars":["\uf714"],"height":7,"ascent":7,"type":"bitmap"},
		{"file":"font/level/6_lvl_9.png","chars":["\uf715"],"height":7,"ascent":7,"type":"bitmap"},
		{"file":"font/level/7_lvl_0.png","chars":["\uf716"],"height":7,"ascent":7,"type":"bitmap"},
		{"file":"font/level/7_lvl_1.png","chars":["\uf717"],"height":7,"ascent":7,"type":"bitmap"},
		{"file":"font/level/7_lvl_2.png","chars":["\uf718"],"height":7,"ascent":7,"type":"bitmap"},
		{"file":"font/level/7_lvl_3.png","chars":["\uf719"],"height":7,"ascent":7,"type":"bitmap"},
		{"file":"font/level/7_lvl_4.png","chars":["\uf720"],"height":7,"ascent":7,"type":"bitmap"},
		{"file":"font/level/7_lvl_5.png","chars":["\uf721"],"height":7,"ascent":7,"type":"bitmap"},
		{"file":"font/level/7_lvl_6.png","chars":["\uf722"],"height":7,"ascent":7,"type":"bitmap"},
		{"file":"font/level/7_lvl_7.png","chars":["\uf723"],"height":7,"ascent":7,"type":"bitmap"},
		{"file":"font/level/7_lvl_8.png","chars":["\uf724"],"height":7,"ascent":7,"type":"bitmap"},
		{"file":"font/level/7_lvl_9.png","chars":["\uf725"],"height":7,"ascent":7,"type":"bitmap"},
		{"file":"font/level/8_lvl_0.png","chars":["\uf726"],"height":7,"ascent":7,"type":"bitmap"},
		{"file":"font/level/8_lvl_1.png","chars":["\uf727"],"height":7,"ascent":7,"type":"bitmap"},
		{"file":"font/level/8_lvl_2.png","chars":["\uf728"],"height":7,"ascent":7,"type":"bitmap"},
		{"file":"font/level/8_lvl_3.png","chars":["\uf729"],"height":7,"ascent":7,"type":"bitmap"},
		{"file":"font/level/8_lvl_4.png","chars":["\uf730"],"height":7,"ascent":7,"type":"bitmap"},
		{"file":"font/level/8_lvl_5.png","chars":["\uf731"],"height":7,"ascent":7,"type":"bitmap"},
		{"file":"font/level/8_lvl_6.png","chars":["\uf732"],"height":7,"ascent":7,"type":"bitmap"},
		{"file":"font/level/8_lvl_7.png","chars":["\uf733"],"height":7,"ascent":7,"type":"bitmap"},
		{"file":"font/level/8_lvl_8.png","chars":["\uf734"],"height":7,"ascent":7,"type":"bitmap"},
		{"file":"font/level/8_lvl_9.png","chars":["\uf735"],"height":7,"ascent":7,"type":"bitmap"},
		{"file":"font/level/9_lvl_0.png","chars":["\uf736"],"height":7,"ascent":7,"type":"bitmap"},
		{"file":"font/level/9_lvl_1.png","chars":["\uf737"],"height":7,"ascent":7,"type":"bitmap"},
		{"file":"font/level/9_lvl_2.png","chars":["\uf738"],"height":7,"ascent":7,"type":"bitmap"},
		{"file":"font/level/9_lvl_3.png","chars":["\uf739"],"height":7,"ascent":7,"type":"bitmap"},
		{"file":"font/level/9_lvl_4.png","chars":["\uf740"],"height":7,"ascent":7,"type":"bitmap"},
		{"file":"font/level/9_lvl_5.png","chars":["\uf741"],"height":7,"ascent":7,"type":"bitmap"},
		{"file":"font/level/9_lvl_6.png","chars":["\uf742"],"height":7,"ascent":7,"type":"bitmap"},
		{"file":"font/level/9_lvl_7.png","chars":["\uf743"],"height":7,"ascent":7,"type":"bitmap"},
		{"file":"font/level/9_lvl_8.png","chars":["\uf744"],"height":7,"ascent":7,"type":"bitmap"},
		{"file":"font/level/9_lvl_9.png","chars":["\uf745"],"height":7,"ascent":7,"type":"bitmap"},
		{"file":"font/level/10_lvl_0.png","chars":["\uf746"],"height":7,"ascent":7,"type":"bitmap"},
		{"file":"font/level/10_lvl_1.png","chars":["\uf747"],"height":7,"ascent":7,"type":"bitmap"},
		{"file":"font/level/10_lvl_2.png","chars":["\uf748"],"height":7,"ascent":7,"type":"bitmap"},
		{"file":"font/level/10_lvl_3.png","chars":["\uf749"],"height":7,"ascent":7,"type":"bitmap"},
		{"file":"font/level/10_lvl_4.png","chars":["\uf750"],"height":7,"ascent":7,"type":"bitmap"},
		{"file":"font/level/10_lvl_5.png","chars":["\uf751"],"height":7,"ascent":7,"type":"bitmap"},
		{"file":"font/level/10_lvl_6.png","chars":["\uf752"],"height":7,"ascent":7,"type":"bitmap"},
		{"file":"font/level/10_lvl_7.png","chars":["\uf753"],"height":7,"ascent":7,"type":"bitmap"},
		{"file":"font/level/10_lvl_8.png","chars":["\uf754"],"height":7,"ascent":7,"type":"bitmap"},
		{"file":"font/level/10_lvl_9.png","chars":["\uf755"],"height":7,"ascent":7,"type":"bitmap"},
		
		{"file":"custom/gui/jobs/respec/farming_island_expansion.png","chars":["\uf756"],"height":11,"ascent":8,"type":"bitmap"},

		{"file":"font/emojis/emoji_1.png","chars":["\ufa01"],"height":14,"ascent":9,"type":"bitmap"},
		{"file":"font/emojis/emoji_2.png","chars":["\ufa02"],"height":14,"ascent":9,"type":"bitmap"},
		{"file":"font/emojis/emoji_3.png","chars":["\ufa03"],"height":14,"ascent":9,"type":"bitmap"},
		{"file":"font/emojis/emoji_4.png","chars":["\ufa04"],"height":14,"ascent":9,"type":"bitmap"},
		{"file":"font/emojis/emoji_5.png","chars":["\ufa05"],"height":14,"ascent":9,"type":"bitmap"},
		{"file":"font/emojis/emoji_6.png","chars":["\ufa06"],"height":14,"ascent":9,"type":"bitmap"},
		{"file":"font/emojis/emoji_7.png","chars":["\ufa07"],"height":14,"ascent":9,"type":"bitmap"},
		{"file":"font/emojis/emoji_8.png","chars":["\ufa08"],"height":14,"ascent":9,"type":"bitmap"},
		{"file":"font/emojis/emoji_9.png","chars":["\ufa09"],"height":14,"ascent":9,"type":"bitmap"},
		{"file":"font/emojis/emoji_10.png","chars":["\ufa10"],"height":14,"ascent":9,"type":"bitmap"},
		{"file":"font/emojis/emoji_11.png","chars":["\ufa11"],"height":14,"ascent":9,"type":"bitmap"},
		{"file":"font/emojis/emoji_12.png","chars":["\ufa12"],"height":14,"ascent":9,"type":"bitmap"},
		{"file":"font/emojis/emoji_13.png","chars":["\ufa13"],"height":14,"ascent":9,"type":"bitmap"},
		{"file":"font/emojis/emoji_14.png","chars":["\ufa14"],"height":14,"ascent":9,"type":"bitmap"},
		{"file":"font/emojis/emoji_15.png","chars":["\ufa15"],"height":14,"ascent":9,"type":"bitmap"},
		{"file":"font/emojis/emoji_16.png","chars":["\ufa16"],"height":14,"ascent":9,"type":"bitmap"},
		{"file":"font/emojis/emoji_17.png","chars":["\ufa18"],"height":14,"ascent":9,"type":"bitmap"},
		{"file":"font/emojis/emoji_18.png","chars":["\ufa19"],"height":14,"ascent":9,"type":"bitmap"},
		{"file":"font/emojis/emoji_19.png","chars":["\ufa20"],"height":14,"ascent":9,"type":"bitmap"},
		{"file":"font/emojis/emoji_20.png","chars":["\ufa21"],"height":14,"ascent":9,"type":"bitmap"},
		{"file":"font/emojis/emoji_21.png","chars":["\ufa22"],"height":14,"ascent":9,"type":"bitmap"},
		{"file":"font/emojis/emoji_22.png","chars":["\ufa23"],"height":14,"ascent":9,"type":"bitmap"},
		{"file":"font/emojis/emoji_23.png","chars":["\ufa24"],"height":14,"ascent":9,"type":"bitmap"},
		{"file":"font/emojis/emoji_24.png","chars":["\ufa25"],"height":14,"ascent":9,"type":"bitmap"},
		{"file":"font/emojis/emoji_25.png","chars":["\ufa26"],"height":14,"ascent":9,"type":"bitmap"},
		{"file":"font/emojis/emoji_26.png","chars":["\ufa27"],"height":14,"ascent":9,"type":"bitmap"},
		{"file":"font/emojis/emoji_27.png","chars":["\ufa28"],"height":14,"ascent":9,"type":"bitmap"},
		{"file":"font/emojis/gg_1_1.png","chars":["\ufa29"],"height":14,"ascent":9,"type":"bitmap"},
		{"file":"font/emojis/gg_1_2.png","chars":["\ufa30"],"height":14,"ascent":9,"type":"bitmap"},
		{"file":"font/emojis/gg_1_3.png","chars":["\ufa31"],"height":14,"ascent":9,"type":"bitmap"},
		{"file":"font/emojis/gg_1_4.png","chars":["\ufa34"],"height":14,"ascent":9,"type":"bitmap"},
		{"file":"font/emojis/gg_1_5.png","chars":["\ufa38"],"height":14,"ascent":9,"type":"bitmap"},
		{"file":"font/emojis/gg_1_6.png","chars":["\ufa39"],"height":14,"ascent":9,"type":"bitmap"},
		{"file":"font/emojis/gg_1_7.png","chars":["\ufa40"],"height":14,"ascent":9,"type":"bitmap"},
		{"file":"font/emojis/gg_1_8.png","chars":["\ufa41"],"height":14,"ascent":9,"type":"bitmap"},
		{"file":"font/emojis/gg_2_1.png","chars":["\ufa42"],"height":14,"ascent":9,"type":"bitmap"},
		{"file":"font/emojis/gg_2_2.png","chars":["\ufa43"],"height":14,"ascent":9,"type":"bitmap"},
		{"file":"font/emojis/gg_2_3.png","chars":["\ufa44"],"height":14,"ascent":9,"type":"bitmap"},
		{"file":"font/emojis/gg_2_4.png","chars":["\ufa45"],"height":14,"ascent":9,"type":"bitmap"},
		{"file":"font/emojis/gg_2_5.png","chars":["\ufa46"],"height":14,"ascent":9,"type":"bitmap"},
		{"file":"font/emojis/gg_2_6.png","chars":["\ufa47"],"height":14,"ascent":9,"type":"bitmap"},
		{"file":"font/emojis/gg_2_7.png","chars":["\ufa48"],"height":14,"ascent":9,"type":"bitmap"},
		{"file":"font/emojis/gg_2_8.png","chars":["\ufa49"],"height":14,"ascent":9,"type":"bitmap"},
		{"file":"font/emojis/gg_3_1.png","chars":["\ufa50"],"height":14,"ascent":9,"type":"bitmap"},
		{"file":"font/emojis/gg_3_2.png","chars":["\ufa51"],"height":14,"ascent":9,"type":"bitmap"},
		{"file":"font/emojis/gg_3_3.png","chars":["\ufa52"],"height":14,"ascent":9,"type":"bitmap"},
		{"file":"font/emojis/gg_3_4.png","chars":["\ufa54"],"height":14,"ascent":9,"type":"bitmap"},
		{"file":"font/emojis/gg_3_5.png","chars":["\ufa55"],"height":14,"ascent":9,"type":"bitmap"},
		{"file":"font/emojis/gg_3_6.png","chars":["\ufa57"],"height":14,"ascent":9,"type":"bitmap"},
		{"file":"font/emojis/gg_3_7.png","chars":["\ufa58"],"height":14,"ascent":9,"type":"bitmap"},
		{"file":"font/emojis/gg_3_8.png","chars":["\ufa59"],"height":14,"ascent":9,"type":"bitmap"},
		{"file":"font/emojis/gg_4_1.png","chars":["\ufa60"],"height":14,"ascent":9,"type":"bitmap"},
		{"file":"font/emojis/gg_4_2.png","chars":["\ufa61"],"height":14,"ascent":9,"type":"bitmap"},
		{"file":"font/emojis/gg_4_3.png","chars":["\ufa62"],"height":14,"ascent":9,"type":"bitmap"},
		{"file":"font/emojis/gg_4_4.png","chars":["\ufa63"],"height":14,"ascent":9,"type":"bitmap"},
		{"file":"font/emojis/gg_4_5.png","chars":["\ufa64"],"height":14,"ascent":9,"type":"bitmap"},
		{"file":"font/emojis/gg_4_6.png","chars":["\ufa65"],"height":14,"ascent":9,"type":"bitmap"},
		{"file":"font/emojis/gg_4_7.png","chars":["\ufa66"],"height":14,"ascent":9,"type":"bitmap"},
		{"file":"font/emojis/gg_4_8.png","chars":["\ufa67"],"height":14,"ascent":9,"type":"bitmap"},
		{"file":"font/emojis/emoji_28.png","chars":["\ufa68"],"height":14,"ascent":9,"type":"bitmap"},
		{"file":"font/emojis/emoji_29.png","chars":["\ufa69"],"height":14,"ascent":9,"type":"bitmap"},
		{"file":"font/emojis/firework.png","chars":["\ufa70"],"height":14,"ascent":9,"type":"bitmap"},
		{"file":"font/emojis/emoji_30.png","chars":["\ufa71"],"height":14,"ascent":9,"type":"bitmap"},

		{"file":"custom/backdrops/achievements_1.png","chars":["\u1400"],"height":215,"ascent":60,"type":"bitmap"},
		{"file":"custom/backdrops/profile_default.png","chars":["\u1401"],"height":215,"ascent":60,"type":"bitmap"},
		{"file":"custom/backdrops/boosters.png","chars":["\u1402"],"height":215,"ascent":60,"type":"bitmap"},
		{"file":"custom/backdrops/vault_1.png","chars":["\u1403"],"height":215,"ascent":60,"type":"bitmap"},
		{"file":"custom/backdrops/vault_2.png","chars":["\u1404"],"height":215,"ascent":60,"type":"bitmap"},
		{"file":"custom/backdrops/shop_1.png","chars":["\u1405"],"height":215,"ascent":60,"type":"bitmap"},
		{"file":"custom/backdrops/shop_2.png","chars":["\u1406"],"height":215,"ascent":60,"type":"bitmap"},
		{"file":"custom/backdrops/shop_3.png","chars":["\u1407"],"height":215,"ascent":60,"type":"bitmap"},
		{"file":"custom/backdrops/warps.png","chars":["\u1408"],"height":215,"ascent":60,"type":"bitmap"},
		{"file":"custom/backdrops/mines.png","chars":["\u1409"],"height":215,"ascent":60,"type":"bitmap"},
		{"file":"custom/backdrops/jobbooster.png","chars":["\u1410"],"height":215,"ascent":60,"type":"bitmap"},
		{"file":"custom/backdrops/trade.png","chars":["\u1411"],"height":215,"ascent":60,"type":"bitmap"},
		{"file":"custom/backdrops/particles.png","chars":["\u1412"],"height":215,"ascent":60,"type":"bitmap"},
		{"file":"custom/backdrops/particles_arrow.png","chars":["\u1413"],"height":215,"ascent":60,"type":"bitmap"},
		{"file":"custom/backdrops/particles_kill.png","chars":["\u1414"],"height":215,"ascent":60,"type":"bitmap"},
		{"file":"custom/backdrops/crate_voting.png","chars":["\u1415"],"height":215,"ascent":60,"type":"bitmap"},
		{"file":"custom/backdrops/crate_mining.png","chars":["\u1417"],"height":215,"ascent":60,"type":"bitmap"},
		{"file":"custom/backdrops/crate_hunting.png","chars":["\u1418"],"height":215,"ascent":60,"type":"bitmap"},
		{"file":"custom/backdrops/crate_legendary.png","chars":["\u1419"],"height":215,"ascent":60,"type":"bitmap"},
		{"file":"custom/backdrops/oil_pump.png","chars":["\u1420"],"height":215,"ascent":60,"type":"bitmap"},
		{"file":"custom/backdrops/jobs_farmer.png","chars":["\u1421"],"height":215,"ascent":60,"type":"bitmap"},		
		{"file":"custom/backdrops/pickaxe_skins.png","chars":["\u1422"],"height":215,"ascent":60,"type":"bitmap"},
		{"file":"custom/backdrops/punish_1.png","chars":["\u1423"],"height":215,"ascent":60,"type":"bitmap"},
		{"file":"custom/backdrops/punish_2.png","chars":["\u1424"],"height":215,"ascent":60,"type":"bitmap"},
		{"file":"custom/backdrops/punish_3.png","chars":["\u1425"],"height":215,"ascent":60,"type":"bitmap"},
		{"file":"custom/backdrops/punish_4.png","chars":["\u1426"],"height":215,"ascent":60,"type":"bitmap"},
		{"file":"custom/backdrops/kits.png","chars":["\u1427"],"height":215,"ascent":60,"type":"bitmap"},
		{"file":"custom/backdrops/pets.png","chars":["\u1428"],"height":215,"ascent":60,"type":"bitmap"},
		{"file":"custom/backdrops/hive.png","chars":["\u1429"],"height":215,"ascent":60,"type":"bitmap"},
		{"file":"custom/backdrops/blacksmith.png","chars":["\u1430"],"height":215,"ascent":60,"type":"bitmap"},
		{"file":"custom/backdrops/mage.png","chars":["\u1431"],"height":215,"ascent":60,"type":"bitmap"},
		{"file":"custom/backdrops/hunter.png","chars":["\u1432"],"height":215,"ascent":60,"type":"bitmap"},
		{"file":"custom/backdrops/island_1.png","chars":["\u1433"],"height":215,"ascent":60,"type":"bitmap"},
		{"file":"custom/backdrops/jobs_fisher.png","chars":["\u1434"],"height":215,"ascent":60,"type":"bitmap"},		
		{"file":"custom/backdrops/bounty.png","chars":["\u1435"],"height":215,"ascent":60,"type":"bitmap"},
		{"file":"custom/backdrops/coinflip_1.png","chars":["\u1436"],"height":215,"ascent":60,"type":"bitmap"},
		{"file":"custom/backdrops/jobs_hunter.png","chars":["\u1437"],"height":215,"ascent":60,"type":"bitmap"},		
		{"file":"custom/backdrops/coinflip_2_heads.png","chars":["\u1438"],"height":215,"ascent":60,"type":"bitmap"},
		{"file":"custom/backdrops/coinflip_2_tails.png","chars":["\u1439"],"height":215,"ascent":60,"type":"bitmap"},
		{"file":"custom/backdrops/coinflip_flipping_heads.png","chars":["\u1441"],"height":215,"ascent":60,"type":"bitmap"},
		{"file":"custom/backdrops/coinflip_flipping_tails.png","chars":["\u1442"],"height":215,"ascent":60,"type":"bitmap"},
		{"file":"custom/backdrops/market_1.png","chars":["\u1444"],"height":215,"ascent":60,"type":"bitmap"},
		{"file":"custom/backdrops/market_2.png","chars":["\u1446"],"height":215,"ascent":60,"type":"bitmap"},
		{"file":"custom/backdrops/market_3.png","chars":["\u1447"],"height":215,"ascent":60,"type":"bitmap"},
		{"file":"custom/backdrops/traveler.png","chars":["\u1448"],"height":215,"ascent":60,"type":"bitmap"},
		{"file":"custom/backdrops/bait.png","chars":["\u1449"],"height":215,"ascent":60,"type":"bitmap"},
		{"file":"custom/backdrops/farmer.png","chars":["\u1450"],"height":215,"ascent":60,"type":"bitmap"},
		{"file":"custom/backdrops/crate_fishing.png","chars":["\u1451"],"height":215,"ascent":60,"type":"bitmap"},
		{"file":"custom/backdrops/crate_farming.png","chars":["\u1452"],"height":215,"ascent":60,"type":"bitmap"},
		{"file":"custom/backdrops/sell_block.png","chars":["\u1453"],"height":215,"ascent":60,"type":"bitmap"},
		{"file":"custom/backdrops/island_0.png","chars":["\u1454"],"height":215,"ascent":60,"type":"bitmap"},
		{"file":"custom/backdrops/upgrade_oil_pump.png","chars":["\u1455"],"height":215,"ascent":60,"type":"bitmap"},
		{"file":"custom/backdrops/jobs_miner.png","chars":["\u1456"],"height":215,"ascent":60,"type":"bitmap"},
		{"file":"custom/backdrops/job_mining.png","chars":["\u1457"],"height":215,"ascent":60,"type":"bitmap"},
		{"file":"custom/backdrops/job_hunting.png","chars":["\u1458"],"height":215,"ascent":60,"type":"bitmap"},
		{"file":"custom/backdrops/job_farming.png","chars":["\u1459"],"height":215,"ascent":60,"type":"bitmap"},
		{"file":"custom/backdrops/job_fishing.png","chars":["\u1462"],"height":215,"ascent":60,"type":"bitmap"},
		{"file":"custom/backdrops/rod.png","chars":["\u1463"],"height":215,"ascent":60,"type":"bitmap"},
		{"file":"custom/backdrops/pickaxe.png","chars":["\u1464"],"height":215,"ascent":60,"type":"bitmap"},
		{"file":"custom/backdrops/sword.png","chars":["\u1465"],"height":215,"ascent":60,"type":"bitmap"},
		{"file":"custom/backdrops/bow.png","chars":["\u1467"],"height":215,"ascent":60,"type":"bitmap"},
		{"file":"custom/backdrops/cross_bow.png","chars":["\u1468"],"height":215,"ascent":60,"type":"bitmap"},
		{"file":"custom/backdrops/scythe.png","chars":["\u1469"],"height":215,"ascent":60,"type":"bitmap"},
		{"file":"custom/backdrops/watering_can.png","chars":["\u1471"],"height":215,"ascent":60,"type":"bitmap"},
		{"file":"custom/backdrops/hunter_drops.png","chars":["\u1472"],"height":215,"ascent":60,"type":"bitmap"},
		{"file":"custom/backdrops/hunter_lagoon.png","chars":["\u1473"],"height":215,"ascent":60,"type":"bitmap"},
		{"file":"custom/backdrops/hunter_crystalfalls.png","chars":["\u1474"],"height":215,"ascent":60,"type":"bitmap"},
		{"file":"custom/backdrops/hunter_deepcave.png","chars":["\u1475"],"height":215,"ascent":60,"type":"bitmap"},
		{"file":"custom/backdrops/path_1_mining.png","chars":["\u1477"],"height":215,"ascent":60,"type":"bitmap"},
		{"file":"custom/backdrops/path_2_mining.png","chars":["\u1478"],"height":215,"ascent":60,"type":"bitmap"},
		{"file":"custom/backdrops/path_3_mining.png","chars":["\u1479"],"height":215,"ascent":60,"type":"bitmap"},
		{"file":"custom/backdrops/path_1_hunting.png","chars":["\u1480"],"height":215,"ascent":60,"type":"bitmap"},
		{"file":"custom/backdrops/path_2_hunting.png","chars":["\u1481"],"height":215,"ascent":60,"type":"bitmap"},
		{"file":"custom/backdrops/path_3_hunting.png","chars":["\u1482"],"height":215,"ascent":60,"type":"bitmap"},
		{"file":"custom/backdrops/path_1_farming.png","chars":["\u1483"],"height":215,"ascent":60,"type":"bitmap"},
		{"file":"custom/backdrops/path_2_farming.png","chars":["\u1484"],"height":215,"ascent":60,"type":"bitmap"},
		{"file":"custom/backdrops/path_3_farming.png","chars":["\u1485"],"height":215,"ascent":60,"type":"bitmap"},
		{"file":"custom/backdrops/path_1_fishing.png","chars":["\u1486"],"height":215,"ascent":60,"type":"bitmap"},
		{"file":"custom/backdrops/path_2_fishing.png","chars":["\u1487"],"height":215,"ascent":60,"type":"bitmap"},
		{"file":"custom/backdrops/path_3_fishing.png","chars":["\u1488"],"height":215,"ascent":60,"type":"bitmap"},
		{"file":"custom/backdrops/achievements_2.png","chars":["\u1489"],"height":215,"ascent":60,"type":"bitmap"},
		{"file":"custom/backdrops/sword_skins.png","chars":["\u1490"],"height":215,"ascent":60,"type":"bitmap"},
		{"file":"custom/backdrops/scythe_skins.png","chars":["\u1491"],"height":215,"ascent":60,"type":"bitmap"},
		{"file":"custom/backdrops/rod_skins.png","chars":["\u1492"],"height":215,"ascent":60,"type":"bitmap"},
		{"file":"custom/backdrops/path_4_mining.png","chars":["\u1493"],"height":215,"ascent":60,"type":"bitmap"},
		{"file":"custom/backdrops/path_4_hunting.png","chars":["\u1494"],"height":215,"ascent":60,"type":"bitmap"},
		{"file":"custom/backdrops/path_4_fishing.png","chars":["\u1495"],"height":215,"ascent":60,"type":"bitmap"},
		{"file":"custom/backdrops/path_4_farming.png","chars":["\u1496"],"height":215,"ascent":60,"type":"bitmap"},
		{"file":"custom/backdrops/respec.png","chars":["\u1497"],"height":215,"ascent":60,"type":"bitmap"},
		{"file":"custom/backdrops/spawn_npcs.png","chars":["\u1498"],"height":215,"ascent":60,"type":"bitmap"},
		{"file":"custom/backdrops/ponds.png","chars":["\u1500"],"height":215,"ascent":60,"type":"bitmap"},
		{"file":"custom/backdrops/island_2.png","chars":["\u1501"],"height":215,"ascent":60,"type":"bitmap"},
		
		{"file":"custom/backdrops/darktrader.png","chars":["\u1503"],"height":215,"ascent":60,"type":"bitmap"},
		{"file":"custom/backdrops/pickaxe2_skins.png","chars":["\u1504"],"height":215,"ascent":60,"type":"bitmap"},
		{"file":"custom/backdrops/sword2_skins.png","chars":["\u1505"],"height":215,"ascent":60,"type":"bitmap"},
		{"file":"custom/backdrops/rod2_skins.png","chars":["\u1506"],"height":215,"ascent":60,"type":"bitmap"},
		{"file":"custom/backdrops/scythe2_skins.png","chars":["\u1507"],"height":215,"ascent":60,"type":"bitmap"},
		{"file":"custom/backdrops/box_opening.png","chars":["\u1508"],"height":215,"ascent":60,"type":"bitmap"},
		{"file":"custom/backdrops/box_daily.png","chars":["\u1509"],"height":215,"ascent":60,"type":"bitmap"},
		{"file":"custom/backdrops/profile_hive.png","chars":["\u1510"],"height":215,"ascent":60,"type":"bitmap"},
		{"file":"custom/backdrops/coinflip_win_heads.png","chars":["\u1511"],"height":215,"ascent":60,"type":"bitmap"},
		{"file":"custom/backdrops/coinflip_win_tails.png","chars":["\u1512"],"height":215,"ascent":60,"type":"bitmap"},
		{"file":"custom/backdrops/coinflip_lose_heads.png","chars":["\u1513"],"height":215,"ascent":60,"type":"bitmap"},
		{"file":"custom/backdrops/coinflip_lose_tails.png","chars":["\u1514"],"height":215,"ascent":60,"type":"bitmap"},

		{"type":"bitmap","file":"space:font/space_split.png","ascent":-32768,"height":-50,"chars":["\uf800"]},

		{"type":"bitmap","file":"space:font/space_split.png","ascent":-32768,"height":-3,"chars":["\uf801"]},{"type":"bitmap","file":"space:font/space_split.png","ascent":-32768,"height":-4,"chars":["\uf802"]},{"type":"bitmap","file":"space:font/space_split.png","ascent":-32768,"height":-5,"chars":["\uf803"]},{"type":"bitmap","file":"space:font/space_split.png","ascent":-32768,"height":-6,"chars":["\uf804"]},{"type":"bitmap","file":"space:font/space_split.png","ascent":-32768,"height":-7,"chars":["\uf805"]},{"type":"bitmap","file":"space:font/space_split.png","ascent":-32768,"height":-8,"chars":["\uf806"]},{"type":"bitmap","file":"space:font/space_split.png","ascent":-32768,"height":-9,"chars":["\uf807"]},{"type":"bitmap","file":"space:font/space_split.png","ascent":-32768,"height":-10,"chars":["\uf808"]},{"type":"bitmap","file":"space:font/space_split.png","ascent":-32768,"height":-18,"chars":["\uf809"]},{"type":"bitmap","file":"space:font/space_split.png","ascent":-32768,"height":-34,"chars":["\uf80a"]},{"type":"bitmap","file":"space:font/space_split.png","ascent":-32768,"height":-66,"chars":["\uf80b"]},{"type":"bitmap","file":"space:font/space_split.png","ascent":-32768,"height":-130,"chars":["\uf80c"]},{"type":"bitmap","file":"space:font/space_split.png","ascent":-32768,"height":-258,"chars":["\uf80d"]},{"type":"bitmap","file":"space:font/space_split.png","ascent":-32768,"height":-514,"chars":["\uf80e"]},{"type":"bitmap","file":"space:font/space_split.png","ascent":-32768,"height":-1026,"chars":["\uf80f"]},{"type":"bitmap","file":"space:font/space_split.png","ascent":-65536,"height":-32770,"chars":["\uf800"]},{"type":"bitmap","file":"space:font/space_split.png","ascent":-32768,"height":0,"chars":["\uf821"]},{"type":"bitmap","file":"space:font/space_split.png","ascent":-32768,"height":1,"chars":["\uf822"]},{"type":"bitmap","file":"space:font/space_split.png","ascent":-32768,"height":2,"chars":["\uf823"]},{"type":"bitmap","file":"space:font/space_split.png","ascent":-32768,"height":3,"chars":["\uf824"]},{"type":"bitmap","file":"space:font/space_split.png","ascent":-32768,"height":4,"chars":["\uf825"]},{"type":"bitmap","file":"space:font/space_split.png","ascent":-32768,"height":5,"chars":["\uf826"]},{"type":"bitmap","file":"space:font/space_split.png","ascent":-32768,"height":6,"chars":["\uf827"]},{"type":"bitmap","file":"space:font/space_split.png","ascent":-32768,"height":7,"chars":["\uf828"]},{"type":"bitmap","file":"space:font/space_split.png","ascent":-32768,"height":15,"chars":["\uf829"]},{"type":"bitmap","file":"space:font/space_split.png","ascent":-32768,"height":31,"chars":["\uf82a"]},{"type":"bitmap","file":"space:font/space_split.png","ascent":-32768,"height":63,"chars":["\uf82b"]},{"type":"bitmap","file":"space:font/space_split.png","ascent":-32768,"height":127,"chars":["\uf82c"]},{"type":"bitmap","file":"space:font/space_split.png","ascent":-32768,"height":255,"chars":["\uf82d"]},{"type":"bitmap","file":"space:font/space_split.png","ascent":-32768,"height":511,"chars":["\uf82e"]},{"type":"bitmap","file":"space:font/space_split.png","ascent":-32768,"height":1023,"chars":["\uf82f"]},{"type":"bitmap","file":"space:font/space_split.png","ascent":-65536,"height":32767,"chars":["\uf820"]},{"type":"bitmap","file":"space:font/space_nosplit.png","ascent":-32768,"height":-3,"chars":["\uf811"]},{"type":"bitmap","file":"space:font/space_nosplit.png","ascent":-32768,"height":-4,"chars":["\uf812"]},{"type":"bitmap","file":"space:font/space_nosplit.png","ascent":-32768,"height":-5,"chars":["\uf813"]},{"type":"bitmap","file":"space:font/space_nosplit.png","ascent":-32768,"height":-6,"chars":["\uf814"]},{"type":"bitmap","file":"space:font/space_nosplit.png","ascent":-32768,"height":-7,"chars":["\uf815"]},{"type":"bitmap","file":"space:font/space_nosplit.png","ascent":-32768,"height":-8,"chars":["\uf816"]},{"type":"bitmap","file":"space:font/space_nosplit.png","ascent":-32768,"height":-9,"chars":["\uf817"]},{"type":"bitmap","file":"space:font/space_nosplit.png","ascent":-32768,"height":-10,"chars":["\uf818"]},{"type":"bitmap","file":"space:font/space_nosplit.png","ascent":-32768,"height":-18,"chars":["\uf819"]},{"type":"bitmap","file":"space:font/space_nosplit.png","ascent":-32768,"height":-34,"chars":["\uf81a"]},{"type":"bitmap","file":"space:font/space_nosplit.png","ascent":-32768,"height":-66,"chars":["\uf81b"]},{"type":"bitmap","file":"space:font/space_nosplit.png","ascent":-32768,"height":-130,"chars":["\uf81c"]},{"type":"bitmap","file":"space:font/space_nosplit.png","ascent":-32768,"height":-258,"chars":["\uf81d"]},{"type":"bitmap","file":"space:font/space_nosplit.png","ascent":-32768,"height":-514,"chars":["\uf81e"]},{"type":"bitmap","file":"space:font/space_nosplit.png","ascent":-32768,"height":-1026,"chars":["\uf81f"]},{"type":"bitmap","file":"space:font/space_nosplit.png","ascent":-65536,"height":-32770,"chars":["\uf810"]},{"type":"bitmap","file":"space:font/space_nosplit.png","ascent":-32768,"height":0,"chars":["\uf831"]},{"type":"bitmap","file":"space:font/space_nosplit.png","ascent":-32768,"height":1,"chars":["\uf832"]},{"type":"bitmap","file":"space:font/space_nosplit.png","ascent":-32768,"height":2,"chars":["\uf833"]},{"type":"bitmap","file":"space:font/space_nosplit.png","ascent":-32768,"height":3,"chars":["\uf834"]},{"type":"bitmap","file":"space:font/space_nosplit.png","ascent":-32768,"height":4,"chars":["\uf835"]},{"type":"bitmap","file":"space:font/space_nosplit.png","ascent":-32768,"height":5,"chars":["\uf836"]},{"type":"bitmap","file":"space:font/space_nosplit.png","ascent":-32768,"height":6,"chars":["\uf837"]},{"type":"bitmap","file":"space:font/space_nosplit.png","ascent":-32768,"height":7,"chars":["\uf838"]},{"type":"bitmap","file":"space:font/space_nosplit.png","ascent":-32768,"height":15,"chars":["\uf839"]},{"type":"bitmap","file":"space:font/space_nosplit.png","ascent":-32768,"height":31,"chars":["\uf83a"]},{"type":"bitmap","file":"space:font/space_nosplit.png","ascent":-32768,"height":63,"chars":["\uf83b"]},{"type":"bitmap","file":"space:font/space_nosplit.png","ascent":-32768,"height":127,"chars":["\uf83c"]},{"type":"bitmap","file":"space:font/space_nosplit.png","ascent":-32768,"height":255,"chars":["\uf83d"]},{"type":"bitmap","file":"space:font/space_nosplit.png","ascent":-32768,"height":511,"chars":["\uf83e"]},{"type":"bitmap","file":"space:font/space_nosplit.png","ascent":-32768,"height":1023,"chars":["\uf83f"]},{"type":"bitmap","file":"space:font/space_nosplit.png","ascent":-65536,"height":32767,"chars":["\uf830"]}

	]
}