{
	"credit": "Made with Blockbench",
	"texture_size": [64, 64],
	"textures": {
		"0": "custom/pet/dinosaur",
		"1": "custom/pet/eye",
		"particle": "custom/pet/dinosaur"
	},
	"elements": [
		{
			"from": [5, 14, 11],
			"to": [11, 20, 18],
			"rotation": {"angle": 0, "axis": "y", "origin": [7.5, 11.14668, 10.45518]},
			"faces": {
				"north": {"uv": [0, 3.25, 1.5, 4.75], "texture": "#0"},
				"east": {"uv": [1.5, 0, 3.25, 1.5], "texture": "#0"},
				"south": {"uv": [0, 1.75, 1.5, 3.25], "texture": "#0"},
				"west": {"uv": [3.25, 0, 1.5, 1.5], "texture": "#0"},
				"up": {"uv": [1.5, 1.75, 0, 0], "rotation": 180, "texture": "#0"},
				"down": {"uv": [1.5, 4.75, 0, 6.5], "rotation": 180, "texture": "#0"}
			}
		},
		{
			"from": [6, 14, 18],
			"to": [10, 17, 20],
			"rotation": {"angle": 0, "axis": "y", "origin": [7.5, 11.14668, 10.45518]},
			"faces": {
				"north": {"uv": [2, 3, 3, 3.75], "texture": "#0"},
				"east": {"uv": [3, 2, 2.5, 2.75], "texture": "#0"},
				"south": {"uv": [2, 3, 3, 3.75], "texture": "#0"},
				"west": {"uv": [2.5, 2, 3, 2.75], "texture": "#0"},
				"up": {"uv": [3, 4.75, 2, 4.25], "rotation": 180, "texture": "#0"},
				"down": {"uv": [3, 4.25, 2, 3.75], "rotation": 180, "texture": "#0"}
			}
		},
		{
			"from": [4.99, 16, 16],
			"to": [4.99, 17, 17],
			"rotation": {"angle": 0, "axis": "y", "origin": [5.5, 13, 16.5]},
			"faces": {
				"north": {"uv": [0, 0, 0, 0], "texture": "#1"},
				"east": {"uv": [0, 0, 16, 16], "texture": "#1"},
				"south": {"uv": [0, 0, 0, 0], "texture": "#1"},
				"west": {"uv": [0, 0, 16, 16], "texture": "#1"},
				"up": {"uv": [0, 0, 0, 0], "rotation": 270, "texture": "#1"},
				"down": {"uv": [0, 0, 0, 0], "rotation": 90, "texture": "#1"}
			}
		},
		{
			"from": [11.01, 16, 16],
			"to": [11.01, 17, 17],
			"rotation": {"angle": 0, "axis": "y", "origin": [10.5, 13, 16.5]},
			"faces": {
				"north": {"uv": [0, 0, 0, 0], "texture": "#1"},
				"east": {"uv": [16, 0, 0, 16], "texture": "#1"},
				"south": {"uv": [0, 0, 0, 0], "texture": "#1"},
				"west": {"uv": [16, 0, 0, 16], "texture": "#1"},
				"up": {"uv": [0, 0, 0, 0], "rotation": 270, "texture": "#1"},
				"down": {"uv": [0, 0, 0, 0], "rotation": 90, "texture": "#1"}
			}
		},
		{
			"from": [3.5, 3, 5],
			"to": [12.5, 10, 13],
			"rotation": {"angle": 0, "axis": "y", "origin": [4.5, -1, 8]},
			"faces": {
				"north": {"uv": [5.5, 5, 7.75, 6.75], "texture": "#0"},
				"east": {"uv": [5.5, 3.25, 7.5, 5], "texture": "#0"},
				"south": {"uv": [3.25, 5.25, 5.5, 7], "texture": "#0"},
				"west": {"uv": [7.5, 3.25, 5.5, 5], "texture": "#0"},
				"up": {"uv": [3.25, 3.25, 5.5, 5.25], "texture": "#0"},
				"down": {"uv": [3.25, 9, 5.5, 7], "texture": "#0"}
			}
		},
		{
			"from": [5.5, 6, -1],
			"to": [10.5, 10, 5],
			"rotation": {"angle": -45, "axis": "x", "origin": [8, 10, 5]},
			"faces": {
				"north": {"uv": [6, 0, 7.25, 1], "texture": "#0"},
				"east": {"uv": [4.5, 0, 6, 1], "texture": "#0"},
				"south": {"uv": [3.25, 1.5, 4.5, 2.5], "texture": "#0"},
				"west": {"uv": [6, 0, 4.5, 1], "texture": "#0"},
				"up": {"uv": [3.25, 0, 4.5, 1.5], "texture": "#0"},
				"down": {"uv": [4.5, 2.5, 5.75, 1], "texture": "#0"}
			}
		},
		{
			"from": [6.5, 2.75736, -1.24264],
			"to": [9.5, 5.75736, 2.25736],
			"rotation": {"angle": -22.5, "axis": "x", "origin": [8, 5.75736, 0.75736]},
			"faces": {
				"north": {"uv": [2.5, 5.75, 3.25, 6.5], "texture": "#0"},
				"east": {"uv": [1.875, 6.5, 2.75, 7.25], "texture": "#0"},
				"south": {"uv": [1.75, 5.75, 2.5, 6.5], "texture": "#0"},
				"west": {"uv": [2.75, 6.5, 1.875, 7.25], "texture": "#0"},
				"up": {"uv": [1.75, 4.75, 2.5, 5.625], "texture": "#0"},
				"down": {"uv": [2.5, 5.625, 3.25, 4.75], "texture": "#0"}
			}
		},
		{
			"from": [7, 2.99199, -3.0904],
			"to": [9, 4.99199, 0.4096],
			"rotation": {"angle": 0, "axis": "y", "origin": [8, 4.99199, -1.0904]},
			"faces": {
				"north": {"uv": [2.375, 8.75, 2.875, 9.25], "texture": "#0"},
				"east": {"uv": [1.875, 8.25, 2.75, 8.75], "texture": "#0"},
				"south": {"uv": [1.75, 8.75, 2.25, 9.25], "texture": "#0"},
				"west": {"uv": [2.75, 8.25, 1.875, 8.75], "texture": "#0"},
				"up": {"uv": [1.625, 7.25, 2.125, 8.125], "texture": "#0"},
				"down": {"uv": [2.375, 8.125, 2.875, 7.25], "texture": "#0"}
			}
		},
		{
			"from": [6, 5, 11],
			"to": [10, 14, 15],
			"rotation": {"angle": 0, "axis": "y", "origin": [2, 6.5, 11.5]},
			"faces": {
				"north": {"uv": [5.75, 1, 6.75, 3.25], "texture": "#0"},
				"east": {"uv": [8.5, 0, 7.5, 2.25], "texture": "#0"},
				"south": {"uv": [9.5, 0, 8.5, 2.25], "texture": "#0"},
				"west": {"uv": [7.5, 0, 8.5, 2.25], "texture": "#0"},
				"up": {"uv": [9.5, 0, 8.5, 1], "texture": "#0"},
				"down": {"uv": [9.5, 0, 8.5, 1], "texture": "#0"}
			}
		},
		{
			"from": [6.025, 2.175, 11],
			"to": [9.975, 5, 15],
			"rotation": {"angle": 45, "axis": "x", "origin": [8, 5, 15]},
			"faces": {
				"north": {"uv": [11.5, 1, 12.5, 1.70625], "texture": "#0"},
				"east": {"uv": [12.5, 1, 13.5, 1.70625], "texture": "#0"},
				"south": {"uv": [12.5, 1, 11.5, 1.70625], "texture": "#0"},
				"west": {"uv": [13.5, 1, 12.5, 1.70625], "texture": "#0"},
				"up": {"uv": [12.5, 0, 11.5, 1], "texture": "#0"},
				"down": {"uv": [11.5, 0, 10.5, 1], "texture": "#0"}
			}
		},
		{
			"from": [2.5, 0, 4],
			"to": [6.5, 7, 8],
			"rotation": {"angle": 0, "axis": "y", "origin": [10.5, 4.5, 4.5]},
			"faces": {
				"north": {"uv": [11, 1, 10, 2.75], "texture": "#0"},
				"east": {"uv": [12, 2.75, 13, 4.5], "texture": "#0"},
				"south": {"uv": [11, 2.75, 12, 4.5], "texture": "#0"},
				"west": {"uv": [10, 2.75, 11, 4.5], "texture": "#0"},
				"up": {"uv": [11, 1.75, 12, 2.75], "texture": "#0"},
				"down": {"uv": [12, 1.75, 13, 2.75], "texture": "#0"}
			}
		},
		{
			"from": [9.5, 0, 4],
			"to": [13.5, 7, 8],
			"rotation": {"angle": 0, "axis": "y", "origin": [5.5, 4.5, 4.5]},
			"faces": {
				"north": {"uv": [10, 1, 11, 2.75], "texture": "#0"},
				"east": {"uv": [11, 2.75, 10, 4.5], "texture": "#0"},
				"south": {"uv": [12, 2.75, 11, 4.5], "texture": "#0"},
				"west": {"uv": [13, 2.75, 12, 4.5], "texture": "#0"},
				"up": {"uv": [12, 1.75, 11, 2.75], "texture": "#0"},
				"down": {"uv": [13, 1.75, 12, 2.75], "texture": "#0"}
			}
		},
		{
			"from": [9, 0, 10],
			"to": [12.5, 3, 13],
			"rotation": {"angle": 0, "axis": "y", "origin": [4.5, 4.5, 9.5]},
			"faces": {
				"north": {"uv": [8.25, 2.25, 9.125, 3], "texture": "#0"},
				"east": {"uv": [8.25, 2.25, 7.5, 3], "texture": "#0"},
				"south": {"uv": [9.125, 2.25, 8.25, 3], "texture": "#0"},
				"west": {"uv": [10, 2.25, 9.25, 3], "texture": "#0"},
				"up": {"uv": [8.375, 3, 7.5, 3.75], "texture": "#0"},
				"down": {"uv": [9.375, 3, 8.5, 3.75], "texture": "#0"}
			}
		},
		{
			"from": [9, 0, 13],
			"to": [12.5, 2, 14],
			"rotation": {"angle": 0, "axis": "y", "origin": [4.5, 4.5, 12.5]},
			"faces": {
				"north": {"uv": [8.25, 3.75, 9.125, 4.25], "texture": "#0"},
				"east": {"uv": [7.75, 3.75, 7.5, 4.25], "texture": "#0"},
				"south": {"uv": [9.125, 3.75, 8.25, 4.25], "texture": "#0"},
				"west": {"uv": [9.5, 3.75, 9.25, 4.25], "texture": "#0"},
				"up": {"uv": [8.375, 4.25, 7.5, 4.5], "texture": "#0"},
				"down": {"uv": [9.375, 4.25, 8.5, 4.5], "texture": "#0"}
			}
		},
		{
			"from": [3.5, 0, 13],
			"to": [7, 2, 14],
			"rotation": {"angle": 0, "axis": "y", "origin": [11.5, 4.5, 12.5]},
			"faces": {
				"north": {"uv": [9.125, 3.75, 8.25, 4.25], "texture": "#0"},
				"east": {"uv": [9.25, 3.75, 9.5, 4.25], "texture": "#0"},
				"south": {"uv": [8.25, 3.75, 9.125, 4.25], "texture": "#0"},
				"west": {"uv": [7.5, 3.75, 7.75, 4.25], "texture": "#0"},
				"up": {"uv": [7.5, 4.25, 8.375, 4.5], "texture": "#0"},
				"down": {"uv": [8.5, 4.25, 9.375, 4.5], "texture": "#0"}
			}
		},
		{
			"from": [3.5, 0, 10],
			"to": [7, 3, 13],
			"rotation": {"angle": 0, "axis": "y", "origin": [11.5, 4.5, 9.5]},
			"faces": {
				"north": {"uv": [9.125, 2.25, 8.25, 3], "texture": "#0"},
				"east": {"uv": [9.25, 2.25, 10, 3], "texture": "#0"},
				"south": {"uv": [8.25, 2.25, 9.125, 3], "texture": "#0"},
				"west": {"uv": [7.5, 2.25, 8.25, 3], "texture": "#0"},
				"up": {"uv": [7.5, 3, 8.375, 3.75], "texture": "#0"},
				"down": {"uv": [8.5, 3, 9.375, 3.75], "texture": "#0"}
			}
		},
		{
			"from": [9.5, 0, 8],
			"to": [13.5, 2, 9],
			"rotation": {"angle": 0, "axis": "y", "origin": [5, 4.5, 7.5]},
			"faces": {
				"north": {"uv": [9, 4.5, 10, 5], "texture": "#0"},
				"east": {"uv": [8.5, 4.5, 8.25, 5], "texture": "#0"},
				"south": {"uv": [10, 4.5, 9, 5], "texture": "#0"},
				"west": {"uv": [10.25, 4.5, 10, 5], "texture": "#0"},
				"up": {"uv": [9.25, 5, 8.25, 5.25], "texture": "#0"},
				"down": {"uv": [10.25, 5, 9.25, 5.25], "texture": "#0"}
			}
		},
		{
			"from": [2.5, 0, 8],
			"to": [6.5, 2, 9],
			"rotation": {"angle": 0, "axis": "y", "origin": [11, 4.5, 7.5]},
			"faces": {
				"north": {"uv": [10, 4.5, 9, 5], "texture": "#0"},
				"east": {"uv": [10, 4.5, 10.25, 5], "texture": "#0"},
				"south": {"uv": [9, 4.5, 10, 5], "texture": "#0"},
				"west": {"uv": [8.25, 4.5, 8.5, 5], "texture": "#0"},
				"up": {"uv": [8.25, 5, 9.25, 5.25], "texture": "#0"},
				"down": {"uv": [9.25, 5, 10.25, 5.25], "texture": "#0"}
			}
		},
		{
			"from": [7, 10, 5],
			"to": [9, 11, 7],
			"rotation": {"angle": 0, "axis": "y", "origin": [7, 10, 5]},
			"faces": {
				"north": {"uv": [10, 0, 10.5, 0.25], "texture": "#0"},
				"east": {"uv": [9.75, 0, 10.25, 0.25], "texture": "#0"},
				"south": {"uv": [9.5, 0, 10, 0.25], "texture": "#0"},
				"west": {"uv": [10.25, 0, 9.75, 0.25], "texture": "#0"},
				"up": {"uv": [10, 0, 10.5, 0.5], "texture": "#0"},
				"down": {"uv": [9.5, 0, 10, 0.5], "texture": "#0"}
			}
		},
		{
			"from": [7.5, 10, 1],
			"to": [8.5, 11, 3],
			"rotation": {"angle": -45, "axis": "x", "origin": [7, 10, 5]},
			"faces": {
				"north": {"uv": [9.5, 0, 10, 0.25], "texture": "#0"},
				"east": {"uv": [10.25, 0, 9.75, 0.25], "texture": "#0"},
				"south": {"uv": [10, 0, 10.5, 0.25], "texture": "#0"},
				"west": {"uv": [9.75, 0, 10.25, 0.25], "texture": "#0"},
				"up": {"uv": [10, 0.5, 10.25, 0], "texture": "#0"},
				"down": {"uv": [9.5, 0, 10, 0.5], "texture": "#0"}
			}
		},
		{
			"from": [7.5, 5.75736, -1.24264],
			"to": [8.5, 6.75736, 0.75736],
			"rotation": {"angle": -22.5, "axis": "x", "origin": [8, 5.75736, 0.75736]},
			"faces": {
				"north": {"uv": [9.5, 0, 10, 0.25], "texture": "#0"},
				"east": {"uv": [10.25, 0, 9.75, 0.25], "texture": "#0"},
				"south": {"uv": [10, 0, 10.5, 0.25], "texture": "#0"},
				"west": {"uv": [9.75, 0, 10.25, 0.25], "texture": "#0"},
				"up": {"uv": [10, 0.5, 10.25, 0], "texture": "#0"},
				"down": {"uv": [9.5, 0, 10, 0.5], "texture": "#0"}
			}
		},
		{
			"from": [7, 10, 9],
			"to": [9, 11, 11],
			"rotation": {"angle": 0, "axis": "y", "origin": [7, 10, 9]},
			"faces": {
				"north": {"uv": [10, 0, 10.5, 0.25], "texture": "#0"},
				"east": {"uv": [9.75, 0, 10.25, 0.25], "texture": "#0"},
				"south": {"uv": [9.5, 0, 10, 0.25], "texture": "#0"},
				"west": {"uv": [10.25, 0, 9.75, 0.25], "texture": "#0"},
				"up": {"uv": [10, 0, 10.5, 0.5], "texture": "#0"},
				"down": {"uv": [9.5, 0, 10, 0.5], "texture": "#0"}
			}
		},
		{
			"from": [7, 20, 13],
			"to": [9, 22, 18],
			"rotation": {"angle": 0, "axis": "y", "origin": [7, 20, 13]},
			"faces": {
				"north": {"uv": [10.75, 4.5, 11.25, 5], "texture": "#0"},
				"east": {"uv": [10.75, 5, 12, 5.5], "texture": "#0"},
				"south": {"uv": [11.25, 4.5, 11.75, 5], "texture": "#0"},
				"west": {"uv": [12, 5, 10.75, 5.5], "texture": "#0"},
				"up": {"uv": [10.25, 4.5, 10.75, 5.75], "texture": "#0"},
				"down": {"uv": [10.25, 4.5, 10.75, 5.75], "texture": "#0"}
			}
		},
		{
			"from": [7, 13, 10],
			"to": [9, 15, 11],
			"rotation": {"angle": 0, "axis": "y", "origin": [7, 15, 11]},
			"faces": {
				"north": {"uv": [10.5, 0, 10, 0.5], "texture": "#0"},
				"east": {"uv": [9.75, 0.25, 10.25, 0], "rotation": 270, "texture": "#0"},
				"south": {"uv": [10, 0, 9.5, 0.5], "rotation": 180, "texture": "#0"},
				"west": {"uv": [10.25, 0.25, 9.75, 0], "rotation": 90, "texture": "#0"},
				"up": {"uv": [10, 0.25, 10.5, 0], "rotation": 180, "texture": "#0"},
				"down": {"uv": [9.5, 0.25, 10, 0], "texture": "#0"}
			}
		},
		{
			"from": [7, 17, 10],
			"to": [9, 19, 11],
			"rotation": {"angle": 0, "axis": "y", "origin": [7, 19, 11]},
			"faces": {
				"north": {"uv": [10.5, 0, 10, 0.5], "texture": "#0"},
				"east": {"uv": [9.75, 0.25, 10.25, 0], "rotation": 270, "texture": "#0"},
				"south": {"uv": [10, 0, 9.5, 0.5], "rotation": 180, "texture": "#0"},
				"west": {"uv": [10.25, 0.25, 9.75, 0], "rotation": 90, "texture": "#0"},
				"up": {"uv": [10, 0.25, 10.5, 0], "rotation": 180, "texture": "#0"},
				"down": {"uv": [9.5, 0.25, 10, 0], "texture": "#0"}
			}
		}
	],
	"display": {
		"thirdperson_righthand": {
			"rotation": [75, -135, 0],
			"translation": [0, 2.75, 2.5],
			"scale": [0.31, 0.31, 0.31]
		},
		"thirdperson_lefthand": {
			"rotation": [75, 135, 0],
			"translation": [0, 2.75, 2.5],
			"scale": [0.31, 0.31, 0.31]
		},
		"firstperson_righthand": {
			"rotation": [0, -135, 0],
			"translation": [0, 2, 0],
			"scale": [0.4, 0.4, 0.4]
		},
		"firstperson_lefthand": {
			"rotation": [0, -135, 0],
			"translation": [0, 2, 0],
			"scale": [0.4, 0.4, 0.4]
		},
		"ground": {
			"rotation": [0, 180, 0],
			"translation": [0, 5, 0]
		},
		"gui": {
			"rotation": [0, 51.5, 0],
			"translation": [4.5, 27, 0]
		},
		"head": {
			"rotation": [0, 180, 0],
			"translation": [0, 8, 0],
			"scale": [1.6, 1.6, 1.6]
		},
		"fixed": {
			"rotation": [-90, 180, 0],
			"translation": [0, 0, -16],
			"scale": [2, 2, 2]
		}
	}
}