{
	"credit": "Made with Blockbench",
	"textures": {
		"1": "custom/pet/eye",
		"2": "custom/pet/bee",
		"particle": "custom/pet/bee"
	},
	"elements": [
		{
			"from": [6, 6, 5],
			"to": [10, 10, 11],
			"rotation": {"angle": 0, "axis": "y", "origin": [8, 8, 8]},
			"faces": {
				"north": {"uv": [10, 0, 14, 4], "texture": "#2"},
				"east": {"uv": [6, 0, 0, 4], "texture": "#2"},
				"south": {"uv": [6, 0, 10, 4], "texture": "#2"},
				"west": {"uv": [0, 0, 6, 4], "texture": "#2"},
				"up": {"uv": [4, 10, 8, 4], "texture": "#2"},
				"down": {"uv": [0, 4, 4, 10], "texture": "#2"}
			}
		},
		{
			"from": [6, 7, 11.01],
			"to": [7, 8, 11.01],
			"rotation": {"angle": 0, "axis": "y", "origin": [6.5, 7.5, 10.5]},
			"faces": {
				"north": {"uv": [0, 0, 16, 16], "texture": "#1"},
				"east": {"uv": [0, 0, 3, 3], "texture": "#1"},
				"south": {"uv": [0, 0, 16, 16], "texture": "#1"},
				"west": {"uv": [0, 0, 0, 0], "texture": "#1"},
				"up": {"uv": [0, 0, 0, 0], "rotation": 180, "texture": "#1"},
				"down": {"uv": [0, 0, 0, 0], "rotation": 180, "texture": "#1"}
			}
		},
		{
			"from": [9, 7, 11.01],
			"to": [10, 8, 11.01],
			"rotation": {"angle": 0, "axis": "y", "origin": [9.5, 7.5, 10.5]},
			"faces": {
				"north": {"uv": [0, 0, 16, 16], "texture": "#1"},
				"east": {"uv": [0, 0, 3, 3], "texture": "#1"},
				"south": {"uv": [0, 0, 16, 16], "texture": "#1"},
				"west": {"uv": [0, 0, 0, 0], "texture": "#1"},
				"up": {"uv": [0, 0, 0, 0], "rotation": 180, "texture": "#1"},
				"down": {"uv": [0, 0, 0, 0], "rotation": 180, "texture": "#1"}
			}
		},
		{
			"from": [10, 10, 7],
			"to": [12, 10, 9],
			"rotation": {"angle": 0, "axis": "y", "origin": [9, 10, 7.5]},
			"faces": {
				"north": {"uv": [0, 0, 3, 0], "texture": "#2"},
				"east": {"uv": [0, 0, 2, 0], "texture": "#2"},
				"south": {"uv": [0, 0, 3, 0], "texture": "#2"},
				"west": {"uv": [0, 0, 2, 0], "texture": "#2"},
				"up": {"uv": [9, 4, 11, 6], "texture": "#2"},
				"down": {"uv": [9, 6, 11, 4], "texture": "#2"}
			}
		},
		{
			"from": [9, 10, 7],
			"to": [12, 10, 9],
			"rotation": {"angle": 22.5, "axis": "z", "origin": [9, 10, 7.5]},
			"faces": {
				"north": {"uv": [0, 0, 3, 0], "texture": "#2"},
				"east": {"uv": [0, 0, 2, 0], "texture": "#2"},
				"south": {"uv": [0, 0, 3, 0], "texture": "#2"},
				"west": {"uv": [0, 0, 2, 0], "texture": "#2"},
				"up": {"uv": [8, 6, 11, 8], "texture": "#2"},
				"down": {"uv": [8, 8, 11, 6], "texture": "#2"}
			}
		},
		{
			"from": [9, 10, 7],
			"to": [12, 10, 9],
			"rotation": {"angle": 45, "axis": "z", "origin": [9, 10, 7.5]},
			"faces": {
				"north": {"uv": [0, 0, 3, 0], "texture": "#2"},
				"east": {"uv": [0, 0, 2, 0], "texture": "#2"},
				"south": {"uv": [0, 0, 3, 0], "texture": "#2"},
				"west": {"uv": [0, 0, 2, 0], "texture": "#2"},
				"up": {"uv": [8, 8, 11, 10], "texture": "#2"},
				"down": {"uv": [8, 10, 11, 8], "texture": "#2"}
			}
		},
		{
			"from": [9, 10, 7],
			"to": [9, 13, 9],
			"rotation": {"angle": -22.5, "axis": "z", "origin": [9, 10, 7.5]},
			"faces": {
				"north": {"uv": [0, 0, 3, 0], "rotation": 90, "texture": "#2"},
				"east": {"uv": [8, 12, 11, 10], "rotation": 270, "texture": "#2"},
				"south": {"uv": [0, 0, 3, 0], "rotation": 270, "texture": "#2"},
				"west": {"uv": [8, 10, 11, 12], "rotation": 270, "texture": "#2"},
				"up": {"uv": [0, 0, 2, 0], "rotation": 270, "texture": "#2"},
				"down": {"uv": [0, 0, 2, 0], "rotation": 270, "texture": "#2"}
			}
		},
		{
			"from": [4, 10, 7],
			"to": [7, 10, 9],
			"rotation": {"angle": -22.5, "axis": "z", "origin": [7, 10, 7.5]},
			"faces": {
				"north": {"uv": [3, 0, 0, 0], "texture": "#2"},
				"east": {"uv": [2, 0, 0, 0], "texture": "#2"},
				"south": {"uv": [3, 0, 0, 0], "texture": "#2"},
				"west": {"uv": [2, 0, 0, 0], "texture": "#2"},
				"up": {"uv": [11, 6, 8, 8], "texture": "#2"},
				"down": {"uv": [11, 8, 8, 6], "texture": "#2"}
			}
		},
		{
			"from": [4, 10, 7],
			"to": [7, 10, 9],
			"rotation": {"angle": -45, "axis": "z", "origin": [7, 10, 7.5]},
			"faces": {
				"north": {"uv": [3, 0, 0, 0], "texture": "#2"},
				"east": {"uv": [2, 0, 0, 0], "texture": "#2"},
				"south": {"uv": [3, 0, 0, 0], "texture": "#2"},
				"west": {"uv": [2, 0, 0, 0], "texture": "#2"},
				"up": {"uv": [11, 8, 8, 10], "texture": "#2"},
				"down": {"uv": [11, 10, 8, 8], "texture": "#2"}
			}
		},
		{
			"from": [7, 10, 7],
			"to": [7, 13, 9],
			"rotation": {"angle": 22.5, "axis": "z", "origin": [7, 10, 7.5]},
			"faces": {
				"north": {"uv": [0, 0, 3, 0], "rotation": 90, "texture": "#2"},
				"east": {"uv": [8, 12, 11, 10], "rotation": 270, "texture": "#2"},
				"south": {"uv": [0, 0, 3, 0], "rotation": 270, "texture": "#2"},
				"west": {"uv": [8, 10, 11, 12], "rotation": 270, "texture": "#2"},
				"up": {"uv": [0, 0, 2, 0], "rotation": 270, "texture": "#2"},
				"down": {"uv": [0, 0, 2, 0], "rotation": 270, "texture": "#2"}
			}
		},
		{
			"from": [4, 10, 7],
			"to": [6, 10, 9],
			"rotation": {"angle": 0, "axis": "y", "origin": [7, 10, 7.5]},
			"faces": {
				"north": {"uv": [3, 0, 0, 0], "texture": "#2"},
				"east": {"uv": [2, 0, 0, 0], "texture": "#2"},
				"south": {"uv": [3, 0, 0, 0], "texture": "#2"},
				"west": {"uv": [2, 0, 0, 0], "texture": "#2"},
				"up": {"uv": [11, 4, 9, 6], "texture": "#2"},
				"down": {"uv": [11, 6, 9, 4], "texture": "#2"}
			}
		},
		{
			"from": [6.5, 5, 9],
			"to": [7.5, 6, 9],
			"rotation": {"angle": 22.5, "axis": "x", "origin": [7, 6, 9]},
			"faces": {
				"north": {"uv": [1, 4, 0, 3], "rotation": 270, "texture": "#2"},
				"east": {"uv": [3, 0, 0, 0], "rotation": 270, "texture": "#2"},
				"south": {"uv": [1, 3, 0, 4], "rotation": 270, "texture": "#2"},
				"west": {"uv": [3, 0, 0, 0], "rotation": 90, "texture": "#2"},
				"up": {"uv": [2, 0, 0, 0], "rotation": 180, "texture": "#2"},
				"down": {"uv": [2, 0, 0, 0], "texture": "#2"}
			}
		},
		{
			"from": [6.5, 5, 8],
			"to": [7.5, 6, 8],
			"rotation": {"angle": 22.5, "axis": "x", "origin": [7, 6, 8]},
			"faces": {
				"north": {"uv": [1, 4, 0, 3], "rotation": 270, "texture": "#2"},
				"east": {"uv": [3, 0, 0, 0], "rotation": 270, "texture": "#2"},
				"south": {"uv": [1, 3, 0, 4], "rotation": 270, "texture": "#2"},
				"west": {"uv": [3, 0, 0, 0], "rotation": 90, "texture": "#2"},
				"up": {"uv": [2, 0, 0, 0], "rotation": 180, "texture": "#2"},
				"down": {"uv": [2, 0, 0, 0], "texture": "#2"}
			}
		},
		{
			"from": [6.5, 5, 7],
			"to": [7.5, 6, 7],
			"rotation": {"angle": 22.5, "axis": "x", "origin": [7, 6, 7]},
			"faces": {
				"north": {"uv": [1, 4, 0, 3], "rotation": 270, "texture": "#2"},
				"east": {"uv": [3, 0, 0, 0], "rotation": 270, "texture": "#2"},
				"south": {"uv": [1, 3, 0, 4], "rotation": 270, "texture": "#2"},
				"west": {"uv": [3, 0, 0, 0], "rotation": 90, "texture": "#2"},
				"up": {"uv": [2, 0, 0, 0], "rotation": 180, "texture": "#2"},
				"down": {"uv": [2, 0, 0, 0], "texture": "#2"}
			}
		},
		{
			"from": [8.5, 5, 7],
			"to": [9.5, 6, 7],
			"rotation": {"angle": 22.5, "axis": "x", "origin": [9, 6, 7]},
			"faces": {
				"north": {"uv": [1, 4, 0, 3], "rotation": 270, "texture": "#2"},
				"east": {"uv": [3, 0, 0, 0], "rotation": 270, "texture": "#2"},
				"south": {"uv": [1, 3, 0, 4], "rotation": 270, "texture": "#2"},
				"west": {"uv": [3, 0, 0, 0], "rotation": 90, "texture": "#2"},
				"up": {"uv": [2, 0, 0, 0], "rotation": 180, "texture": "#2"},
				"down": {"uv": [2, 0, 0, 0], "texture": "#2"}
			}
		},
		{
			"from": [8.5, 5, 8],
			"to": [9.5, 6, 8],
			"rotation": {"angle": 22.5, "axis": "x", "origin": [9, 6, 8]},
			"faces": {
				"north": {"uv": [1, 4, 0, 3], "rotation": 270, "texture": "#2"},
				"east": {"uv": [3, 0, 0, 0], "rotation": 270, "texture": "#2"},
				"south": {"uv": [1, 3, 0, 4], "rotation": 270, "texture": "#2"},
				"west": {"uv": [3, 0, 0, 0], "rotation": 90, "texture": "#2"},
				"up": {"uv": [2, 0, 0, 0], "rotation": 180, "texture": "#2"},
				"down": {"uv": [2, 0, 0, 0], "texture": "#2"}
			}
		},
		{
			"from": [8.5, 5, 9],
			"to": [9.5, 6, 9],
			"rotation": {"angle": 22.5, "axis": "x", "origin": [9, 6, 9]},
			"faces": {
				"north": {"uv": [1, 4, 0, 3], "rotation": 270, "texture": "#2"},
				"east": {"uv": [3, 0, 0, 0], "rotation": 270, "texture": "#2"},
				"south": {"uv": [1, 3, 0, 4], "rotation": 270, "texture": "#2"},
				"west": {"uv": [3, 0, 0, 0], "rotation": 90, "texture": "#2"},
				"up": {"uv": [2, 0, 0, 0], "rotation": 180, "texture": "#2"},
				"down": {"uv": [2, 0, 0, 0], "texture": "#2"}
			}
		}
	],
	"display": {
		"thirdperson_righthand": {
			"rotation": [75, -135, 0],
			"translation": [0, 2.75, 2.5],
			"scale": [0.31, 0.31, 0.31]
		},
		"thirdperson_lefthand": {
			"rotation": [75, 135, 0],
			"translation": [0, 2.75, 2.5],
			"scale": [0.31, 0.31, 0.31]
		},
		"firstperson_righthand": {
			"rotation": [0, -135, 0],
			"translation": [0, 2, 0],
			"scale": [0.4, 0.4, 0.4]
		},
		"firstperson_lefthand": {
			"rotation": [0, -135, 0],
			"translation": [0, 2, 0],
			"scale": [0.4, 0.4, 0.4]
		},
		"ground": {
			"rotation": [0, 180, 0],
			"translation": [0, 5, 0]
		},
		"gui": {
			"rotation": [0, 51.5, 0],
			"translation": [6.5, 24, 0]
		},
		"head": {
			"rotation": [0, 180, 0],
			"scale": [1.6, 1.6, 1.6]
		},
		"fixed": {
			"rotation": [-90, 180, 0],
			"translation": [0, 0, -16],
			"scale": [2, 2, 2]
		}
	}
}