{
	"credit": "Made with Blockbench",
	"texture_size": [32, 32],
	"textures": {
		"0": "custom/pet/cat",
		"1": "custom/pet/eye",
		"particle": "custom/pet/cat"
	},
	"elements": [
		{
			"from": [3.5, 2, 10],
			"to": [12.5, 11, 15],
			"rotation": {"angle": 0, "axis": "y", "origin": [8, 6.14668, 8.45518]},
			"faces": {
				"north": {"uv": [0, 4.5, 4.5, 9], "texture": "#0"},
				"east": {"uv": [4.5, 11.5, 7, 16], "texture": "#0"},
				"south": {"uv": [0, 0, 4.5, 4.5], "texture": "#0"},
				"west": {"uv": [7, 11.5, 4.5, 16], "texture": "#0"},
				"up": {"uv": [16, 10.5, 11.5, 8], "rotation": 180, "texture": "#0"},
				"down": {"uv": [16, 10.5, 11.5, 13], "rotation": 180, "texture": "#0"}
			}
		},
		{
			"from": [6.5, 6, 15],
			"to": [9.5, 8, 16],
			"rotation": {"angle": 0, "axis": "y", "origin": [8, 6.14668, 8.45518]},
			"faces": {
				"north": {"uv": [12.5, 1, 14, 2], "texture": "#0"},
				"east": {"uv": [14.5, 7, 15, 8], "texture": "#0"},
				"south": {"uv": [12.5, 1, 14, 2], "texture": "#0"},
				"west": {"uv": [14.5, 7, 15, 8], "texture": "#0"},
				"up": {"uv": [16, 3.5, 14.5, 3], "rotation": 180, "texture": "#0"},
				"down": {"uv": [16, 3.5, 14.5, 4], "rotation": 180, "texture": "#0"}
			}
		},
		{
			"from": [12.5, 7, 14],
			"to": [14.5, 8, 14],
			"rotation": {"angle": 0, "axis": "y", "origin": [8, 6.14668, 8.45518]},
			"faces": {
				"north": {"uv": [15, 2, 16, 2.5], "texture": "#0"},
				"east": {"uv": [0, 0, 0, 0.5], "texture": "#0"},
				"south": {"uv": [16, 2, 15, 2.5], "texture": "#0"},
				"west": {"uv": [0, 0, 0, 0.5], "texture": "#0"},
				"up": {"uv": [1, 0, 0, 0], "rotation": 180, "texture": "#0"},
				"down": {"uv": [1, 0, 0, 0], "rotation": 180, "texture": "#0"}
			}
		},
		{
			"from": [12.5, 9, 14],
			"to": [14.5, 10, 14],
			"rotation": {"angle": 0, "axis": "y", "origin": [8, 6.14668, 8.45518]},
			"faces": {
				"north": {"uv": [15, 2, 16, 2.5], "texture": "#0"},
				"east": {"uv": [0, 0, 0, 0.5], "texture": "#0"},
				"south": {"uv": [16, 2, 15, 2.5], "texture": "#0"},
				"west": {"uv": [0, 0, 0, 0.5], "texture": "#0"},
				"up": {"uv": [1, 0, 0, 0], "rotation": 180, "texture": "#0"},
				"down": {"uv": [1, 0, 0, 0], "rotation": 180, "texture": "#0"}
			}
		},
		{
			"from": [1.5, 7, 14],
			"to": [3.5, 8, 14],
			"rotation": {"angle": 0, "axis": "y", "origin": [8, 6.14668, 8.45518]},
			"faces": {
				"north": {"uv": [16, 2, 15, 2.5], "texture": "#0"},
				"east": {"uv": [0, 0, 0, 0.5], "texture": "#0"},
				"south": {"uv": [15, 2, 16, 2.5], "texture": "#0"},
				"west": {"uv": [0, 0, 0, 0.5], "texture": "#0"},
				"up": {"uv": [1, 0, 0, 0], "rotation": 180, "texture": "#0"},
				"down": {"uv": [1, 0, 0, 0], "rotation": 180, "texture": "#0"}
			}
		},
		{
			"from": [1.5, 9, 14],
			"to": [3.5, 10, 14],
			"rotation": {"angle": 0, "axis": "y", "origin": [8, 6.14668, 8.45518]},
			"faces": {
				"north": {"uv": [16, 2, 15, 2.5], "texture": "#0"},
				"east": {"uv": [0, 0, 0, 0.5], "texture": "#0"},
				"south": {"uv": [15, 2, 16, 2.5], "texture": "#0"},
				"west": {"uv": [0, 0, 0, 0.5], "texture": "#0"},
				"up": {"uv": [1, 0, 0, 0], "rotation": 180, "texture": "#0"},
				"down": {"uv": [1, 0, 0, 0], "rotation": 180, "texture": "#0"}
			}
		},
		{
			"from": [5.69893, 10.54921, 11],
			"to": [8.69893, 13.54921, 12],
			"rotation": {"angle": 22.5, "axis": "z", "origin": [8, 6.14668, 8.45518]},
			"faces": {
				"north": {"uv": [12.5, 3, 14, 4.5], "texture": "#0"},
				"east": {"uv": [4, 12.5, 4.5, 14], "texture": "#0"},
				"south": {"uv": [3, 12.5, 4.5, 14], "texture": "#0"},
				"west": {"uv": [4, 12.5, 4.5, 14], "texture": "#0"},
				"up": {"uv": [12.5, 8, 14, 7.5], "rotation": 180, "texture": "#0"},
				"down": {"uv": [14, 7.5, 12.5, 8], "rotation": 180, "texture": "#0"}
			}
		},
		{
			"from": [7.30107, 10.54921, 11],
			"to": [10.30107, 13.54921, 12],
			"rotation": {"angle": -22.5, "axis": "z", "origin": [8, 6.14668, 8.45518]},
			"faces": {
				"north": {"uv": [14, 3, 12.5, 4.5], "texture": "#0"},
				"east": {"uv": [4, 12.5, 4.5, 14], "texture": "#0"},
				"south": {"uv": [4.5, 12.5, 3, 14], "texture": "#0"},
				"west": {"uv": [4, 12.5, 4.5, 14], "texture": "#0"},
				"up": {"uv": [14, 8, 12.5, 7.5], "rotation": 180, "texture": "#0"},
				"down": {"uv": [14, 7.5, 12.5, 8], "rotation": 180, "texture": "#0"}
			}
		},
		{
			"from": [9.5, 0, 10],
			"to": [11.5, 2, 12],
			"rotation": {"angle": 0, "axis": "y", "origin": [8, 6.14668, 8.45518]},
			"faces": {
				"north": {"uv": [11, 13, 12, 14], "texture": "#0"},
				"east": {"uv": [12, 13, 13, 14], "texture": "#0"},
				"south": {"uv": [9, 12.5, 10, 13.5], "texture": "#0"},
				"west": {"uv": [10, 12.5, 11, 13.5], "texture": "#0"},
				"up": {"uv": [1, 14.5, 0, 13.5], "rotation": 180, "texture": "#0"},
				"down": {"uv": [1, 13.5, 0, 14.5], "rotation": 180, "texture": "#0"}
			}
		},
		{
			"from": [4.5, 0, 10],
			"to": [6.5, 2, 12],
			"rotation": {"angle": 0, "axis": "y", "origin": [8, 6.14668, 8.45518]},
			"faces": {
				"north": {"uv": [9, 12.5, 10, 13.5], "texture": "#0"},
				"east": {"uv": [10, 12.5, 11, 13.5], "texture": "#0"},
				"south": {"uv": [11, 13, 12, 14], "texture": "#0"},
				"west": {"uv": [12, 13, 13, 14], "texture": "#0"},
				"up": {"uv": [1, 14.5, 0, 13.5], "texture": "#0"},
				"down": {"uv": [1, 13.5, 0, 14.5], "texture": "#0"}
			}
		},
		{
			"from": [9.5, 0, 4],
			"to": [11.5, 2, 6],
			"rotation": {"angle": 0, "axis": "y", "origin": [8, 6.14668, 8.45518]},
			"faces": {
				"north": {"uv": [11, 13, 12, 14], "texture": "#0"},
				"east": {"uv": [12, 13, 13, 14], "texture": "#0"},
				"south": {"uv": [9, 12.5, 10, 13.5], "texture": "#0"},
				"west": {"uv": [10, 12.5, 11, 13.5], "texture": "#0"},
				"up": {"uv": [1, 14.5, 0, 13.5], "rotation": 180, "texture": "#0"},
				"down": {"uv": [1, 13.5, 0, 14.5], "rotation": 180, "texture": "#0"}
			}
		},
		{
			"from": [4.5, 0, 4],
			"to": [6.5, 2, 6],
			"rotation": {"angle": 0, "axis": "y", "origin": [8, 6.14668, 8.45518]},
			"faces": {
				"north": {"uv": [9, 12.5, 10, 13.5], "texture": "#0"},
				"east": {"uv": [10, 12.5, 11, 13.5], "texture": "#0"},
				"south": {"uv": [11, 13, 12, 14], "texture": "#0"},
				"west": {"uv": [12, 13, 13, 14], "texture": "#0"},
				"up": {"uv": [1, 14.5, 0, 13.5], "texture": "#0"},
				"down": {"uv": [1, 13.5, 0, 14.5], "texture": "#0"}
			}
		},
		{
			"from": [7, 7.97051, -1.41089],
			"to": [9, 9.97051, 4.58911],
			"rotation": {"angle": 45, "axis": "x", "origin": [8, 8.97051, 1.58911]},
			"faces": {
				"north": {"uv": [2, 14.5, 3, 15.5], "texture": "#0"},
				"east": {"uv": [12.5, 0, 15.5, 1], "texture": "#0"},
				"south": {"uv": [2, 14.5, 3, 15.5], "texture": "#0"},
				"west": {"uv": [15.5, 0, 12.5, 1], "texture": "#0"},
				"up": {"uv": [8, 14.5, 7, 11.5], "rotation": 180, "texture": "#0"},
				"down": {"uv": [9, 11.5, 8, 14.5], "rotation": 180, "texture": "#0"}
			}
		},
		{
			"from": [3.5, 2, 3],
			"to": [12.5, 10, 10],
			"rotation": {"angle": 0, "axis": "y", "origin": [8, 6.14668, 8.45518]},
			"faces": {
				"north": {"uv": [4.5, 4, 9, 8], "texture": "#0"},
				"east": {"uv": [9, 4, 12.5, 8], "texture": "#0"},
				"south": {"uv": [4.5, 4, 9, 8], "texture": "#0"},
				"west": {"uv": [12.5, 4, 9, 8], "texture": "#0"},
				"up": {"uv": [9, 11.5, 4.5, 8], "rotation": 180, "texture": "#0"},
				"down": {"uv": [4.5, 9, 0, 12.5], "rotation": 180, "texture": "#0"}
			}
		},
		{
			"from": [4.5, 7, 15.01],
			"to": [5.5, 8, 15.01],
			"rotation": {"angle": 0, "axis": "y", "origin": [5, 8, 15.125]},
			"faces": {
				"north": {"uv": [0, 0, 16, 16], "texture": "#1"},
				"east": {"uv": [0, 0, 0, 0], "texture": "#1"},
				"south": {"uv": [0, 0, 16, 16], "texture": "#1"},
				"west": {"uv": [0, 0, 0, 0], "texture": "#1"},
				"up": {"uv": [0, 0, 0, 0], "rotation": 180, "texture": "#1"},
				"down": {"uv": [0, 0, 0, 0], "rotation": 180, "texture": "#1"}
			}
		},
		{
			"from": [10.5, 7, 15.01],
			"to": [11.5, 8, 15.01],
			"rotation": {"angle": 0, "axis": "y", "origin": [11, 8, 15.125]},
			"faces": {
				"north": {"uv": [0, 0, 16, 16], "texture": "#1"},
				"east": {"uv": [0, 0, 0, 0], "texture": "#1"},
				"south": {"uv": [0, 0, 16, 16], "texture": "#1"},
				"west": {"uv": [0, 0, 0, 0], "texture": "#1"},
				"up": {"uv": [0, 0, 0, 0], "rotation": 180, "texture": "#1"},
				"down": {"uv": [0, 0, 0, 0], "rotation": 180, "texture": "#1"}
			}
		}
	],
	"display": {
		"thirdperson_righthand": {
			"rotation": [75, -135, 0],
			"translation": [0, 2.75, 2.5],
			"scale": [0.31, 0.31, 0.31]
		},
		"thirdperson_lefthand": {
			"rotation": [75, 135, 0],
			"translation": [0, 2.75, 2.5],
			"scale": [0.31, 0.31, 0.31]
		},
		"firstperson_righthand": {
			"rotation": [0, -135, 0],
			"translation": [0, 2, 0],
			"scale": [0.4, 0.4, 0.4]
		},
		"firstperson_lefthand": {
			"rotation": [0, -135, 0],
			"translation": [0, 2, 0],
			"scale": [0.4, 0.4, 0.4]
		},
		"ground": {
			"rotation": [0, 180, 0],
			"translation": [0, 5, 0]
		},
		"gui": {
			"rotation": [0, 51.5, 0],
			"translation": [3.75, 27, 0]
		},
		"head": {
			"rotation": [0, 180, 0],
			"translation": [0, 8, 0],
			"scale": [1.6, 1.6, 1.6]
		},
		"fixed": {
			"rotation": [-90, 180, 0],
			"translation": [0, 0, -16],
			"scale": [2, 2, 2]
		}
	}
}