{
	"credit": "Made with Blockbench",
	"texture_size": [32, 32],
	"textures": {
		"0": "custom/pet/dragon",
		"1": "custom/pet/eye",
		"particle": "custom/pet/dragon"
	},
	"elements": [
		{
			"from": [8, 19, 10],
			"to": [8, 20, 12],
			"rotation": {"angle": 0, "axis": "z", "origin": [8, 19.5, 11]},
			"faces": {
				"north": {"uv": [10.5, 14.5, 11, 14.5], "rotation": 270, "texture": "#0"},
				"east": {"uv": [14, 1, 13, 0.5], "rotation": 180, "texture": "#0"},
				"south": {"uv": [12.5, 14.5, 13, 14.5], "rotation": 90, "texture": "#0"},
				"west": {"uv": [13, 1, 14, 0.5], "rotation": 180, "texture": "#0"},
				"up": {"uv": [13.5, 14, 14.5, 14], "rotation": 90, "texture": "#0"},
				"down": {"uv": [11.5, 12, 12.5, 12], "rotation": 90, "texture": "#0"}
			}
		},
		{
			"from": [11.5, 14, 10],
			"to": [11.5, 17, 11],
			"rotation": {"angle": -45, "axis": "y", "origin": [11.5, 15.5, 11]},
			"faces": {
				"north": {"uv": [11.5, 12, 12.5, 12], "rotation": 270, "texture": "#0"},
				"east": {"uv": [13, 8.5, 12.5, 7], "rotation": 180, "texture": "#0"},
				"south": {"uv": [13.5, 14, 14.5, 14], "rotation": 90, "texture": "#0"},
				"west": {"uv": [12.5, 7, 12, 8.5], "texture": "#0"},
				"up": {"uv": [10.5, 14.5, 11, 14.5], "rotation": 90, "texture": "#0"},
				"down": {"uv": [12.5, 14.5, 13, 14.5], "rotation": 90, "texture": "#0"}
			}
		},
		{
			"from": [11.5, 17, 7],
			"to": [11.5, 18, 8],
			"rotation": {"angle": -45, "axis": "y", "origin": [11.5, 16.5, 8]},
			"faces": {
				"north": {"uv": [11.5, 12, 12.5, 12], "rotation": 270, "texture": "#0"},
				"east": {"uv": [13.5, 7.5, 13, 7], "rotation": 90, "texture": "#0"},
				"south": {"uv": [13.5, 14, 14.5, 14], "rotation": 90, "texture": "#0"},
				"west": {"uv": [6, 5, 6.5, 4.5], "rotation": 270, "texture": "#0"},
				"up": {"uv": [10.5, 14.5, 11, 14.5], "rotation": 90, "texture": "#0"},
				"down": {"uv": [12.5, 14.5, 13, 14.5], "rotation": 90, "texture": "#0"}
			}
		},
		{
			"from": [11.5, 15, 7],
			"to": [11.5, 16, 8],
			"rotation": {"angle": -45, "axis": "y", "origin": [11.5, 14.5, 8]},
			"faces": {
				"north": {"uv": [11.5, 12, 12.5, 12], "rotation": 270, "texture": "#0"},
				"east": {"uv": [13.5, 7.5, 13, 7], "rotation": 90, "texture": "#0"},
				"south": {"uv": [13.5, 14, 14.5, 14], "rotation": 90, "texture": "#0"},
				"west": {"uv": [6, 5, 6.5, 4.5], "rotation": 270, "texture": "#0"},
				"up": {"uv": [10.5, 14.5, 11, 14.5], "rotation": 90, "texture": "#0"},
				"down": {"uv": [12.5, 14.5, 13, 14.5], "rotation": 90, "texture": "#0"}
			}
		},
		{
			"from": [8.5, 8.1048, 1.7285],
			"to": [9.5, 9.1048, 1.7285],
			"rotation": {"angle": 45, "axis": "y", "origin": [8.5, 8.6048, 1.7285]},
			"faces": {
				"north": {"uv": [13.5, 7.5, 13, 7], "texture": "#0"},
				"east": {"uv": [11, 14.5, 10.5, 14.5], "rotation": 270, "texture": "#0"},
				"south": {"uv": [13, 7.5, 13.5, 7], "texture": "#0"},
				"west": {"uv": [13, 14.5, 12.5, 14.5], "rotation": 90, "texture": "#0"},
				"up": {"uv": [12.5, 12, 11.5, 12], "rotation": 180, "texture": "#0"},
				"down": {"uv": [14.5, 14, 13.5, 14], "texture": "#0"}
			}
		},
		{
			"from": [6.5, 8.1048, 1.7285],
			"to": [7.5, 9.1048, 1.7285],
			"rotation": {"angle": -45, "axis": "y", "origin": [7.5, 8.6048, 1.7285]},
			"faces": {
				"north": {"uv": [13, 7.5, 13.5, 7], "texture": "#0"},
				"east": {"uv": [13, 14.5, 12.5, 14.5], "rotation": 90, "texture": "#0"},
				"south": {"uv": [13.5, 7.5, 13, 7], "texture": "#0"},
				"west": {"uv": [11, 14.5, 10.5, 14.5], "rotation": 270, "texture": "#0"},
				"up": {"uv": [11.5, 12, 12.5, 12], "rotation": 180, "texture": "#0"},
				"down": {"uv": [13.5, 14, 14.5, 14], "texture": "#0"}
			}
		},
		{
			"from": [11.5, 15, 9],
			"to": [11.5, 17, 10],
			"rotation": {"angle": -45, "axis": "y", "origin": [11.5, 15.5, 11]},
			"faces": {
				"north": {"uv": [11.5, 12, 12.5, 12], "rotation": 270, "texture": "#0"},
				"east": {"uv": [13.5, 8, 13, 7], "rotation": 180, "texture": "#0"},
				"south": {"uv": [13.5, 14, 14.5, 14], "rotation": 90, "texture": "#0"},
				"west": {"uv": [12, 7, 11.5, 8], "texture": "#0"},
				"up": {"uv": [10.5, 14.5, 11, 14.5], "rotation": 90, "texture": "#0"},
				"down": {"uv": [12.5, 14.5, 13, 14.5], "rotation": 90, "texture": "#0"}
			}
		},
		{
			"from": [4.5, 15, 7],
			"to": [4.5, 16, 8],
			"rotation": {"angle": 45, "axis": "y", "origin": [4.5, 14.5, 8]},
			"faces": {
				"north": {"uv": [11.5, 12, 12.5, 12], "rotation": 270, "texture": "#0"},
				"east": {"uv": [6, 4.5, 6.5, 5], "rotation": 270, "texture": "#0"},
				"south": {"uv": [13.5, 14, 14.5, 14], "rotation": 90, "texture": "#0"},
				"west": {"uv": [13.5, 7, 13, 7.5], "rotation": 90, "texture": "#0"},
				"up": {"uv": [10.5, 14.5, 11, 14.5], "rotation": 90, "texture": "#0"},
				"down": {"uv": [12.5, 14.5, 13, 14.5], "rotation": 90, "texture": "#0"}
			}
		},
		{
			"from": [4.5, 15, 9],
			"to": [4.5, 17, 10],
			"rotation": {"angle": 45, "axis": "y", "origin": [4.5, 15.5, 11]},
			"faces": {
				"north": {"uv": [11.5, 12, 12.5, 12], "rotation": 270, "texture": "#0"},
				"east": {"uv": [11.5, 7, 12, 8], "texture": "#0"},
				"south": {"uv": [13.5, 14, 14.5, 14], "rotation": 90, "texture": "#0"},
				"west": {"uv": [13, 8, 13.5, 7], "rotation": 180, "texture": "#0"},
				"up": {"uv": [10.5, 14.5, 11, 14.5], "rotation": 90, "texture": "#0"},
				"down": {"uv": [12.5, 14.5, 13, 14.5], "rotation": 90, "texture": "#0"}
			}
		},
		{
			"from": [4.5, 14, 10],
			"to": [4.5, 17, 11],
			"rotation": {"angle": 45, "axis": "y", "origin": [4.5, 15.5, 11]},
			"faces": {
				"north": {"uv": [11.5, 12, 12.5, 12], "rotation": 270, "texture": "#0"},
				"east": {"uv": [12, 7, 12.5, 8.5], "texture": "#0"},
				"south": {"uv": [13.5, 14, 14.5, 14], "rotation": 90, "texture": "#0"},
				"west": {"uv": [12.5, 8.5, 13, 7], "rotation": 180, "texture": "#0"},
				"up": {"uv": [10.5, 14.5, 11, 14.5], "rotation": 90, "texture": "#0"},
				"down": {"uv": [12.5, 14.5, 13, 14.5], "rotation": 90, "texture": "#0"}
			}
		},
		{
			"from": [4.5, 17, 7],
			"to": [4.5, 18, 8],
			"rotation": {"angle": 45, "axis": "y", "origin": [4.5, 16.5, 8]},
			"faces": {
				"north": {"uv": [11.5, 12, 12.5, 12], "rotation": 270, "texture": "#0"},
				"east": {"uv": [6, 4.5, 6.5, 5], "rotation": 270, "texture": "#0"},
				"south": {"uv": [13.5, 14, 14.5, 14], "rotation": 90, "texture": "#0"},
				"west": {"uv": [13.5, 7, 13, 7.5], "rotation": 90, "texture": "#0"},
				"up": {"uv": [10.5, 14.5, 11, 14.5], "rotation": 90, "texture": "#0"},
				"down": {"uv": [12.5, 14.5, 13, 14.5], "rotation": 90, "texture": "#0"}
			}
		},
		{
			"from": [8, 20, 10],
			"to": [8, 21, 11],
			"rotation": {"angle": 0, "axis": "z", "origin": [8, 20.5, 11]},
			"faces": {
				"north": {"uv": [10.5, 14.5, 11, 14.5], "rotation": 270, "texture": "#0"},
				"east": {"uv": [14, 0.5, 13.5, 0], "rotation": 90, "texture": "#0"},
				"south": {"uv": [12.5, 14.5, 13, 14.5], "rotation": 90, "texture": "#0"},
				"west": {"uv": [14, 0, 13.5, 0.5], "rotation": 90, "texture": "#0"},
				"up": {"uv": [13.5, 14, 14, 14], "rotation": 90, "texture": "#0"},
				"down": {"uv": [11.5, 12, 12, 12], "rotation": 90, "texture": "#0"}
			}
		},
		{
			"from": [8, 17, 6],
			"to": [8, 18, 7],
			"rotation": {"angle": 0, "axis": "z", "origin": [8, 20.5, 11]},
			"faces": {
				"north": {"uv": [10.5, 14.5, 11, 14.5], "rotation": 270, "texture": "#0"},
				"east": {"uv": [14, 0.5, 13.5, 0], "rotation": 90, "texture": "#0"},
				"south": {"uv": [12.5, 14.5, 13, 14.5], "rotation": 90, "texture": "#0"},
				"west": {"uv": [14, 0, 13.5, 0.5], "rotation": 90, "texture": "#0"},
				"up": {"uv": [13.5, 14, 14, 14], "rotation": 90, "texture": "#0"},
				"down": {"uv": [11.5, 12, 12, 12], "rotation": 90, "texture": "#0"}
			}
		},
		{
			"from": [8, 16, 7],
			"to": [8, 18, 8],
			"rotation": {"angle": 0, "axis": "x", "origin": [8, 20, 8]},
			"faces": {
				"north": {"uv": [11.5, 14.5, 12.5, 14.5], "rotation": 270, "texture": "#0"},
				"east": {"uv": [14, 1, 13, 0.5], "rotation": 90, "texture": "#0"},
				"south": {"uv": [13.5, 14.5, 14.5, 14.5], "rotation": 90, "texture": "#0"},
				"west": {"uv": [13, 1, 14, 0.5], "rotation": 270, "texture": "#0"},
				"up": {"uv": [12.5, 14, 13, 14], "rotation": 90, "texture": "#0"},
				"down": {"uv": [10.5, 12, 11, 12], "rotation": 90, "texture": "#0"}
			}
		},
		{
			"from": [5.5, 19, 7],
			"to": [6.5, 20, 9],
			"rotation": {"angle": 22.5, "axis": "x", "origin": [8, 19, 8]},
			"faces": {
				"north": {"uv": [14.5, 1, 14, 1.5], "texture": "#0"},
				"east": {"uv": [15.5, 1, 16, 2], "rotation": 90, "texture": "#0"},
				"south": {"uv": [15, 1, 15.5, 1.5], "texture": "#0"},
				"west": {"uv": [15.5, 1, 16, 2], "rotation": 270, "texture": "#0"},
				"up": {"uv": [14.5, 1, 14, 2], "texture": "#0"},
				"down": {"uv": [16, 2, 15.5, 1], "texture": "#0"}
			}
		},
		{
			"from": [4.5, 19, 5],
			"to": [5.5, 20, 8],
			"rotation": {"angle": 22.5, "axis": "x", "origin": [8, 19, 8]},
			"faces": {
				"north": {"uv": [15, 0, 14.5, 0.5], "texture": "#0"},
				"east": {"uv": [15, 0, 15.5, 1.5], "rotation": 90, "texture": "#0"},
				"south": {"uv": [15, 1, 15.5, 1.5], "texture": "#0"},
				"west": {"uv": [14.5, 1.5, 15, 0], "rotation": 90, "texture": "#0"},
				"up": {"uv": [15, 0, 14.5, 1.5], "texture": "#0"},
				"down": {"uv": [15.5, 1.5, 15, 0], "texture": "#0"}
			}
		},
		{
			"from": [9.5, 19, 7],
			"to": [10.5, 20, 9],
			"rotation": {"angle": 22.5, "axis": "x", "origin": [8, 19, 8]},
			"faces": {
				"north": {"uv": [14.5, 1, 14, 1.5], "texture": "#0"},
				"east": {"uv": [15.5, 1, 16, 2], "rotation": 90, "texture": "#0"},
				"south": {"uv": [15, 1, 15.5, 1.5], "texture": "#0"},
				"west": {"uv": [15.5, 1, 16, 2], "rotation": 270, "texture": "#0"},
				"up": {"uv": [14.5, 1, 14, 2], "texture": "#0"},
				"down": {"uv": [16, 2, 15.5, 1], "texture": "#0"}
			}
		},
		{
			"from": [10.5, 19, 5],
			"to": [11.5, 20, 8],
			"rotation": {"angle": 22.5, "axis": "x", "origin": [8, 19, 8]},
			"faces": {
				"north": {"uv": [15, 0, 14.5, 0.5], "texture": "#0"},
				"east": {"uv": [14.5, 0, 15, 1.5], "rotation": 90, "texture": "#0"},
				"south": {"uv": [15, 1, 15.5, 1.5], "texture": "#0"},
				"west": {"uv": [15, 1.5, 15.5, 0], "rotation": 90, "texture": "#0"},
				"up": {"uv": [15, 0, 14.5, 1.5], "texture": "#0"},
				"down": {"uv": [15.5, 1.5, 15, 0], "texture": "#0"}
			}
		},
		{
			"from": [11.51, 16, 12],
			"to": [11.51, 17, 13],
			"rotation": {"angle": 0, "axis": "y", "origin": [10, 15.5, 12.5]},
			"faces": {
				"north": {"uv": [-0.5, 7, -0.5, 7.5], "texture": "#1"},
				"east": {"uv": [0, 0, 16, 16], "texture": "#1"},
				"south": {"uv": [1.5, 7, 1.5, 7.5], "texture": "#1"},
				"west": {"uv": [0, 0, 16, 16], "texture": "#1"},
				"up": {"uv": [1.5, 6.5, 2, 6.5], "rotation": 90, "texture": "#1"},
				"down": {"uv": [-0.5, 4.5, 0, 4.5], "rotation": 270, "texture": "#1"}
			}
		},
		{
			"from": [4.49, 16, 12],
			"to": [4.49, 17, 13],
			"rotation": {"angle": 0, "axis": "y", "origin": [6, 15.5, 12.5]},
			"faces": {
				"north": {"uv": [-0.5, 7, -0.5, 7.5], "texture": "#1"},
				"east": {"uv": [0, 0, 16, 16], "texture": "#1"},
				"south": {"uv": [1.5, 7, 1.5, 7.5], "texture": "#1"},
				"west": {"uv": [0, 0, 16, 16], "texture": "#1"},
				"up": {"uv": [1.5, 6.5, 2, 6.5], "rotation": 270, "texture": "#1"},
				"down": {"uv": [-0.5, 4.5, 0, 4.5], "rotation": 90, "texture": "#1"}
			}
		},
		{
			"from": [4.5, 13, 8],
			"to": [11.5, 19, 14],
			"rotation": {"angle": 0, "axis": "y", "origin": [8, 16, 11]},
			"faces": {
				"north": {"uv": [3.5, 0, 7, 3], "texture": "#0"},
				"east": {"uv": [3.5, 3, 6.5, 6], "texture": "#0"},
				"south": {"uv": [0, 3, 3.5, 6], "texture": "#0"},
				"west": {"uv": [6.5, 3, 3.5, 6], "texture": "#0"},
				"up": {"uv": [3.5, 3, 0, 0], "rotation": 180, "texture": "#0"},
				"down": {"uv": [3.5, 9, 0, 6], "rotation": 180, "texture": "#0"}
			}
		},
		{
			"from": [-0.5, 11, 8.675],
			"to": [5.5, 12, 9.675],
			"rotation": {"angle": -22.5, "axis": "y", "origin": [5.5, 12, 9.675]},
			"faces": {
				"north": {"uv": [15.5, 4, 12.5, 4.5], "texture": "#0"},
				"east": {"uv": [15.5, 3.5, 15, 4], "texture": "#0"},
				"south": {"uv": [12.5, 4, 15.5, 4.5], "texture": "#0"},
				"west": {"uv": [12, 3.5, 12.5, 4], "texture": "#0"},
				"up": {"uv": [15.5, 5, 12.5, 4.5], "rotation": 180, "texture": "#0"},
				"down": {"uv": [15.5, 4, 12.5, 3.5], "rotation": 180, "texture": "#0"}
			}
		},
		{
			"from": [-0.5, 11, 7.675],
			"to": [0.5, 12, 8.675],
			"rotation": {"angle": -22.5, "axis": "y", "origin": [5.5, 12, 9.675]},
			"faces": {
				"north": {"uv": [13, 2.5, 12.5, 3], "texture": "#0"},
				"east": {"uv": [13, 3, 12.5, 3.5], "texture": "#0"},
				"south": {"uv": [12.5, 3, 13, 3.5], "texture": "#0"},
				"west": {"uv": [12, 3, 12.5, 3.5], "texture": "#0"},
				"up": {"uv": [13, 5.5, 12.5, 5], "rotation": 180, "texture": "#0"},
				"down": {"uv": [13, 3.5, 12.5, 3], "rotation": 180, "texture": "#0"}
			}
		},
		{
			"from": [0.5, 11.5, 5.675],
			"to": [1.5, 11.5, 6.675],
			"rotation": {"angle": -22.5, "axis": "y", "origin": [5.5, 12.5, 9.675]},
			"faces": {
				"north": {"uv": [13.5, 6.5, 13, 6.5], "texture": "#0"},
				"east": {"uv": [13.5, 6.5, 13, 6.5], "texture": "#0"},
				"south": {"uv": [13, 6.5, 13.5, 6.5], "texture": "#0"},
				"west": {"uv": [13, 6.5, 13.5, 6.5], "texture": "#0"},
				"up": {"uv": [13.5, 6.5, 13, 6], "rotation": 180, "texture": "#0"},
				"down": {"uv": [13.5, 6.5, 13, 6], "rotation": 180, "texture": "#0"}
			}
		},
		{
			"from": [2.5, 11.5, 5.675],
			"to": [3.5, 11.5, 6.675],
			"rotation": {"angle": -22.5, "axis": "y", "origin": [5.5, 12.5, 9.675]},
			"faces": {
				"north": {"uv": [14.5, 6.5, 14, 6.5], "texture": "#0"},
				"east": {"uv": [14.5, 6.5, 14, 6.5], "texture": "#0"},
				"south": {"uv": [14, 6.5, 14.5, 6.5], "texture": "#0"},
				"west": {"uv": [14, 6.5, 14.5, 6.5], "texture": "#0"},
				"up": {"uv": [14.5, 6.5, 14, 6], "rotation": 180, "texture": "#0"},
				"down": {"uv": [14.5, 6.5, 14, 6], "rotation": 180, "texture": "#0"}
			}
		},
		{
			"from": [0.5, 11.5, 6.675],
			"to": [5.5, 11.5, 8.675],
			"rotation": {"angle": -22.5, "axis": "y", "origin": [5.5, 12.5, 9.675]},
			"faces": {
				"north": {"uv": [15.5, 9, 13, 9], "texture": "#0"},
				"east": {"uv": [9.5, 6.5, 8.5, 6.5], "texture": "#0"},
				"south": {"uv": [12.5, 9, 15, 9], "texture": "#0"},
				"west": {"uv": [12, 9, 13, 9], "texture": "#0"},
				"up": {"uv": [15.5, 5, 13, 6], "rotation": 180, "texture": "#0"},
				"down": {"uv": [15.5, 6, 13, 5], "rotation": 180, "texture": "#0"}
			}
		},
		{
			"from": [14.4522, 11, 6.37701],
			"to": [15.4522, 12, 7.37701],
			"rotation": {"angle": 22.5, "axis": "y", "origin": [13.23881, 11.25, 6.39218]},
			"faces": {
				"north": {"uv": [12.5, 2.5, 13, 3], "texture": "#0"},
				"east": {"uv": [12.5, 3, 12, 3.5], "texture": "#0"},
				"south": {"uv": [13, 3, 12.5, 3.5], "texture": "#0"},
				"west": {"uv": [12.5, 3, 13, 3.5], "texture": "#0"},
				"up": {"uv": [12.5, 5.5, 13, 5], "rotation": 180, "texture": "#0"},
				"down": {"uv": [12.5, 3.5, 13, 3], "rotation": 180, "texture": "#0"}
			}
		},
		{
			"from": [9.4522, 11.5, 5.37701],
			"to": [14.4522, 11.5, 7.37701],
			"rotation": {"angle": 22.5, "axis": "y", "origin": [13.23881, 11.75, 6.39218]},
			"faces": {
				"north": {"uv": [13, 9, 15.5, 9], "texture": "#0"},
				"east": {"uv": [9.5, 6.5, 8.5, 6.5], "texture": "#0"},
				"south": {"uv": [15, 9, 12.5, 9], "texture": "#0"},
				"west": {"uv": [12, 9, 13, 9], "texture": "#0"},
				"up": {"uv": [13, 5, 15.5, 6], "rotation": 180, "texture": "#0"},
				"down": {"uv": [13, 6, 15.5, 5], "rotation": 180, "texture": "#0"}
			}
		},
		{
			"from": [13.4522, 11.5, 4.37701],
			"to": [14.4522, 11.5, 5.37701],
			"rotation": {"angle": 22.5, "axis": "y", "origin": [13.23881, 11.75, 6.39218]},
			"faces": {
				"north": {"uv": [13, 6.5, 13.5, 6.5], "texture": "#0"},
				"east": {"uv": [13.5, 6.5, 13, 6.5], "texture": "#0"},
				"south": {"uv": [13.5, 6.5, 13, 6.5], "texture": "#0"},
				"west": {"uv": [13, 6.5, 13.5, 6.5], "texture": "#0"},
				"up": {"uv": [13, 6.5, 13.5, 6], "rotation": 180, "texture": "#0"},
				"down": {"uv": [13, 6.5, 13.5, 6], "rotation": 180, "texture": "#0"}
			}
		},
		{
			"from": [11.4522, 11.5, 4.37701],
			"to": [12.4522, 11.5, 5.37701],
			"rotation": {"angle": 22.5, "axis": "y", "origin": [13.23881, 11.75, 6.39218]},
			"faces": {
				"north": {"uv": [14, 6.5, 14.5, 6.5], "texture": "#0"},
				"east": {"uv": [14.5, 6.5, 14, 6.5], "texture": "#0"},
				"south": {"uv": [14.5, 6.5, 14, 6.5], "texture": "#0"},
				"west": {"uv": [14, 6.5, 14.5, 6.5], "texture": "#0"},
				"up": {"uv": [14, 6.5, 14.5, 6], "rotation": 180, "texture": "#0"},
				"down": {"uv": [14, 6.5, 14.5, 6], "rotation": 180, "texture": "#0"}
			}
		},
		{
			"from": [9.4522, 11, 7.37701],
			"to": [15.4522, 12, 8.37701],
			"rotation": {"angle": 22.5, "axis": "y", "origin": [13.23881, 11.25, 6.39218]},
			"faces": {
				"north": {"uv": [12.5, 4, 15.5, 4.5], "texture": "#0"},
				"east": {"uv": [12.5, 3.5, 12, 4], "texture": "#0"},
				"south": {"uv": [15.5, 4, 12.5, 4.5], "texture": "#0"},
				"west": {"uv": [15, 3.5, 15.5, 4], "texture": "#0"},
				"up": {"uv": [12.5, 5, 15.5, 4.5], "rotation": 180, "texture": "#0"},
				"down": {"uv": [12.5, 4, 15.5, 3.5], "rotation": 180, "texture": "#0"}
			}
		},
		{
			"from": [6, 14.165, 14],
			"to": [10, 17.165, 16],
			"rotation": {"angle": 22.5, "axis": "x", "origin": [8, 17.175, 14]},
			"faces": {
				"north": {"uv": [3, 7, 1, 8.5], "texture": "#0"},
				"east": {"uv": [9, 1, 10, 2.5], "texture": "#0"},
				"south": {"uv": [7, 1, 9, 2.5], "texture": "#0"},
				"west": {"uv": [10, 1, 9, 2.5], "texture": "#0"},
				"up": {"uv": [9, 1, 7, 0], "rotation": 180, "texture": "#0"},
				"down": {"uv": [9, 3.5, 7, 2.5], "rotation": 180, "texture": "#0"}
			}
		},
		{
			"from": [5.51, 7.53273, 6.44206],
			"to": [7.51, 9.53273, 8.44206],
			"rotation": {"angle": 22.5, "axis": "x", "origin": [8, 10.77504, 5.67177]},
			"faces": {
				"north": {"uv": [6.5, 9, 5.5, 10], "texture": "#0"},
				"east": {"uv": [5.5, 9, 4.5, 10], "texture": "#0"},
				"south": {"uv": [1, 9.5, 0, 10.5], "texture": "#0"},
				"west": {"uv": [4.5, 9, 3.5, 10], "texture": "#0"},
				"up": {"uv": [1, 11.5, 0, 10.5], "rotation": 180, "texture": "#0"},
				"down": {"uv": [0, 11.5, 1, 10.5], "rotation": 180, "texture": "#0"}
			}
		},
		{
			"from": [8.49, 7.53273, 6.44206],
			"to": [10.49, 9.53273, 8.44206],
			"rotation": {"angle": 22.5, "axis": "x", "origin": [8, 10.77504, 5.67177]},
			"faces": {
				"north": {"uv": [5.5, 9, 6.5, 10], "texture": "#0"},
				"east": {"uv": [3.5, 9, 4.5, 10], "texture": "#0"},
				"south": {"uv": [0, 9.5, 1, 10.5], "texture": "#0"},
				"west": {"uv": [4.5, 9, 5.5, 10], "texture": "#0"},
				"up": {"uv": [1, 11.5, 0, 10.5], "rotation": 180, "texture": "#0"},
				"down": {"uv": [1, 11.5, 0, 10.5], "rotation": 180, "texture": "#0"}
			}
		},
		{
			"from": [8.49, 9.4849, 9.39423],
			"to": [10.49, 12.4849, 11.39423],
			"rotation": {"angle": 22.5, "axis": "x", "origin": [8, 10.77504, 5.67177]},
			"faces": {
				"north": {"uv": [3, 8.5, 3.5, 9], "texture": "#0"},
				"east": {"uv": [2, 9, 3, 10.5], "texture": "#0"},
				"south": {"uv": [0, 9, 1, 10.5], "texture": "#0"},
				"west": {"uv": [2, 9, 1, 10.5], "texture": "#0"},
				"up": {"uv": [1, 11.5, 0, 10.5], "rotation": 180, "texture": "#0"},
				"down": {"uv": [1, 11.5, 0, 10.5], "rotation": 180, "texture": "#0"}
			}
		},
		{
			"from": [5.51, 9.4849, 9.39423],
			"to": [7.51, 12.4849, 11.39423],
			"rotation": {"angle": 22.5, "axis": "x", "origin": [8, 10.77504, 5.67177]},
			"faces": {
				"north": {"uv": [3.5, 8.5, 3, 9], "texture": "#0"},
				"east": {"uv": [1, 9, 2, 10.5], "texture": "#0"},
				"south": {"uv": [1, 9, 0, 10.5], "texture": "#0"},
				"west": {"uv": [3, 9, 2, 10.5], "texture": "#0"},
				"up": {"uv": [1, 11.5, 0, 10.5], "rotation": 180, "texture": "#0"},
				"down": {"uv": [0, 11.5, 1, 10.5], "rotation": 180, "texture": "#0"}
			}
		},
		{
			"from": [5.5, 7.93771, 4.92721],
			"to": [10.5, 11.93771, 10.92721],
			"rotation": {"angle": -22.5, "axis": "x", "origin": [8, 10.77504, 5.67177]},
			"faces": {
				"north": {"uv": [9, 6, 11.5, 8], "texture": "#0"},
				"east": {"uv": [12, 6, 9, 4], "rotation": 180, "texture": "#0"},
				"south": {"uv": [6.5, 4, 9, 6], "texture": "#0"},
				"west": {"uv": [9, 6, 12, 4], "rotation": 180, "texture": "#0"},
				"up": {"uv": [4, 6, 6.5, 9], "rotation": 180, "texture": "#0"},
				"down": {"uv": [9, 9, 6.5, 6], "rotation": 180, "texture": "#0"}
			}
		},
		{
			"from": [7, 8.93771, 1.92721],
			"to": [9, 10.93771, 4.92721],
			"rotation": {"angle": -22.5, "axis": "x", "origin": [8, 10.77504, 5.67177]},
			"faces": {
				"north": {"uv": [10, 2, 11, 3], "texture": "#0"},
				"east": {"uv": [11, 2, 12, 0.5], "rotation": 90, "texture": "#0"},
				"south": {"uv": [11, 2, 10, 3], "texture": "#0"},
				"west": {"uv": [11, 0.5, 12, 2], "rotation": 90, "texture": "#0"},
				"up": {"uv": [10, 0.5, 11, 2], "rotation": 180, "texture": "#0"},
				"down": {"uv": [13, 2, 12, 0.5], "rotation": 180, "texture": "#0"}
			}
		},
		{
			"from": [7.5, 8.10478, -0.27152],
			"to": [8.5, 9.10478, 2.72848],
			"rotation": {"angle": 0, "axis": "x", "origin": [8, 8.60478, 1.22848]},
			"faces": {
				"north": {"uv": [13, 6, 13.5, 6.5], "texture": "#0"},
				"east": {"uv": [13, 6, 13.5, 4.5], "rotation": 90, "texture": "#0"},
				"south": {"uv": [10.5, 2, 10, 2.5], "texture": "#0"},
				"west": {"uv": [13, 4.5, 13.5, 6], "rotation": 90, "texture": "#0"},
				"up": {"uv": [13, 4.5, 13.5, 6], "rotation": 180, "texture": "#0"},
				"down": {"uv": [13, 2, 12.5, 0.5], "rotation": 180, "texture": "#0"}
			}
		},
		{
			"from": [8, 11.93771, 5.92721],
			"to": [8, 12.93771, 7.92721],
			"rotation": {"angle": -22.5, "axis": "x", "origin": [8, 10.77504, 5.67177]},
			"faces": {
				"north": {"uv": [10.5, 14.5, 11, 14.5], "rotation": 270, "texture": "#0"},
				"east": {"uv": [14, 1, 13, 0.5], "rotation": 180, "texture": "#0"},
				"south": {"uv": [12.5, 14.5, 13, 14.5], "rotation": 90, "texture": "#0"},
				"west": {"uv": [13, 1, 14, 0.5], "rotation": 180, "texture": "#0"},
				"up": {"uv": [13.5, 14, 14.5, 14], "rotation": 90, "texture": "#0"},
				"down": {"uv": [11.5, 12, 12.5, 12], "rotation": 90, "texture": "#0"}
			}
		},
		{
			"from": [8, 12.93771, 5.92721],
			"to": [8, 13.93771, 6.92721],
			"rotation": {"angle": -22.5, "axis": "x", "origin": [8, 10.77504, 5.67177]},
			"faces": {
				"north": {"uv": [10.5, 14.5, 11, 14.5], "rotation": 270, "texture": "#0"},
				"east": {"uv": [14, 0.5, 13.5, 0], "rotation": 90, "texture": "#0"},
				"south": {"uv": [12.5, 14.5, 13, 14.5], "rotation": 90, "texture": "#0"},
				"west": {"uv": [14, 0, 13.5, 0.5], "rotation": 90, "texture": "#0"},
				"up": {"uv": [13.5, 14, 14, 14], "rotation": 90, "texture": "#0"},
				"down": {"uv": [11.5, 12, 12, 12], "rotation": 90, "texture": "#0"}
			}
		},
		{
			"from": [8, 10.93771, 2.92721],
			"to": [8, 11.93771, 3.92721],
			"rotation": {"angle": -22.5, "axis": "x", "origin": [8, 10.77504, 5.67177]},
			"faces": {
				"north": {"uv": [10.5, 14.5, 11, 14.5], "rotation": 270, "texture": "#0"},
				"east": {"uv": [13.5, 1, 13, 0.5], "rotation": 90, "texture": "#0"},
				"south": {"uv": [12.5, 14.5, 13, 14.5], "rotation": 90, "texture": "#0"},
				"west": {"uv": [13.5, 0.5, 13, 1], "rotation": 90, "texture": "#0"},
				"up": {"uv": [13.5, 14, 14, 14], "rotation": 90, "texture": "#0"},
				"down": {"uv": [11.5, 12, 12, 12], "rotation": 90, "texture": "#0"}
			}
		}
	],
	"display": {
		"thirdperson_righthand": {
			"rotation": [75, -135, 0],
			"translation": [0, 2.75, 2.5],
			"scale": [0.31, 0.31, 0.31]
		},
		"thirdperson_lefthand": {
			"rotation": [75, 135, 0],
			"translation": [0, 2.75, 2.5],
			"scale": [0.31, 0.31, 0.31]
		},
		"firstperson_righthand": {
			"rotation": [0, -135, 0],
			"translation": [0, 2, 0],
			"scale": [0.4, 0.4, 0.4]
		},
		"firstperson_lefthand": {
			"rotation": [0, -135, 0],
			"translation": [0, 2, 0],
			"scale": [0.4, 0.4, 0.4]
		},
		"ground": {
			"rotation": [0, 180, 0],
			"translation": [0, 5, 0]
		},
		"gui": {
			"rotation": [0, 51.5, 0],
			"translation": [7.75, 23, 0]
		},
		"head": {
			"rotation": [0, 180, 0],
			"translation": [0, 8, 0],
			"scale": [1.6, 1.6, 1.6]
		},
		"fixed": {
			"rotation": [-90, 180, 0],
			"translation": [0, 0, -16],
			"scale": [2, 2, 2]
		}
	}
}