{
	"credit": "Made with Blockbench",
	"textures": {
		"1": "custom/pet/eye",
		"2": "custom/pet/chick",
		"particle": "custom/pet/chick"
	},
	"elements": [
		{
			"from": [6.5, 4, 7],
			"to": [9.5, 7, 10],
			"rotation": {"angle": 0, "axis": "y", "origin": [8, 5.5, 8.5]},
			"faces": {
				"north": {"uv": [7, 3, 10, 6], "texture": "#2"},
				"east": {"uv": [3, 0, 0, 3], "texture": "#2"},
				"south": {"uv": [4, 0, 7, 3], "texture": "#2"},
				"west": {"uv": [0, 0, 3, 3], "texture": "#2"},
				"up": {"uv": [7, 6, 10, 3], "rotation": 180, "texture": "#2"},
				"down": {"uv": [4, 3, 7, 6], "rotation": 180, "texture": "#2"}
			}
		},
		{
			"from": [6, 1.625, 4.75],
			"to": [10, 4.625, 8.75],
			"rotation": {"angle": -22.5, "axis": "x", "origin": [8, 3.125, 6.75]},
			"faces": {
				"north": {"uv": [0, 7, 4, 10], "texture": "#2"},
				"east": {"uv": [4, 0, 0, 3], "texture": "#2"},
				"south": {"uv": [0, 7, 3, 10], "texture": "#2"},
				"west": {"uv": [0, 0, 4, 3], "texture": "#2"},
				"up": {"uv": [8, 10, 4, 6], "rotation": 180, "texture": "#2"},
				"down": {"uv": [0, 7, 4, 3], "rotation": 90, "texture": "#2"}
			}
		},
		{
			"from": [9.51, 5, 9],
			"to": [9.51, 6, 10],
			"rotation": {"angle": 0, "axis": "y", "origin": [9, 5.5, 9.5]},
			"faces": {
				"north": {"uv": [0, 0, 0, 0], "texture": "#1"},
				"east": {"uv": [0, 0, 16, 16], "texture": "#1"},
				"south": {"uv": [0, 0, 3, 3], "texture": "#1"},
				"west": {"uv": [0, 0, 16, 16], "texture": "#1"},
				"up": {"uv": [0, 0, 0, 0], "rotation": 90, "texture": "#1"},
				"down": {"uv": [0, 0, 0, 0], "rotation": 270, "texture": "#1"}
			}
		},
		{
			"from": [6.49, 5, 9],
			"to": [6.49, 6, 10],
			"rotation": {"angle": 0, "axis": "y", "origin": [7, 5.5, 9.5]},
			"faces": {
				"north": {"uv": [0, 0, 0, 0], "texture": "#1"},
				"east": {"uv": [0, 0, 16, 16], "texture": "#1"},
				"south": {"uv": [0, 0, 3, 3], "texture": "#1"},
				"west": {"uv": [0, 0, 16, 16], "texture": "#1"},
				"up": {"uv": [0, 0, 0, 0], "rotation": 270, "texture": "#1"},
				"down": {"uv": [0, 0, 0, 0], "rotation": 90, "texture": "#1"}
			}
		},
		{
			"from": [6.5, 0, 7],
			"to": [7.5, 2, 7],
			"rotation": {"angle": 0, "axis": "y", "origin": [7, 0.5, 7.25]},
			"faces": {
				"north": {"uv": [7, 0, 8, 2], "texture": "#2"},
				"east": {"uv": [0, 0, 0, 1], "texture": "#2"},
				"south": {"uv": [7, 0, 8, 2], "texture": "#2"},
				"west": {"uv": [0, 0, 0, 1], "texture": "#2"},
				"up": {"uv": [0, 0, 0.5, 0], "texture": "#2"},
				"down": {"uv": [0, 0, 0.5, 0], "texture": "#2"}
			}
		},
		{
			"from": [6.5, 0, 7],
			"to": [7.5, 0, 8],
			"rotation": {"angle": 0, "axis": "y", "origin": [7, 0.5, 7.25]},
			"faces": {
				"north": {"uv": [0, 0, 0, 0], "texture": "#2"},
				"east": {"uv": [0, 0, 0, 0], "texture": "#2"},
				"south": {"uv": [0, 0, 0, 0], "texture": "#2"},
				"west": {"uv": [0, 0, 0, 0], "texture": "#2"},
				"up": {"uv": [7, 0, 8, 1], "texture": "#2"},
				"down": {"uv": [7, 0, 8, 1], "texture": "#2"}
			}
		},
		{
			"from": [8.5, 0, 7],
			"to": [9.5, 2, 7],
			"rotation": {"angle": 0, "axis": "y", "origin": [7, 0.5, 7.25]},
			"faces": {
				"north": {"uv": [7, 0, 8, 2], "texture": "#2"},
				"east": {"uv": [0, 0, 0, 1], "texture": "#2"},
				"south": {"uv": [7, 0, 8, 2], "texture": "#2"},
				"west": {"uv": [0, 0, 0, 1], "texture": "#2"},
				"up": {"uv": [0, 0, 0.5, 0], "texture": "#2"},
				"down": {"uv": [0, 0, 0.5, 0], "texture": "#2"}
			}
		},
		{
			"from": [8.5, 0, 7],
			"to": [9.5, 0, 8],
			"rotation": {"angle": 0, "axis": "y", "origin": [7, 0.5, 7.25]},
			"faces": {
				"north": {"uv": [0, 0, 0, 0], "texture": "#2"},
				"east": {"uv": [0, 0, 0, 0], "texture": "#2"},
				"south": {"uv": [0, 0, 0, 0], "texture": "#2"},
				"west": {"uv": [0, 0, 0, 0], "texture": "#2"},
				"up": {"uv": [7, 0, 8, 1], "texture": "#2"},
				"down": {"uv": [7, 0, 8, 1], "texture": "#2"}
			}
		},
		{
			"from": [7.5, 3.744, 3.344],
			"to": [8.5, 3.744, 4.344],
			"rotation": {"angle": 22.5, "axis": "x", "origin": [8, 3.744, 4.375]},
			"faces": {
				"north": {"uv": [0, 0, 0.5, 0], "texture": "#2"},
				"east": {"uv": [0, 0, 0.5, 0], "texture": "#2"},
				"south": {"uv": [0, 0, 3, 3], "texture": "#2"},
				"west": {"uv": [0, 0, 0.5, 0], "texture": "#2"},
				"up": {"uv": [0, 0, 1, 1], "texture": "#2"},
				"down": {"uv": [0, 2, 1, 3], "texture": "#2"}
			}
		},
		{
			"from": [8, 6.5, 8],
			"to": [8, 7.5, 9],
			"rotation": {"angle": -22.5, "axis": "x", "origin": [7, 7, 8]},
			"faces": {
				"north": {"uv": [0, 0, 0, 0.5], "texture": "#2"},
				"east": {"uv": [7, 4, 8, 5], "texture": "#2"},
				"south": {"uv": [0, 0, 0, 0], "texture": "#2"},
				"west": {"uv": [7, 4, 8, 5], "texture": "#2"},
				"up": {"uv": [0, 0, 0, 0.5], "texture": "#2"},
				"down": {"uv": [0, 0, 0, 0.5], "texture": "#2"}
			}
		},
		{
			"from": [7.5, 5, 10],
			"to": [8.5, 6, 11],
			"rotation": {"angle": 0, "axis": "y", "origin": [6.5, 4, 10]},
			"faces": {
				"north": {"uv": [7, 0, 8, 1], "texture": "#2"},
				"east": {"uv": [7, 0, 8, 1], "texture": "#2"},
				"south": {"uv": [7, 1, 8, 2], "texture": "#2"},
				"west": {"uv": [7, 0, 8, 1], "texture": "#2"},
				"up": {"uv": [7, 1, 8, 2], "texture": "#2"},
				"down": {"uv": [7, 0, 8, 1], "texture": "#2"}
			}
		}
	],
	"display": {
		"thirdperson_righthand": {
			"rotation": [75, -135, 0],
			"translation": [0, 2.75, 2.5],
			"scale": [0.31, 0.31, 0.31]
		},
		"thirdperson_lefthand": {
			"rotation": [75, 135, 0],
			"translation": [0, 2.75, 2.5],
			"scale": [0.31, 0.31, 0.31]
		},
		"firstperson_righthand": {
			"rotation": [0, -135, 0],
			"translation": [0, 2, 0],
			"scale": [0.4, 0.4, 0.4]
		},
		"firstperson_lefthand": {
			"rotation": [0, -135, 0],
			"translation": [0, 2, 0],
			"scale": [0.4, 0.4, 0.4]
		},
		"ground": {
			"rotation": [0, 180, 0],
			"translation": [0, 5, 0]
		},
		"gui": {
			"rotation": [0, 51.5, 0],
			"translation": [9.25, 26.8, 0]
		},
		"head": {
			"rotation": [0, 180, 0],
			"translation": [0, 8, 0],
			"scale": [1.6, 1.6, 1.6]
		},
		"fixed": {
			"rotation": [-90, 180, 0],
			"translation": [0, 0, -16],
			"scale": [2, 2, 2]
		}
	}
}