{
	"credit": "Made with Blockbench",
	"texture_size": [32, 32],
	"textures": {
		"0": "custom/pet/penguin",
		"1": "custom/pet/eye",
		"particle": "custom/pet/penguin"
	},
	"elements": [
		{
			"from": [9, 8, 11.01],
			"to": [10, 9, 11.01],
			"rotation": {"angle": 0, "axis": "y", "origin": [9.5, 8.5, 10.5]},
			"faces": {
				"north": {"uv": [0, 0, 16, 16], "texture": "#1"},
				"east": {"uv": [0, 0, 0, 0], "texture": "#1"},
				"south": {"uv": [0, 0, 16, 16], "texture": "#1"},
				"west": {"uv": [0, 0, 1.5, 1.5], "texture": "#1"},
				"up": {"uv": [0, 0, 0, 0], "rotation": 180, "texture": "#1"},
				"down": {"uv": [0, 0, 0, 0], "rotation": 180, "texture": "#1"}
			}
		},
		{
			"from": [6, 8, 11.01],
			"to": [7, 9, 11.01],
			"rotation": {"angle": 0, "axis": "y", "origin": [6.5, 8.5, 10.5]},
			"faces": {
				"north": {"uv": [0, 0, 16, 16], "texture": "#1"},
				"east": {"uv": [0, 0, 1.5, 1.5], "texture": "#1"},
				"south": {"uv": [0, 0, 16, 16], "texture": "#1"},
				"west": {"uv": [0, 0, 0, 0], "texture": "#1"},
				"up": {"uv": [0, 0, 0, 0], "rotation": 180, "texture": "#1"},
				"down": {"uv": [0, 0, 0, 0], "rotation": 180, "texture": "#1"}
			}
		},
		{
			"from": [5, 1, 5],
			"to": [11, 11, 11],
			"rotation": {"angle": 0, "axis": "y", "origin": [4, 0, 5]},
			"faces": {
				"north": {"uv": [6, 0, 9, 5], "texture": "#0"},
				"east": {"uv": [6, 0, 3, 5], "texture": "#0"},
				"south": {"uv": [0, 0, 3, 5], "texture": "#0"},
				"west": {"uv": [3, 0, 6, 5], "texture": "#0"},
				"up": {"uv": [0, 5, 3, 8], "texture": "#0"},
				"down": {"uv": [3, 5, 6, 8], "texture": "#0"}
			}
		},
		{
			"from": [4, 1, 6],
			"to": [5, 7, 10],
			"rotation": {"angle": -22.5, "axis": "z", "origin": [5, 7, 8]},
			"faces": {
				"north": {"uv": [0, 0, 0.5, 3], "texture": "#0"},
				"east": {"uv": [5.5, 1.5, 3.5, 4.5], "texture": "#0"},
				"south": {"uv": [0, 0, 0.5, 3], "texture": "#0"},
				"west": {"uv": [9, 0, 7, 3], "texture": "#0"},
				"up": {"uv": [2.5, 0.5, 3, 2.5], "texture": "#0"},
				"down": {"uv": [0, 0, 0.5, 2], "texture": "#0"}
			}
		},
		{
			"from": [11, 1, 6],
			"to": [12, 7, 10],
			"rotation": {"angle": 22.5, "axis": "z", "origin": [11, 7, 8]},
			"faces": {
				"north": {"uv": [0, 0, 0.5, 3], "texture": "#0"},
				"east": {"uv": [7, 0, 9, 3], "texture": "#0"},
				"south": {"uv": [0, 0, 0.5, 3], "texture": "#0"},
				"west": {"uv": [3.5, 1.5, 5.5, 4.5], "texture": "#0"},
				"up": {"uv": [2.5, 0.5, 3, 2.5], "texture": "#0"},
				"down": {"uv": [0, 0, 0.5, 2], "texture": "#0"}
			}
		},
		{
			"from": [5.5, 0, 7],
			"to": [7.5, 0, 10],
			"rotation": {"angle": 0, "axis": "y", "origin": [7, 0, 8]},
			"faces": {
				"north": {"uv": [0, 0, 1, 0], "texture": "#0"},
				"east": {"uv": [0, 0, 1.5, 0], "texture": "#0"},
				"south": {"uv": [0, 0, 1, 0], "texture": "#0"},
				"west": {"uv": [0, 0, 1.5, 0], "texture": "#0"},
				"up": {"uv": [10, 0, 9, 1.5], "texture": "#0"},
				"down": {"uv": [10, 1.5, 9, 0], "texture": "#0"}
			}
		},
		{
			"from": [9, 0, 7],
			"to": [10, 1, 8],
			"rotation": {"angle": 0, "axis": "y", "origin": [8.5, 0, 6]},
			"faces": {
				"north": {"uv": [9.5, 0.5, 10, 1], "texture": "#0"},
				"east": {"uv": [9.5, 0, 10, 0.5], "texture": "#0"},
				"south": {"uv": [9.5, 0.5, 10, 1], "texture": "#0"},
				"west": {"uv": [9.5, 0, 10, 0.5], "texture": "#0"},
				"up": {"uv": [9.5, 0, 10, 0.5], "texture": "#0"},
				"down": {"uv": [9.5, 0, 10, 0.5], "texture": "#0"}
			}
		},
		{
			"from": [8.5, 0, 7],
			"to": [10.5, 0, 10],
			"rotation": {"angle": 0, "axis": "y", "origin": [10, 0, 8]},
			"faces": {
				"north": {"uv": [0, 0, 1, 0], "texture": "#0"},
				"east": {"uv": [0, 0, 1.5, 0], "texture": "#0"},
				"south": {"uv": [0, 0, 1, 0], "texture": "#0"},
				"west": {"uv": [0, 0, 1.5, 0], "texture": "#0"},
				"up": {"uv": [9, 0, 10, 1.5], "texture": "#0"},
				"down": {"uv": [9, 1.5, 10, 0], "texture": "#0"}
			}
		},
		{
			"from": [6, 0, 7],
			"to": [7, 1, 8],
			"rotation": {"angle": 0, "axis": "y", "origin": [5.5, 0, 6]},
			"faces": {
				"north": {"uv": [9.5, 0.5, 10, 1], "texture": "#0"},
				"east": {"uv": [9.5, 0, 10, 0.5], "texture": "#0"},
				"south": {"uv": [9.5, 0.5, 10, 1], "texture": "#0"},
				"west": {"uv": [9.5, 0, 10, 0.5], "texture": "#0"},
				"up": {"uv": [9.5, 0, 10, 0.5], "texture": "#0"},
				"down": {"uv": [9.5, 0, 10, 0.5], "texture": "#0"}
			}
		},
		{
			"from": [7, 7, 11],
			"to": [9, 8, 12],
			"rotation": {"angle": 0, "axis": "y", "origin": [6.5, 7, 10]},
			"faces": {
				"north": {"uv": [0, 0, 1, 0.5], "texture": "#0"},
				"east": {"uv": [9, 0.5, 9.5, 1], "texture": "#0"},
				"south": {"uv": [9, 1, 10, 1.5], "texture": "#0"},
				"west": {"uv": [9, 0.5, 9.5, 1], "texture": "#0"},
				"up": {"uv": [9, 0.5, 10, 1], "texture": "#0"},
				"down": {"uv": [9, 0, 10, 0.5], "texture": "#0"}
			}
		},
		{
			"from": [8, 10.5, 7],
			"to": [8, 11.5, 8],
			"rotation": {"angle": -22.5, "axis": "x", "origin": [7, 11, 7]},
			"faces": {
				"north": {"uv": [0, 0, 0, 0.25], "texture": "#0"},
				"east": {"uv": [1, 6, 1.5, 6.5], "texture": "#0"},
				"south": {"uv": [0, 0, 0, 0], "texture": "#0"},
				"west": {"uv": [1, 6, 1.5, 6.5], "texture": "#0"},
				"up": {"uv": [0, 0, 0, 0.25], "texture": "#0"},
				"down": {"uv": [0, 0, 0, 0.25], "texture": "#0"}
			}
		},
		{
			"from": [8, 10.5, 8],
			"to": [8, 12.5, 9],
			"rotation": {"angle": 22.5, "axis": "x", "origin": [7, 11, 9]},
			"faces": {
				"north": {"uv": [0, 0, 0, 0], "texture": "#0"},
				"east": {"uv": [9.5, 1.5, 9, 2.5], "texture": "#0"},
				"south": {"uv": [0, 0, 0, 0.25], "texture": "#0"},
				"west": {"uv": [9.5, 1.5, 9, 2.5], "texture": "#0"},
				"up": {"uv": [0, 0.25, 0, 0], "texture": "#0"},
				"down": {"uv": [0, 0.25, 0, 0], "texture": "#0"}
			}
		}
	],
	"display": {
		"thirdperson_righthand": {
			"rotation": [75, -135, 0],
			"translation": [0, 2.75, 2.5],
			"scale": [0.31, 0.31, 0.31]
		},
		"thirdperson_lefthand": {
			"rotation": [75, 135, 0],
			"translation": [0, 2.75, 2.5],
			"scale": [0.31, 0.31, 0.31]
		},
		"firstperson_righthand": {
			"rotation": [0, -135, 0],
			"translation": [0, 2, 0],
			"scale": [0.4, 0.4, 0.4]
		},
		"firstperson_lefthand": {
			"rotation": [0, -135, 0],
			"translation": [0, 2, 0],
			"scale": [0.4, 0.4, 0.4]
		},
		"ground": {
			"rotation": [0, 180, 0],
			"translation": [0, 5, 0]
		},
		"gui": {
			"rotation": [0, 51.5, 0],
			"translation": [7.7, 27, 0]
		},
		"head": {
			"rotation": [0, 180, 0],
			"translation": [0, 8, 0],
			"scale": [1.6, 1.6, 1.6]
		},
		"fixed": {
			"rotation": [-90, 180, 0],
			"translation": [0, 0, -16],
			"scale": [2, 2, 2]
		}
	}
}