{
	"credit": "Made with Blockbench",
	"texture_size": [64, 64],
	"textures": {
		"0": "custom/pet/monkey",
		"1": "custom/pet/eye",
		"particle": "custom/pet/monkey"
	},
	"elements": [
		{
			"from": [4.5, 11, 9],
			"to": [11.5, 18, 16],
			"rotation": {"angle": 0, "axis": "y", "origin": [7.5, 8.14668, 8.45518]},
			"faces": {
				"north": {"uv": [0, 3.5, 1.75, 5.25], "texture": "#0"},
				"east": {"uv": [1.75, 0, 3.5, 1.75], "texture": "#0"},
				"south": {"uv": [0, 1.75, 1.75, 3.5], "texture": "#0"},
				"west": {"uv": [3.5, 0, 1.75, 1.75], "texture": "#0"},
				"up": {"uv": [1.75, 1.75, 0, 0], "rotation": 180, "texture": "#0"},
				"down": {"uv": [1.75, 5, 0, 6.75], "rotation": 180, "texture": "#0"}
			}
		},
		{
			"from": [6, 11, 16],
			"to": [10, 14, 18],
			"rotation": {"angle": 0, "axis": "y", "origin": [7.5, 8.14668, 8.45518]},
			"faces": {
				"north": {"uv": [2, 3, 3, 3.75], "texture": "#0"},
				"east": {"uv": [3, 2, 2.5, 2.75], "texture": "#0"},
				"south": {"uv": [2, 3, 3, 3.75], "texture": "#0"},
				"west": {"uv": [2.5, 2, 3, 2.75], "texture": "#0"},
				"up": {"uv": [3, 4.5, 2, 4], "rotation": 180, "texture": "#0"},
				"down": {"uv": [3, 4.5, 2, 4], "rotation": 180, "texture": "#0"}
			}
		},
		{
			"from": [5.5, 14, 16.01],
			"to": [6.5, 15, 16.01],
			"rotation": {"angle": 0, "axis": "x", "origin": [6, 11, 15.125]},
			"faces": {
				"north": {"uv": [0, 0, 16, 16], "texture": "#1"},
				"east": {"uv": [0, 0, 0, 0], "texture": "#1"},
				"south": {"uv": [0, 0, 16, 16], "texture": "#1"},
				"west": {"uv": [0, 0, 0, 0], "texture": "#1"},
				"up": {"uv": [0, 0, 0, 0], "rotation": 180, "texture": "#1"},
				"down": {"uv": [0, 0, 0, 0], "rotation": 180, "texture": "#1"}
			}
		},
		{
			"from": [9.5, 14, 16.01],
			"to": [10.5, 15, 16.01],
			"rotation": {"angle": 0, "axis": "y", "origin": [10, 11, 15.125]},
			"faces": {
				"north": {"uv": [0, 0, 16, 16], "texture": "#1"},
				"east": {"uv": [0, 0, 0, 0], "texture": "#1"},
				"south": {"uv": [0, 0, 16, 16], "texture": "#1"},
				"west": {"uv": [0, 0, 0, 0], "texture": "#1"},
				"up": {"uv": [0, 0, 0, 0], "rotation": 180, "texture": "#1"},
				"down": {"uv": [0, 0, 0, 0], "rotation": 180, "texture": "#1"}
			}
		},
		{
			"from": [12.03596, 13, 10.30552],
			"to": [13.03596, 17, 13.30552],
			"rotation": {"angle": -22.5, "axis": "y", "origin": [12.53596, 15, 11.80552]},
			"faces": {
				"north": {"uv": [2.75, 2, 2.5, 3], "texture": "#0"},
				"east": {"uv": [2, 2, 2.75, 3], "texture": "#0"},
				"south": {"uv": [3.75, 2, 3.5, 3], "texture": "#0"},
				"west": {"uv": [2.75, 2, 3.5, 3], "texture": "#0"},
				"up": {"uv": [2.75, 2, 2, 1.75], "rotation": 90, "texture": "#0"},
				"down": {"uv": [2, 3, 2.75, 2.75], "rotation": 90, "texture": "#0"}
			}
		},
		{
			"from": [11.5, 0, 9],
			"to": [15.5, 12, 13],
			"rotation": {"angle": 0, "axis": "x", "origin": [7.5, 4.5, 9.5]},
			"faces": {
				"north": {"uv": [8.75, 6.25, 9.75, 9.25], "texture": "#0"},
				"east": {"uv": [8.75, 6.25, 7.75, 9.25], "texture": "#0"},
				"south": {"uv": [9.75, 6.25, 8.75, 9.25], "texture": "#0"},
				"west": {"uv": [10.75, 6.25, 9.75, 9.25], "texture": "#0"},
				"up": {"uv": [9.75, 5.25, 8.75, 6.25], "texture": "#0"},
				"down": {"uv": [9.75, 9.25, 8.75, 10.25], "texture": "#0"}
			}
		},
		{
			"from": [3.5, 6, 7],
			"to": [12.5, 13, 13],
			"rotation": {"angle": 0, "axis": "y", "origin": [4.5, 2, 8]},
			"faces": {
				"north": {"uv": [4, 8.25, 6.25, 10], "texture": "#0"},
				"east": {"uv": [6.25, 3.75, 7.75, 5.5], "texture": "#0"},
				"south": {"uv": [4, 5.25, 6.25, 7], "texture": "#0"},
				"west": {"uv": [7.75, 3.75, 6.25, 5.5], "texture": "#0"},
				"up": {"uv": [4, 3.75, 6.25, 5.25], "texture": "#0"},
				"down": {"uv": [4, 8.25, 6.25, 7], "texture": "#0"}
			}
		},
		{
			"from": [8, 17.125, 12.5],
			"to": [8, 19.125, 13.5],
			"rotation": {"angle": 22.5, "axis": "x", "origin": [7, 18.125, 13.5]},
			"faces": {
				"north": {"uv": [0, 0, 0, 0], "texture": "#0"},
				"east": {"uv": [0.75, 0.75, 0.5, 1.25], "texture": "#0"},
				"south": {"uv": [0, 0, 0, 0.25], "texture": "#0"},
				"west": {"uv": [0.75, 0.75, 0.5, 1.25], "texture": "#0"},
				"up": {"uv": [0, 0.25, 0, 0], "texture": "#0"},
				"down": {"uv": [0, 0.25, 0, 0], "texture": "#0"}
			}
		},
		{
			"from": [8, 17.625, 11.5],
			"to": [8, 19.625, 12.5],
			"rotation": {"angle": -22.5, "axis": "x", "origin": [7, 18.125, 11.5]},
			"faces": {
				"north": {"uv": [0, 0, 0, 0.25], "texture": "#0"},
				"east": {"uv": [0.5, 0.75, 0.75, 1.25], "texture": "#0"},
				"south": {"uv": [0, 0, 0, 0], "texture": "#0"},
				"west": {"uv": [0.5, 0.75, 0.75, 1.25], "texture": "#0"},
				"up": {"uv": [0, 0, 0, 0.25], "texture": "#0"},
				"down": {"uv": [0, 0, 0, 0.25], "texture": "#0"}
			}
		},
		{
			"from": [4.5, 5.5, 2.5],
			"to": [11.5, 11.5, 9.5],
			"rotation": {"angle": -22.5, "axis": "x", "origin": [7.5, 5.5, 7]},
			"faces": {
				"north": {"uv": [5.75, 1.75, 7.5, 3.25], "texture": "#0"},
				"east": {"uv": [4, 1.75, 5.75, 3.25], "texture": "#0"},
				"south": {"uv": [4, 0.5, 5.75, 1.75], "texture": "#0"},
				"west": {"uv": [5.75, 1.75, 4, 3.25], "texture": "#0"},
				"up": {"uv": [4, 0, 5.75, 1.75], "texture": "#0"},
				"down": {"uv": [5.75, 0, 7.5, 1.75], "texture": "#0"}
			}
		},
		{
			"from": [9.495, 0, 4],
			"to": [13.505, 2, 6],
			"rotation": {"angle": 0, "axis": "y", "origin": [10.995, 2, 3.5]},
			"faces": {
				"north": {"uv": [9.75, 9.75, 8.745, 10.25], "texture": "#0"},
				"east": {"uv": [10.25, 9.5, 9.75, 10], "texture": "#0"},
				"south": {"uv": [9.755, 9.25, 8.75, 8.75], "texture": "#0"},
				"west": {"uv": [8.75, 9.5, 8.25, 10], "texture": "#0"},
				"up": {"uv": [10.75, 10, 9.75, 10.5], "texture": "#0"},
				"down": {"uv": [9.755, 9.75, 8.75, 10.25], "texture": "#0"}
			}
		},
		{
			"from": [9.495, 0, 2],
			"to": [13.505, 3, 4],
			"rotation": {"angle": 0, "axis": "y", "origin": [10.995, 2, 3.5]},
			"faces": {
				"north": {"uv": [9.75, 10.25, 8.75, 11], "texture": "#0"},
				"east": {"uv": [10.25, 9.25, 10.75, 10], "texture": "#0"},
				"south": {"uv": [10.755, 8.25, 9.75, 8], "texture": "#0"},
				"west": {"uv": [7.75, 9.25, 8.25, 10], "texture": "#0"},
				"up": {"uv": [10.755, 8, 9.75, 8.25], "texture": "#0"},
				"down": {"uv": [9.755, 10.75, 8.75, 11], "texture": "#0"}
			}
		},
		{
			"from": [9.5, 2.0625, 3.2625],
			"to": [13.5, 3.0625, 5.2625],
			"rotation": {"angle": 45, "axis": "x", "origin": [11, 4.0625, 3.7625]},
			"faces": {
				"north": {"uv": [7.75, 7.75, 8.75, 8], "texture": "#0"},
				"east": {"uv": [8, 8, 7.75, 8.25], "texture": "#0"},
				"south": {"uv": [10.75, 8, 9.75, 8.25], "texture": "#0"},
				"west": {"uv": [8, 8, 7.75, 8.25], "texture": "#0"},
				"up": {"uv": [10.75, 8, 9.75, 8.25], "texture": "#0"},
				"down": {"uv": [10.75, 8, 9.75, 8.25], "texture": "#0"}
			}
		},
		{
			"from": [9.5, 3.0625, 0.2625],
			"to": [13.5, 7.0625, 5.2625],
			"rotation": {"angle": 45, "axis": "x", "origin": [11, 4.0625, 3.7625]},
			"faces": {
				"north": {"uv": [2.75, 5.75, 1.75, 6.75], "texture": "#0"},
				"east": {"uv": [0, 8, 1, 6.75], "rotation": 270, "texture": "#0"},
				"south": {"uv": [2.75, 6.75, 1.75, 7.75], "texture": "#0"},
				"west": {"uv": [2.75, 6.75, 3.75, 8], "rotation": 270, "texture": "#0"},
				"up": {"uv": [1.75, 6.75, 0.75, 8], "texture": "#0"},
				"down": {"uv": [3.75, 5.5, 2.75, 6.75], "texture": "#0"}
			}
		},
		{
			"from": [2.96404, 13, 10.30552],
			"to": [3.96404, 17, 13.30552],
			"rotation": {"angle": 22.5, "axis": "y", "origin": [3.46404, 15, 11.80552]},
			"faces": {
				"north": {"uv": [2.5, 2, 2.75, 3], "texture": "#0"},
				"east": {"uv": [3.5, 2, 2.75, 3], "texture": "#0"},
				"south": {"uv": [3.5, 2, 3.75, 3], "texture": "#0"},
				"west": {"uv": [2.75, 2, 2, 3], "texture": "#0"},
				"up": {"uv": [2.75, 1.75, 2, 2], "rotation": 90, "texture": "#0"},
				"down": {"uv": [2, 2.75, 2.75, 3], "rotation": 90, "texture": "#0"}
			}
		},
		{
			"from": [0.5, 0, 9],
			"to": [4.5, 12, 13],
			"rotation": {"angle": 0, "axis": "y", "origin": [8.5, 4.5, 9.5]},
			"faces": {
				"north": {"uv": [9.75, 6.25, 8.75, 9.25], "texture": "#0"},
				"east": {"uv": [9.75, 6.25, 10.75, 9.25], "texture": "#0"},
				"south": {"uv": [8.75, 6.25, 9.75, 9.25], "texture": "#0"},
				"west": {"uv": [7.75, 6.25, 8.75, 9.25], "texture": "#0"},
				"up": {"uv": [8.75, 5.25, 9.75, 6.25], "texture": "#0"},
				"down": {"uv": [8.75, 9.25, 9.75, 10.25], "texture": "#0"}
			}
		},
		{
			"from": [2.495, 0, 4],
			"to": [6.505, 2, 6],
			"rotation": {"angle": 0, "axis": "y", "origin": [5.005, 2, 3.5]},
			"faces": {
				"north": {"uv": [8.745, 9.75, 9.75, 10.25], "texture": "#0"},
				"east": {"uv": [8.25, 9.5, 8.75, 10], "texture": "#0"},
				"south": {"uv": [8.75, 9.25, 9.755, 8.75], "texture": "#0"},
				"west": {"uv": [9.75, 9.5, 10.25, 10], "texture": "#0"},
				"up": {"uv": [9.75, 10, 10.75, 10.5], "texture": "#0"},
				"down": {"uv": [8.75, 9.75, 9.755, 10.25], "texture": "#0"}
			}
		},
		{
			"from": [2.495, 0, 2],
			"to": [6.505, 3, 4],
			"rotation": {"angle": 0, "axis": "y", "origin": [5.005, 2, 3.5]},
			"faces": {
				"north": {"uv": [8.75, 10.25, 9.75, 11], "texture": "#0"},
				"east": {"uv": [8.25, 9.25, 7.75, 10], "texture": "#0"},
				"south": {"uv": [9.75, 8.25, 10.755, 8], "texture": "#0"},
				"west": {"uv": [10.75, 9.25, 10.25, 10], "texture": "#0"},
				"up": {"uv": [9.75, 8, 10.755, 8.25], "texture": "#0"},
				"down": {"uv": [8.75, 10.75, 9.755, 11], "texture": "#0"}
			}
		},
		{
			"from": [2.5, 2.0625, 3.2625],
			"to": [6.5, 3.0625, 5.2625],
			"rotation": {"angle": 45, "axis": "x", "origin": [5, 4.0625, 3.7625]},
			"faces": {
				"north": {"uv": [8.75, 7.75, 7.75, 8], "texture": "#0"},
				"east": {"uv": [7.75, 8, 8, 8.25], "texture": "#0"},
				"south": {"uv": [9.75, 8, 10.75, 8.25], "texture": "#0"},
				"west": {"uv": [7.75, 8, 8, 8.25], "texture": "#0"},
				"up": {"uv": [9.75, 8, 10.75, 8.25], "texture": "#0"},
				"down": {"uv": [9.75, 8, 10.75, 8.25], "texture": "#0"}
			}
		},
		{
			"from": [2.5, 3.0625, 0.2625],
			"to": [6.5, 7.0625, 5.2625],
			"rotation": {"angle": 45, "axis": "x", "origin": [5, 4.0625, 3.7625]},
			"faces": {
				"north": {"uv": [1.75, 5.75, 2.75, 6.75], "texture": "#0"},
				"east": {"uv": [2.75, 8, 3.75, 6.75], "rotation": 270, "texture": "#0"},
				"south": {"uv": [1.75, 6.75, 2.75, 7.75], "texture": "#0"},
				"west": {"uv": [0, 6.75, 1, 8], "rotation": 270, "texture": "#0"},
				"up": {"uv": [0.75, 6.75, 1.75, 8], "texture": "#0"},
				"down": {"uv": [2.75, 5.5, 3.75, 6.75], "texture": "#0"}
			}
		}
	],
	"display": {
		"thirdperson_righthand": {
			"rotation": [75, -135, 0],
			"translation": [0, 2.75, 2.5],
			"scale": [0.31, 0.31, 0.31]
		},
		"thirdperson_lefthand": {
			"rotation": [75, 135, 0],
			"translation": [0, 2.75, 2.5],
			"scale": [0.31, 0.31, 0.31]
		},
		"firstperson_righthand": {
			"rotation": [0, -135, 0],
			"translation": [0, 2, 0],
			"scale": [0.4, 0.4, 0.4]
		},
		"firstperson_lefthand": {
			"rotation": [0, -135, 0],
			"translation": [0, 2, 0],
			"scale": [0.4, 0.4, 0.4]
		},
		"ground": {
			"rotation": [0, 180, 0],
			"translation": [0, 5, 0]
		},
		"gui": {
			"rotation": [0, 51.5, 0],
			"translation": [4.1, 27, 0]
		},
		"head": {
			"rotation": [0, 180, 0],
			"translation": [0, 8, 0],
			"scale": [1.6, 1.6, 1.6]
		},
		"fixed": {
			"rotation": [-90, 180, 0],
			"translation": [0, 0, -16],
			"scale": [2, 2, 2]
		}
	}
}