{
	"credit": "Made with Blockbench",
	"textures": {
		"1": "custom/pet/eye",
		"2": "custom/pet/snail",
		"particle": "custom/pet/snail"
	},
	"elements": [
		{
			"from": [6.5, 1, 5],
			"to": [9.5, 6, 10],
			"rotation": {"angle": 0, "axis": "x", "origin": [8, 3.5, 7.5]},
			"faces": {
				"north": {"uv": [0, 6, 3, 11], "texture": "#2"},
				"east": {"uv": [5, 0, 0, 5], "texture": "#2"},
				"south": {"uv": [0, 6, 3, 11], "texture": "#2"},
				"west": {"uv": [0, 0, 5, 5], "texture": "#2"},
				"up": {"uv": [0, 10, 3, 5], "rotation": 180, "texture": "#2"},
				"down": {"uv": [0, 10, 3, 15], "rotation": 180, "texture": "#2"}
			}
		},
		{
			"from": [8.5, 4.673, 11.765],
			"to": [9.5, 5.673, 11.765],
			"rotation": {"angle": 0, "axis": "y", "origin": [9, 5.325, 8.5]},
			"faces": {
				"north": {"uv": [0, 0, 16, 16], "texture": "#1"},
				"east": {"uv": [0, 0, 0, 0], "texture": "#1"},
				"south": {"uv": [0, 0, 16, 16], "texture": "#1"},
				"west": {"uv": [0, 0, 3, 3], "texture": "#1"},
				"up": {"uv": [0, 0, 0, 0], "rotation": 180, "texture": "#1"},
				"down": {"uv": [0, 0, 0, 0], "rotation": 180, "texture": "#1"}
			}
		},
		{
			"from": [6.5, 4.673, 11.765],
			"to": [7.5, 5.673, 11.765],
			"rotation": {"angle": 0, "axis": "y", "origin": [7, 5.325, 8.5]},
			"faces": {
				"north": {"uv": [0, 0, 16, 16], "texture": "#1"},
				"east": {"uv": [0, 0, 3, 3], "texture": "#1"},
				"south": {"uv": [0, 0, 16, 16], "texture": "#1"},
				"west": {"uv": [0, 0, 0, 0], "texture": "#1"},
				"up": {"uv": [0, 0, 0, 0], "rotation": 180, "texture": "#1"},
				"down": {"uv": [0, 0, 0, 0], "rotation": 180, "texture": "#1"}
			}
		},
		{
			"from": [6.5, 2.825, 11],
			"to": [7.5, 4.825, 11],
			"rotation": {"angle": 22.5, "axis": "x", "origin": [8, 2.825, 11]},
			"faces": {
				"north": {"uv": [7, 0, 8, 2], "texture": "#2"},
				"east": {"uv": [0, 0, 0, 1], "texture": "#2"},
				"south": {"uv": [7, 0, 8, 2], "texture": "#2"},
				"west": {"uv": [0, 0, 0, 1], "texture": "#2"},
				"up": {"uv": [0, 0, 0.5, 0], "texture": "#2"},
				"down": {"uv": [0, 0, 0.5, 0], "texture": "#2"}
			}
		},
		{
			"from": [8.5, 2.825, 11],
			"to": [9.5, 4.825, 11],
			"rotation": {"angle": 22.5, "axis": "x", "origin": [8, 2.825, 11]},
			"faces": {
				"north": {"uv": [7, 0, 8, 2], "texture": "#2"},
				"east": {"uv": [0, 0, 0, 1], "texture": "#2"},
				"south": {"uv": [7, 0, 8, 2], "texture": "#2"},
				"west": {"uv": [0, 0, 0, 1], "texture": "#2"},
				"up": {"uv": [0, 0, 0.5, 0], "texture": "#2"},
				"down": {"uv": [0, 0, 0.5, 0], "texture": "#2"}
			}
		},
		{
			"from": [7, 0, 4],
			"to": [9, 1, 11],
			"rotation": {"angle": 0, "axis": "y", "origin": [6.5, 3, 11]},
			"faces": {
				"north": {"uv": [7, 0, 9, 1], "texture": "#2"},
				"east": {"uv": [7, 0, 14, 1], "texture": "#2"},
				"south": {"uv": [7, 0, 9, 1], "texture": "#2"},
				"west": {"uv": [7, 0, 14, 1], "texture": "#2"},
				"up": {"uv": [7, 0, 14, 2], "rotation": 90, "texture": "#2"},
				"down": {"uv": [7, 1, 14, 3], "rotation": 90, "texture": "#2"}
			}
		},
		{
			"from": [7, 0, 11],
			"to": [9, 2, 13],
			"rotation": {"angle": -45, "axis": "x", "origin": [8, 0, 11]},
			"faces": {
				"north": {"uv": [7, 1, 8, 3], "rotation": 270, "texture": "#2"},
				"east": {"uv": [8, 0, 9, 2], "rotation": 270, "texture": "#2"},
				"south": {"uv": [8, 0, 10, 1], "rotation": 90, "texture": "#2"},
				"west": {"uv": [8, 0, 9, 2], "rotation": 90, "texture": "#2"},
				"up": {"uv": [7, 0, 9, 1], "rotation": 180, "texture": "#2"},
				"down": {"uv": [8, 1, 10, 3], "texture": "#2"}
			}
		}
	],
	"display": {
		"thirdperson_righthand": {
			"rotation": [75, -135, 0],
			"translation": [0, 2.75, 2.5],
			"scale": [0.31, 0.31, 0.31]
		},
		"thirdperson_lefthand": {
			"rotation": [75, 135, 0],
			"translation": [0, 2.75, 2.5],
			"scale": [0.31, 0.31, 0.31]
		},
		"firstperson_righthand": {
			"rotation": [0, -135, 0],
			"translation": [0, 2, 0],
			"scale": [0.4, 0.4, 0.4]
		},
		"firstperson_lefthand": {
			"rotation": [0, -135, 0],
			"translation": [0, 2, 0],
			"scale": [0.4, 0.4, 0.4]
		},
		"ground": {
			"rotation": [0, 180, 0],
			"translation": [0, 5, 0]
		},
		"gui": {
			"rotation": [0, 51.5, 0],
			"translation": [7.5, 27, 0]
		},
		"head": {
			"rotation": [0, 180, 0],
			"translation": [0, 8, 0],
			"scale": [1.6, 1.6, 1.6]
		},
		"fixed": {
			"rotation": [-90, 180, 0],
			"translation": [0, 0, -16],
			"scale": [2, 2, 2]
		}
	}
}