{
	"credit": "Made with Blockbench",
	"texture_size": [32, 32],
	"textures": {
		"0": "custom/pet/deer",
		"1": "custom/pet/eye",
		"particle": "custom/pet/deer"
	},
	"elements": [
		{
			"from": [10.51, 7, 11],
			"to": [10.51, 8, 12],
			"rotation": {"angle": 0, "axis": "y", "origin": [9, 6.5, 11.5]},
			"faces": {
				"north": {"uv": [-0.5, 7, -0.5, 7.5], "texture": "#1"},
				"east": {"uv": [0, 0, 0.5, 0.5], "texture": "#1"},
				"south": {"uv": [1.5, 7, 1.5, 7.5], "texture": "#1"},
				"west": {"uv": [0, 0, 0.5, 0.5], "texture": "#1"},
				"up": {"uv": [1.5, 6.5, 2, 6.5], "rotation": 90, "texture": "#1"},
				"down": {"uv": [-0.5, 4.5, 0, 4.5], "rotation": 270, "texture": "#1"}
			}
		},
		{
			"from": [5.49, 7, 11],
			"to": [5.49, 8, 12],
			"rotation": {"angle": 0, "axis": "y", "origin": [7, 6.5, 11.5]},
			"faces": {
				"north": {"uv": [-0.5, 7, -0.5, 7.5], "texture": "#1"},
				"east": {"uv": [0, 0, 0.5, 0.5], "texture": "#1"},
				"south": {"uv": [1.5, 7, 1.5, 7.5], "texture": "#1"},
				"west": {"uv": [0, 0, 0.5, 0.5], "texture": "#1"},
				"up": {"uv": [1.5, 6.5, 2, 6.5], "rotation": 270, "texture": "#1"},
				"down": {"uv": [-0.5, 4.5, 0, 4.5], "rotation": 90, "texture": "#1"}
			}
		},
		{
			"from": [5.5, 5, 8],
			"to": [10.5, 10, 13],
			"rotation": {"angle": 0, "axis": "y", "origin": [8, 8, 11]},
			"faces": {
				"north": {"uv": [2.5, 0, 5, 2.5], "texture": "#0"},
				"east": {"uv": [2.5, 2.5, 5, 5], "texture": "#0"},
				"south": {"uv": [0, 2.5, 2.5, 5], "texture": "#0"},
				"west": {"uv": [5, 2.5, 2.5, 5], "texture": "#0"},
				"up": {"uv": [2.5, 2.5, 0, 0], "rotation": 180, "texture": "#0"},
				"down": {"uv": [2.5, 7.5, 0, 5], "rotation": 180, "texture": "#0"}
			}
		},
		{
			"from": [6.5, 10, 6],
			"to": [6.5, 11, 10],
			"rotation": {"angle": 22.5, "axis": "y", "origin": [6.5, 10, 10]},
			"faces": {
				"north": {"uv": [2.5, 0, 2.5, 0.5], "texture": "#0"},
				"east": {"uv": [12.5, 0, 14.5, 0.5], "texture": "#0"},
				"south": {"uv": [0, 2.5, 0, 3], "texture": "#0"},
				"west": {"uv": [14.5, 0, 12.5, 0.5], "texture": "#0"},
				"up": {"uv": [0, 2, 0, 0], "rotation": 180, "texture": "#0"},
				"down": {"uv": [0, 7, 0, 5], "rotation": 180, "texture": "#0"}
			}
		},
		{
			"from": [6.5, 11, 6],
			"to": [6.5, 13, 7],
			"rotation": {"angle": 22.5, "axis": "y", "origin": [6.5, 10, 10]},
			"faces": {
				"north": {"uv": [2.5, 0, 2.5, 1], "texture": "#0"},
				"east": {"uv": [12.5, 0.5, 13, 1.5], "texture": "#0"},
				"south": {"uv": [0, 2.5, 0, 3.5], "texture": "#0"},
				"west": {"uv": [13, 0.5, 12.5, 1.5], "texture": "#0"},
				"up": {"uv": [0, 0.5, 0, 0], "rotation": 180, "texture": "#0"},
				"down": {"uv": [0, 5.5, 0, 5], "rotation": 180, "texture": "#0"}
			}
		},
		{
			"from": [6.5, 11, 8],
			"to": [6.5, 12, 9],
			"rotation": {"angle": 22.5, "axis": "y", "origin": [6.5, 10, 10]},
			"faces": {
				"north": {"uv": [2.5, 0, 2.5, 0.5], "texture": "#0"},
				"east": {"uv": [13, 0.5, 13.5, 1], "texture": "#0"},
				"south": {"uv": [0, 2.5, 0, 3], "texture": "#0"},
				"west": {"uv": [13.5, 0.5, 13, 1], "texture": "#0"},
				"up": {"uv": [0, 0.5, 0, 0], "rotation": 180, "texture": "#0"},
				"down": {"uv": [0, 5.5, 0, 5], "rotation": 180, "texture": "#0"}
			}
		},
		{
			"from": [3.5, 7.825, 9],
			"to": [5.5, 9.825, 10],
			"rotation": {"angle": -22.5, "axis": "z", "origin": [5.5, 7.825, 9.5]},
			"faces": {
				"north": {"uv": [9, 1, 10, 2], "texture": "#0"},
				"east": {"uv": [11, 1, 11.5, 2], "texture": "#0"},
				"south": {"uv": [10, 1, 11, 2], "texture": "#0"},
				"west": {"uv": [11.5, 1, 11, 2], "texture": "#0"},
				"up": {"uv": [12.5, 2, 11.5, 1.5], "rotation": 180, "texture": "#0"},
				"down": {"uv": [12.5, 1.5, 11.5, 1], "rotation": 180, "texture": "#0"}
			}
		},
		{
			"from": [10.5, 7.825, 9],
			"to": [12.5, 9.825, 10],
			"rotation": {"angle": 22.5, "axis": "z", "origin": [10.5, 7.825, 9.5]},
			"faces": {
				"north": {"uv": [10, 1, 9, 2], "texture": "#0"},
				"east": {"uv": [11, 1, 11.5, 2], "texture": "#0"},
				"south": {"uv": [11, 1, 10, 2], "texture": "#0"},
				"west": {"uv": [11.5, 1, 11, 2], "texture": "#0"},
				"up": {"uv": [11.5, 2, 12.5, 1.5], "rotation": 180, "texture": "#0"},
				"down": {"uv": [11.5, 1.5, 12.5, 1], "rotation": 180, "texture": "#0"}
			}
		},
		{
			"from": [9.5, 10, 6],
			"to": [9.5, 11, 10],
			"rotation": {"angle": -22.5, "axis": "y", "origin": [9.5, 10, 10]},
			"faces": {
				"north": {"uv": [2.5, 0, 2.5, 0.5], "texture": "#0"},
				"east": {"uv": [12.5, 0, 14.5, 0.5], "texture": "#0"},
				"south": {"uv": [0, 2.5, 0, 3], "texture": "#0"},
				"west": {"uv": [14.5, 0, 12.5, 0.5], "texture": "#0"},
				"up": {"uv": [0, 2, 0, 0], "rotation": 180, "texture": "#0"},
				"down": {"uv": [0, 7, 0, 5], "rotation": 180, "texture": "#0"}
			}
		},
		{
			"from": [9.5, 11, 8],
			"to": [9.5, 12, 9],
			"rotation": {"angle": -22.5, "axis": "y", "origin": [9.5, 10, 10]},
			"faces": {
				"north": {"uv": [2.5, 0, 2.5, 0.5], "texture": "#0"},
				"east": {"uv": [13, 0.5, 13.5, 1], "texture": "#0"},
				"south": {"uv": [0, 2.5, 0, 3], "texture": "#0"},
				"west": {"uv": [13.5, 0.5, 13, 1], "texture": "#0"},
				"up": {"uv": [0, 0.5, 0, 0], "rotation": 180, "texture": "#0"},
				"down": {"uv": [0, 5.5, 0, 5], "rotation": 180, "texture": "#0"}
			}
		},
		{
			"from": [9.5, 11, 6],
			"to": [9.5, 13, 7],
			"rotation": {"angle": -22.5, "axis": "y", "origin": [9.5, 10, 10]},
			"faces": {
				"north": {"uv": [2.5, 0, 2.5, 1], "texture": "#0"},
				"east": {"uv": [12.5, 0.5, 13, 1.5], "texture": "#0"},
				"south": {"uv": [0, 2.5, 0, 3.5], "texture": "#0"},
				"west": {"uv": [13, 0.5, 12.5, 1.5], "texture": "#0"},
				"up": {"uv": [0, 0.5, 0, 0], "rotation": 180, "texture": "#0"},
				"down": {"uv": [0, 5.5, 0, 5], "rotation": 180, "texture": "#0"}
			}
		},
		{
			"from": [6, 2, 5],
			"to": [10, 5, 11],
			"rotation": {"angle": 0, "axis": "x", "origin": [8, 3, 8]},
			"faces": {
				"north": {"uv": [7, 0, 9, 1.5], "texture": "#0"},
				"east": {"uv": [8, 6, 5, 4.5], "rotation": 180, "texture": "#0"},
				"south": {"uv": [5, 0, 7, 1.5], "texture": "#0"},
				"west": {"uv": [5, 6, 8, 4.5], "rotation": 180, "texture": "#0"},
				"up": {"uv": [5, 1.5, 7, 4.5], "rotation": 180, "texture": "#0"},
				"down": {"uv": [9, 4.5, 7, 1.5], "rotation": 180, "texture": "#0"}
			}
		},
		{
			"from": [6, 0, 5],
			"to": [10, 2, 7],
			"rotation": {"angle": 0, "axis": "x", "origin": [8, 0, 4]},
			"faces": {
				"north": {"uv": [0, 7.5, 2, 8.5], "texture": "#0"},
				"east": {"uv": [3, 8.5, 2, 7.5], "rotation": 180, "texture": "#0"},
				"south": {"uv": [0, 10.5, 2, 11.5], "texture": "#0"},
				"west": {"uv": [2, 8.5, 3, 7.5], "rotation": 180, "texture": "#0"},
				"up": {"uv": [0, 8.5, 2, 9.5], "rotation": 180, "texture": "#0"},
				"down": {"uv": [2, 10.5, 0, 9.5], "rotation": 180, "texture": "#0"}
			}
		},
		{
			"from": [6, 0, 9],
			"to": [10, 2, 11],
			"rotation": {"angle": 0, "axis": "x", "origin": [8, 0, 8]},
			"faces": {
				"north": {"uv": [0, 10.5, 2, 11.5], "texture": "#0"},
				"east": {"uv": [3, 8.5, 2, 7.5], "rotation": 180, "texture": "#0"},
				"south": {"uv": [0, 7.5, 2, 8.5], "texture": "#0"},
				"west": {"uv": [2, 8.5, 3, 7.5], "rotation": 180, "texture": "#0"},
				"up": {"uv": [0, 8.5, 2, 9.5], "rotation": 180, "texture": "#0"},
				"down": {"uv": [2, 10.5, 0, 9.5], "rotation": 180, "texture": "#0"}
			}
		},
		{
			"from": [7, 4, 4],
			"to": [9, 6, 5],
			"rotation": {"angle": 0, "axis": "x", "origin": [8, 4, 4]},
			"faces": {
				"north": {"uv": [9, 5.5, 10, 6.5], "texture": "#0"},
				"east": {"uv": [9.5, 5.5, 9, 4.5], "rotation": 180, "texture": "#0"},
				"south": {"uv": [8, 4.5, 9, 5.5], "texture": "#0"},
				"west": {"uv": [9, 5.5, 9.5, 4.5], "rotation": 180, "texture": "#0"},
				"up": {"uv": [8, 6, 9, 6.5], "rotation": 180, "texture": "#0"},
				"down": {"uv": [9, 6, 8, 5.5], "rotation": 180, "texture": "#0"}
			}
		},
		{
			"from": [6.5, 5, 13],
			"to": [9.5, 7, 14],
			"rotation": {"angle": 0, "axis": "x", "origin": [8, 6, 11]},
			"faces": {
				"north": {"uv": [9, 0, 10.5, 1], "texture": "#0"},
				"east": {"uv": [11, 1, 10.5, 0], "rotation": 180, "texture": "#0"},
				"south": {"uv": [9, 0, 10.5, 1], "texture": "#0"},
				"west": {"uv": [10.5, 1, 11, 0], "rotation": 180, "texture": "#0"},
				"up": {"uv": [11, 0.5, 12.5, 1], "rotation": 180, "texture": "#0"},
				"down": {"uv": [12.5, 0.5, 11, 0], "rotation": 180, "texture": "#0"}
			}
		}
	],
	"display": {
		"thirdperson_righthand": {
			"rotation": [75, -135, 0],
			"translation": [0, 2.75, 2.5],
			"scale": [0.31, 0.31, 0.31]
		},
		"thirdperson_lefthand": {
			"rotation": [75, 135, 0],
			"translation": [0, 2.75, 2.5],
			"scale": [0.31, 0.31, 0.31]
		},
		"firstperson_righthand": {
			"rotation": [0, -135, 0],
			"translation": [0, 2, 0],
			"scale": [0.4, 0.4, 0.4]
		},
		"firstperson_lefthand": {
			"rotation": [0, -135, 0],
			"translation": [0, 2, 0],
			"scale": [0.4, 0.4, 0.4]
		},
		"ground": {
			"rotation": [0, 180, 0],
			"translation": [0, 5, 0]
		},
		"gui": {
			"rotation": [0, 51.5, 0],
			"translation": [5.5, 27, 0]
		},
		"head": {
			"rotation": [0, 180, 0],
			"translation": [0, 8, 0],
			"scale": [1.6, 1.6, 1.6]
		},
		"fixed": {
			"rotation": [-90, 180, 0],
			"translation": [0, 0, -16],
			"scale": [2, 2, 2]
		}
	}
}