{
	"credit": "Made with Blockbench",
	"texture_size": [8, 8],
	"textures": {
		"1": "custom/pet/eye",
		"2": "custom/pet/frog",
		"particle": "custom/pet/frog"
	},
	"elements": [
		{
			"from": [6, 0.025, 6.5],
			"to": [10, 3.025, 10.5],
			"rotation": {"angle": 0, "axis": "x", "origin": [8, 3.525, 8.5]},
			"faces": {
				"north": {"uv": [0, 11, 4, 14], "texture": "#2"},
				"east": {"uv": [4, 4, 0, 7], "texture": "#2"},
				"south": {"uv": [4, 0, 8, 3], "texture": "#2"},
				"west": {"uv": [0, 4, 4, 7], "texture": "#2"},
				"up": {"uv": [0, 4, 4, 0], "rotation": 180, "texture": "#2"},
				"down": {"uv": [0, 7, 4, 11], "rotation": 180, "texture": "#2"}
			}
		},
		{
			"from": [5, 0.025, 5.5],
			"to": [7.5, 2.025, 8.5],
			"rotation": {"angle": 0, "axis": "x", "origin": [9, 3.525, 7.5]},
			"faces": {
				"north": {"uv": [9.5, 11, 12, 13], "texture": "#2"},
				"east": {"uv": [6, 14, 3, 16], "texture": "#2"},
				"south": {"uv": [6, 11, 8.5, 13], "texture": "#2"},
				"west": {"uv": [0, 14, 3, 16], "texture": "#2"},
				"up": {"uv": [9.5, 16, 12, 13], "rotation": 180, "texture": "#2"},
				"down": {"uv": [6.5, 13, 9, 16], "rotation": 180, "texture": "#2"}
			}
		},
		{
			"from": [4, 0, 6.5],
			"to": [6, 0, 9.5],
			"rotation": {"angle": -22.5, "axis": "y", "origin": [6, 0, 8.5]},
			"faces": {
				"north": {"uv": [14, 10, 16, 10], "texture": "#2"},
				"east": {"uv": [16, 4, 13, 4], "texture": "#2"},
				"south": {"uv": [14, 10, 16, 10], "texture": "#2"},
				"west": {"uv": [13, 4, 16, 4], "texture": "#2"},
				"up": {"uv": [4, 14, 6, 11], "rotation": 180, "texture": "#2"},
				"down": {"uv": [4, 11, 6, 14], "rotation": 180, "texture": "#2"}
			}
		},
		{
			"from": [5, 0, 9.5],
			"to": [7, 0, 11.5],
			"rotation": {"angle": 0, "axis": "y", "origin": [7, 0, 10.5]},
			"faces": {
				"north": {"uv": [14, 10, 16, 10], "texture": "#2"},
				"east": {"uv": [16, 4, 14, 4], "texture": "#2"},
				"south": {"uv": [14, 10, 16, 10], "texture": "#2"},
				"west": {"uv": [14, 4, 16, 4], "texture": "#2"},
				"up": {"uv": [4, 11, 6, 9], "rotation": 180, "texture": "#2"},
				"down": {"uv": [4, 9, 6, 11], "rotation": 180, "texture": "#2"}
			}
		},
		{
			"from": [6, 3.025, 6.5],
			"to": [10, 4.025, 10.5],
			"rotation": {"angle": -22.5, "axis": "x", "origin": [8, 3.025, 6.505]},
			"faces": {
				"north": {"uv": [8, 5, 12, 6], "texture": "#2"},
				"east": {"uv": [16, 4, 12, 5], "texture": "#2"},
				"south": {"uv": [8, 4, 12, 5], "texture": "#2"},
				"west": {"uv": [12, 4, 16, 5], "texture": "#2"},
				"up": {"uv": [12, 4, 16, 0], "rotation": 180, "texture": "#2"},
				"down": {"uv": [8, 0, 12, 4], "rotation": 180, "texture": "#2"}
			}
		},
		{
			"from": [8.5, 4.025, 8.5],
			"to": [10, 5.025, 9.5],
			"rotation": {"angle": -22.5, "axis": "x", "origin": [8, 3.025, 6.505]},
			"faces": {
				"north": {"uv": [4, 4, 5.5, 5], "texture": "#2"},
				"east": {"uv": [5, 8, 4, 9], "texture": "#2"},
				"south": {"uv": [5.5, 3, 4, 4], "texture": "#2"},
				"west": {"uv": [4, 7, 5, 8], "texture": "#2"},
				"up": {"uv": [4, 6, 5.5, 5], "rotation": 180, "texture": "#2"},
				"down": {"uv": [4, 6, 5.5, 7], "rotation": 180, "texture": "#2"}
			}
		},
		{
			"from": [9, 4.025, 9.51],
			"to": [10, 5.025, 9.51],
			"rotation": {"angle": -22.5, "axis": "x", "origin": [8, 3.025, 6.505]},
			"faces": {
				"north": {"uv": [0, 0, 16, 16], "texture": "#1"},
				"east": {"uv": [0, 0, 0, 2], "texture": "#1"},
				"south": {"uv": [0, 0, 16, 16], "texture": "#1"},
				"west": {"uv": [0, 0, 0, 2], "texture": "#1"},
				"up": {"uv": [0, 0, 2, 0], "rotation": 180, "texture": "#1"},
				"down": {"uv": [0, 0, 2, 0], "rotation": 180, "texture": "#1"}
			}
		},
		{
			"from": [6, 4.025, 9.51],
			"to": [7, 5.025, 9.51],
			"rotation": {"angle": -22.5, "axis": "x", "origin": [8, 3.025, 6.505]},
			"faces": {
				"north": {"uv": [16, 0, 0, 16], "texture": "#1"},
				"east": {"uv": [0, 0, 0, 2], "texture": "#1"},
				"south": {"uv": [16, 0, 0, 16], "texture": "#1"},
				"west": {"uv": [0, 0, 0, 2], "texture": "#1"},
				"up": {"uv": [0, 0, 2, 0], "rotation": 180, "texture": "#1"},
				"down": {"uv": [0, 0, 2, 0], "rotation": 180, "texture": "#1"}
			}
		},
		{
			"from": [6, 4.025, 8.5],
			"to": [7.5, 5.025, 9.5],
			"rotation": {"angle": -22.5, "axis": "x", "origin": [8, 3.025, 6.505]},
			"faces": {
				"north": {"uv": [5.5, 4, 4, 5], "texture": "#2"},
				"east": {"uv": [5, 7, 4, 8], "texture": "#2"},
				"south": {"uv": [4, 3, 5.5, 4], "texture": "#2"},
				"west": {"uv": [4, 8, 5, 9], "texture": "#2"},
				"up": {"uv": [5.5, 6, 4, 5], "rotation": 180, "texture": "#2"},
				"down": {"uv": [5.5, 6, 4, 7], "rotation": 180, "texture": "#2"}
			}
		},
		{
			"from": [9, 0, 9.5],
			"to": [11, 0, 11.5],
			"rotation": {"angle": 0, "axis": "y", "origin": [9, 0, 10.5]},
			"faces": {
				"north": {"uv": [16, 10, 14, 10], "texture": "#2"},
				"east": {"uv": [16, 4, 14, 4], "texture": "#2"},
				"south": {"uv": [16, 10, 14, 10], "texture": "#2"},
				"west": {"uv": [14, 4, 16, 4], "texture": "#2"},
				"up": {"uv": [6, 11, 4, 9], "rotation": 180, "texture": "#2"},
				"down": {"uv": [6, 9, 4, 11], "rotation": 180, "texture": "#2"}
			}
		},
		{
			"from": [10, 0, 6.5],
			"to": [12, 0, 9.5],
			"rotation": {"angle": 22.5, "axis": "y", "origin": [10, 0, 8.5]},
			"faces": {
				"north": {"uv": [16, 10, 14, 10], "texture": "#2"},
				"east": {"uv": [16, 4, 13, 4], "texture": "#2"},
				"south": {"uv": [16, 10, 14, 10], "texture": "#2"},
				"west": {"uv": [13, 4, 16, 4], "texture": "#2"},
				"up": {"uv": [6, 14, 4, 11], "rotation": 180, "texture": "#2"},
				"down": {"uv": [6, 11, 4, 14], "rotation": 180, "texture": "#2"}
			}
		},
		{
			"from": [8.5, 0.025, 5.5],
			"to": [11, 2.025, 8.5],
			"rotation": {"angle": 0, "axis": "x", "origin": [7, 3.525, 7.5]},
			"faces": {
				"north": {"uv": [12, 11, 9.5, 13], "texture": "#2"},
				"east": {"uv": [3, 14, 0, 16], "texture": "#2"},
				"south": {"uv": [8.5, 11, 6, 13], "texture": "#2"},
				"west": {"uv": [3, 14, 6, 16], "texture": "#2"},
				"up": {"uv": [12, 16, 9.5, 13], "rotation": 180, "texture": "#2"},
				"down": {"uv": [9, 13, 6.5, 16], "rotation": 180, "texture": "#2"}
			}
		}
	],
	"display": {
		"thirdperson_righthand": {
			"rotation": [75, -135, 0],
			"translation": [0, 2.75, 2.5],
			"scale": [0.31, 0.31, 0.31]
		},
		"thirdperson_lefthand": {
			"rotation": [75, 135, 0],
			"translation": [0, 2.75, 2.5],
			"scale": [0.31, 0.31, 0.31]
		},
		"firstperson_righthand": {
			"rotation": [0, -135, 0],
			"translation": [0, 2, 0],
			"scale": [0.4, 0.4, 0.4]
		},
		"firstperson_lefthand": {
			"rotation": [0, -135, 0],
			"translation": [0, 2, 0],
			"scale": [0.4, 0.4, 0.4]
		},
		"ground": {
			"rotation": [0, 180, 0],
			"translation": [0, 5, 0]
		},
		"gui": {
			"rotation": [0, 51.5, 0],
			"translation": [6.8, 27, 0]
		},
		"head": {
			"rotation": [0, 180, 0],
			"translation": [0, 8, 0],
			"scale": [1.6, 1.6, 1.6]
		},
		"fixed": {
			"rotation": [-90, 180, 0],
			"translation": [0, 0, -16],
			"scale": [2, 2, 2]
		}
	}
}