{
	"hand_animation_on_swap": true,
	"oversized_in_gui": true,
	"model": {
		"property": "custom_model_data",
		"scale": 1.0,
		"type": "minecraft:range_dispatch",
		"fallback": {
			"type": "model",
			"model": "item/beetroot"
		},
		"entries": [
			{"threshold": 1, "model": {"type": "model", "model": "block/custom/napoleon_hat"}},
			{"threshold": 2, "model": {"type": "model", "model": "block/custom/napoleon_stick"}},
			{"threshold": 3, "model": {"type": "model", "model": "block/custom/bunny_ears"}},
			{"threshold": 4, "model": {"type": "model", "model": "block/custom/hive/bublets_1"}},
			{"threshold": 5, "model": {"type": "model", "model": "block/custom/hive/bublets_2"}},
			{"threshold": 6, "model": {"type": "model", "model": "block/custom/hive/moss_r_hand"}},
			{"threshold": 7, "model": {"type": "model", "model": "block/custom/hive/moss_l_hand"}},
			{"threshold": 8, "model": {"type": "model", "model": "block/custom/hive/moss_head"}},
			{"threshold": 9, "model": {"type": "model", "model": "block/custom/astronaut_helmet"}}
		]
	}
}