{
	"hand_animation_on_swap": true,
	"oversized_in_gui": true,
	"model": {
		"property": "custom_model_data",
		"scale": 1.0,
		"type": "minecraft:range_dispatch",
		"fallback": {
			"type": "model",
			"model": "item/egg"
		},
		"entries": [
			{"threshold": 1, "model": {"type": "model", "model": "item/key_voting"}},
			{"threshold": 2, "model": {"type": "model", "model": "item/key_mining"}},
			{"threshold": 3, "model": {"type": "model", "model": "item/key_hunting"}},
			{"threshold": 4, "model": {"type": "model", "model": "item/key_legendary"}},
			{"threshold": 5, "model": {"type": "model", "model": "item/goodie_bag"}},
			{"threshold": 6, "model": {"type": "model", "model": "item/gemstone"}},
			{"threshold": 7, "model": {"type": "model", "model": "item/jar_of_gems"}},
			{"threshold": 8, "model": {"type": "model", "model": "item/moonstone"}},
			{"threshold": 9, "model": {"type": "model", "model": "item/ocelot_leather"}},
			{"threshold": 10, "model": {"type": "model", "model": "item/parrot_feather"}},
			{"threshold": 11, "model": {"type": "model", "model": "item/fox_tail"}},
			{"threshold": 12, "model": {"type": "model", "model": "item/snow_fox_tail"}},
			{"threshold": 13, "model": {"type": "model", "model": "item/bat_wing"}},
			{"threshold": 14, "model": {"type": "model", "model": "item/polar_bear_fur"}},
			{"threshold": 15, "model": {"type": "model", "model": "item/rose_quartz"}},
			{"threshold": 16, "model": {"type": "model", "model": "item/dynamite"}},
			{"threshold": 17, "model": {"type": "model", "model": "item/hive_tablet"}},
			{"threshold": 18, "model": {"type": "model", "model": "item/geode"}},
			{"threshold": 19, "model": {"type": "model", "model": "item/blueprint_pickaxe"}},
			{"threshold": 20, "model": {"type": "model", "model": "item/spider_fang"}},
			{"threshold": 21, "model": {"type": "model", "model": "item/llama_wool"}},
			{"threshold": 22, "model": {"type": "model", "model": "item/fish/speed_bait"}},
			{"threshold": 23, "model": {"type": "model", "model": "item/fish/glow_bait"}},
			{"threshold": 24, "model": {"type": "model", "model": "item/fish/luxury_bait"}},
			{"threshold": 25, "model": {"type": "model", "model": "item/fish/titan_bait"}},
			{"threshold": 26, "model": {"type": "model", "model": "item/oil"}},
			{"threshold": 27, "model": {"type": "model", "model": "item/axolotl_gill"}},
			{"threshold": 28, "model": {"type": "model", "model": "item/bee_fuzz"}},
			{"threshold": 29, "model": {"type": "model", "model": "item/goat_horn"}},
			{"threshold": 30, "model": {"type": "model", "model": "item/mendingapple_perk"}},
			{"threshold": 31, "model": {"type": "model", "model": "item/banknote"}},
			{"threshold": 32, "model": {"type": "model", "model": "item/gem_bundle"}},
			{"threshold": 33, "model": {"type": "model", "model": "item/moonstone_bundle"}},
			{"threshold": 34, "model": {"type": "model", "model": "item/exotic_shard_bundle"}},
			{"threshold": 35, "model": {"type": "model", "model": "item/coin"}},
			{"threshold": 36, "model": {"type": "model", "model": "item/fly_perk"}},
			{"threshold": 37, "model": {"type": "model", "model": "item/gilded_pass_1"}},
			{"threshold": 38, "model": {"type": "model", "model": "item/gilded_pass_2"}},
			{"threshold": 39, "model": {"type": "model", "model": "item/key_fishing"}},
			{"threshold": 40, "model": {"type": "model", "model": "item/key_farming"}},
			{"threshold": 41, "model": {"type": "model", "model": "item/blueprint_sword"}},
			{"threshold": 42, "model": {"type": "model", "model": "item/ametrine"}},
			{"threshold": 43, "model": {"type": "model", "model": "item/exotic_shard"}},
			{"threshold": 44, "model": {"type": "model", "model": "item/gleam_leather"}},
			{"threshold": 45, "model": {"type": "model", "model": "item/blueprint_rod"}},
			{"threshold": 46, "model": {"type": "model", "model": "item/blueprint_scythe"}},
			{"threshold": 47, "model": {"type": "model", "model": "item/money_bundle"}},
			{"threshold": 48, "model": {"type": "model", "model": "item/sunstone_dust"}},
			{"threshold": 49, "model": {"type": "model", "model": "item/sunstone_nugget"}},
			{"threshold": 50, "model": {"type": "model", "model": "item/sunstone_fragment"}},
			{"threshold": 51, "model": {"type": "model", "model": "item/sunstone"}},
			{"threshold": 52, "model": {"type": "model", "model": "item/super_sunstone"}},
			{"threshold": 53, "model": {"type": "model", "model": "item/massive_sunstone"}},
			{"threshold": 54, "model": {"type": "model", "model": "item/ultra_sunstone"}},
			{"threshold": 55, "model": {"type": "model", "model": "item/monstrous_sunstone"}},
			{"threshold": 56, "model": {"type": "model", "model": "item/omega_sunstone"}},
			{"threshold": 57, "model": {"type": "model", "model": "item/apex_sunstone"}},
			{"threshold": 58, "model": {"type": "model", "model": "item/tomato"}},
			{"threshold": 59, "model": {"type": "model", "model": "item/corn"}},
			{"threshold": 60, "model": {"type": "model", "model": "item/lavender"}},
			{"threshold": 61, "model": {"type": "model", "model": "item/pineapple"}},
			{"threshold": 62, "model": {"type": "model", "model": "item/grapes"}},
			{"threshold": 63, "model": {"type": "model", "model": "item/moon_flower"}},
			{"threshold": 64, "model": {"type": "model", "model": "item/wheat_seeds_"}},
			{"threshold": 65, "model": {"type": "model", "model": "item/carrot_seeds"}},
			{"threshold": 66, "model": {"type": "model", "model": "item/tomato_seeds"}},
			{"threshold": 67, "model": {"type": "model", "model": "item/corn_seeds"}},
			{"threshold": 68, "model": {"type": "model", "model": "item/lavender_seeds"}},
			{"threshold": 69, "model": {"type": "model", "model": "item/pineapple_seeds"}},
			{"threshold": 70, "model": {"type": "model", "model": "item/grape_seeds"}},
			{"threshold": 71, "model": {"type": "model", "model": "item/bread_seeds"}},
			{"threshold": 72, "model": {"type": "model", "model": "item/diamond_seeds"}},
			{"threshold": 73, "model": {"type": "model", "model": "item/moonflower_seeds"}},
			{"threshold": 74, "model": {"type": "model", "model": "item/watering_can_0"}},
			{"threshold": 75, "model": {"type": "model", "model": "item/watering_can_1"}},
			{"threshold": 76, "model": {"type": "model", "model": "item/watering_can_2"}},
			{"threshold": 77, "model": {"type": "model", "model": "item/watering_can_3"}},
			{"threshold": 78, "model": {"type": "model", "model": "item/watering_can_4"}},
			{"threshold": 79, "model": {"type": "model", "model": "item/watering_can_5"}},
			{"threshold": 80, "model": {"type": "model", "model": "item/watering_can_6"}},
			{"threshold": 81, "model": {"type": "model", "model": "item/watering_can_7"}},
			{"threshold": 82, "model": {"type": "model", "model": "item/watering_can_8"}},
			{"threshold": 83, "model": {"type": "model", "model": "item/watering_can_9"}},
			{"threshold": 84, "model": {"type": "model", "model": "item/watering_can_10"}},
			{"threshold": 85, "model": {"type": "model", "model": "item/termite_feelers"}},
			{"threshold": 86, "model": {"type": "model", "model": "item/gold_wheat"}},
			{"threshold": 87, "model": {"type": "model", "model": "item/gold_carrot"}},
			{"threshold": 88, "model": {"type": "model", "model": "item/gold_tomato"}},
			{"threshold": 89, "model": {"type": "model", "model": "item/gold_corn"}},
			{"threshold": 90, "model": {"type": "model", "model": "item/gold_lavender"}},
			{"threshold": 91, "model": {"type": "model", "model": "item/gold_pineapple"}},
			{"threshold": 92, "model": {"type": "model", "model": "item/gold_grapes"}},
			{"threshold": 93, "model": {"type": "model", "model": "item/gold_bread"}},
			{"threshold": 94, "model": {"type": "model", "model": "item/gold_diamond"}},
			{"threshold": 95, "model": {"type": "model", "model": "item/gold_moonflower"}},
			{"threshold": 96, "model": {"type": "model", "model": "item/stalker_soul"}},
			{"threshold": 97, "model": {"type": "model", "model": "item/trapped_soul"}},
			{"threshold": 98, "model": {"type": "model", "model": "item/toxic_sac"}},
			{"threshold": 99, "model": {"type": "model", "model": "item/ancient_pearl"}},
			{"threshold": 100, "model": {"type": "model", "model": "item/radiant_chain"}},
			{"threshold": 101, "model": {"type": "model", "model": "item/spinner_stone"}},
			{"threshold": 102, "model": {"type": "model", "model": "item/storm_stone"}},
			{"threshold": 103, "model": {"type": "model", "model": "item/jungle_eye"}},
			{"threshold": 104, "model": {"type": "model", "model": "item/lava_eye"}},
			{"threshold": 105, "model": {"type": "model", "model": "item/super_sapling"}},
			{"threshold": 106, "model": {"type": "model", "model": "item/candy"}},
			{"threshold": 107, "model": {"type": "model", "model": "item/blueprint2_pickaxe"}},
			{"threshold": 108, "model": {"type": "model", "model": "item/blueprint2_sword"}},
			{"threshold": 109, "model": {"type": "model", "model": "item/blueprint2_rod"}},
			{"threshold": 110, "model": {"type": "model", "model": "item/blueprint2_scythe"}},
			{"threshold": 111, "model": {"type": "model", "model": "item/jar_of_moonstones"}},
			{"threshold": 112, "model": {"type": "model", "model": "item/jar_of_exotic_shards"}},
			{"threshold": 113, "model": {"type": "model", "model": "item/giant_geode"}},
			{"threshold": 114, "model": {"type": "model", "model": "item/sunstone_bundle"}},
			{"threshold": 115, "model": {"type": "model", "model": "block/custom/box_daily"}},
			{"threshold": 116, "model": {"type": "model", "model": "block/custom/box_weekly"}},
			{"threshold": 117, "model": {"type": "model", "model": "block/custom/box_monthly"}},
			{"threshold": 118, "model": {"type": "model", "model": "item/upgraderelic_miner"}},
			{"threshold": 119, "model": {"type": "model", "model": "item/upgraderelic_hunter"}},
			{"threshold": 120, "model": {"type": "model", "model": "item/upgraderelic_fisher"}},
			{"threshold": 121, "model": {"type": "model", "model": "item/upgraderelic_farmer"}},
			{"threshold": 200, "model": {"type": "model", "model": "item/fish/goldfish"}},
			{"threshold": 201, "model": {"type": "model", "model": "item/fish/sea_urchin"}},
			{"threshold": 202, "model": {"type": "model", "model": "item/fish/stonefish"}},
			{"threshold": 203, "model": {"type": "model", "model": "item/fish/eel"}},
			{"threshold": 204, "model": {"type": "model", "model": "item/fish/water_snake"}},
			{"threshold": 205, "model": {"type": "model", "model": "item/fish/big_tuna"}},
			{"threshold": 206, "model": {"type": "model", "model": "item/fish/glimmer"}},
			{"threshold": 207, "model": {"type": "model", "model": "item/fish/starfish"}},
			{"threshold": 208, "model": {"type": "model", "model": "item/fish/rainbow_snapper"}},
			{"threshold": 209, "model": {"type": "model", "model": "item/fish/seahorse"}},
			{"threshold": 210, "model": {"type": "model", "model": "item/fish/sunfish"}},
			{"threshold": 211, "model": {"type": "model", "model": "item/fish/emerald_pike"}},
			{"threshold": 212, "model": {"type": "model", "model": "item/fish/shrimp"}},
			{"threshold": 213, "model": {"type": "model", "model": "item/fish/isopod"}},
			{"threshold": 214, "model": {"type": "model", "model": "item/fish/jellyfish"}},
			{"threshold": 215, "model": {"type": "model", "model": "item/fish/octopus"}},
			{"threshold": 216, "model": {"type": "model", "model": "item/fish/anglerfish"}},
			{"threshold": 217, "model": {"type": "model", "model": "item/fish/king_crab"}},
			{"threshold": 218, "model": {"type": "model", "model": "item/fish/flying_fish"}},
			{"threshold": 219, "model": {"type": "model", "model": "item/fish/pufferfish"}},
			{"threshold": 220, "model": {"type": "model", "model": "item/fish/zebra_fin"}},
			{"threshold": 221, "model": {"type": "model", "model": "item/fish/ray"}},
			{"threshold": 222, "model": {"type": "model", "model": "item/fish/belly_glider"}},
			{"threshold": 223, "model": {"type": "model", "model": "item/fish/giant_squid"}},
			{"threshold": 224, "model": {"type": "model", "model": "item/fish/gem_cichlid"}},
			{"threshold": 225, "model": {"type": "model", "model": "item/fish/pillow_starfish"}},
			{"threshold": 226, "model": {"type": "model", "model": "item/fish/gilded_dart"}},
			{"threshold": 227, "model": {"type": "model", "model": "item/fish/rocketfish"}},
			{"threshold": 228, "model": {"type": "model", "model": "item/fish/tigerfish"}},
			{"threshold": 229, "model": {"type": "model", "model": "item/fish/prismatic_ray"}},
			{"threshold": 230, "model": {"type": "model", "model": "item/fish/blobfish"}},
			{"threshold": 231, "model": {"type": "model", "model": "item/fish/lobster"}},
			{"threshold": 232, "model": {"type": "model", "model": "item/fish/sea_nettle"}},
			{"threshold": 233, "model": {"type": "model", "model": "item/fish/night_squid"}},
			{"threshold": 234, "model": {"type": "model", "model": "item/fish/feather_star"}},
			{"threshold": 235, "model": {"type": "model", "model": "item/fish/ghost_shark"}},
			{"threshold": 236, "model": {"type": "model", "model": "item/fish/pipefish"}},
			{"threshold": 237, "model": {"type": "model", "model": "item/fish/piranha"}},
			{"threshold": 238, "model": {"type": "model", "model": "item/fish/sea_cucumber"}},
			{"threshold": 239, "model": {"type": "model", "model": "item/fish/velvet_crab"}},
			{"threshold": 240, "model": {"type": "model", "model": "item/fish/lionfish"}},
			{"threshold": 241, "model": {"type": "model", "model": "item/fish/nebula_swordfish"}},
			{"threshold": 242, "model": {"type": "model", "model": "item/fish/clownfish"}},
			{"threshold": 243, "model": {"type": "model", "model": "item/fish/royal_starfish"}},
			{"threshold": 244, "model": {"type": "model", "model": "item/fish/oyster"}},
			{"threshold": 245, "model": {"type": "model", "model": "item/fish/seadragon"}},
			{"threshold": 246, "model": {"type": "model", "model": "item/fish/moon_flounder"}},
			{"threshold": 247, "model": {"type": "model", "model": "item/fish/supreme_serpent"}},
			{"threshold": 248, "model": {"type": "model", "model": "item/fish/caviar"}},
			{"threshold": 249, "model": {"type": "model", "model": "item/fish/sea_snail"}},
			{"threshold": 250, "model": {"type": "model", "model": "item/fish/glasswing"}},
			{"threshold": 251, "model": {"type": "model", "model": "item/fish/immortal_jellyfish"}},
			{"threshold": 252, "model": {"type": "model", "model": "item/fish/sea_angel"}},
			{"threshold": 253, "model": {"type": "model", "model": "item/fish/apex_bonecrusher"}},
			{"threshold": 300, "model": {"type": "model", "model": "block/custom/airdrop_with_parachute"}},
			{"threshold": 301, "model": {"type": "model", "model": "block/custom/arrow_sign"}},
			{"threshold": 302, "model": {"type": "model", "model": "block/custom/trophy"}},
			{"threshold": 303, "model": {"type": "model", "model": "block/custom/arrow_sign_diagonal"}},
			{"threshold": 305, "model": {"type": "model", "model": "block/custom/cookies1"}},
			{"threshold": 306, "model": {"type": "model", "model": "block/custom/cookies2"}},
			{"threshold": 307, "model": {"type": "model", "model": "block/custom/cookies3"}},
			{"threshold": 308, "model": {"type": "model", "model": "block/custom/cookies4"}},
			{"threshold": 309, "model": {"type": "model", "model": "block/custom/cookies5"}},
			{"threshold": 313, "model": {"type": "model", "model": "block/custom/hologram"}},
			{"threshold": 314, "model": {"type": "model", "model": "block/custom/spotlight"}},
			{"threshold": 315, "model": {"type": "model", "model": "block/custom/cobblestone"}},
			{"threshold": 316, "model": {"type": "model", "model": "block/custom/coal"}},
			{"threshold": 317, "model": {"type": "model", "model": "block/custom/iron_ingot"}},
			{"threshold": 318, "model": {"type": "model", "model": "block/custom/redstone"}},
			{"threshold": 319, "model": {"type": "model", "model": "block/custom/gold_ingot"}},
			{"threshold": 320, "model": {"type": "model", "model": "block/custom/lapis_lazuli"}},
			{"threshold": 321, "model": {"type": "model", "model": "block/custom/emerald"}},
			{"threshold": 322, "model": {"type": "model", "model": "block/custom/diamond"}},
			{"threshold": 323, "model": {"type": "model", "model": "block/custom/rose_quartz"}},
			{"threshold": 324, "model": {"type": "model", "model": "block/custom/mini_mech"}},
			{"threshold": 325, "model": {"type": "model", "model": "block/custom/dungeon_treasure"}},
			{"threshold": 326, "model": {"type": "model", "model": "block/custom/npc_bounties"}},
			{"threshold": 327, "model": {"type": "model", "model": "block/custom/npc_market"}},
			{"threshold": 328, "model": {"type": "model", "model": "block/custom/npc_coinflip"}},
			{"threshold": 329, "model": {"type": "model", "model": "block/custom/npc_kits"}},
			{"threshold": 330, "model": {"type": "model", "model": "block/custom/npc_jobs"}},
			{"threshold": 331, "model": {"type": "model", "model": "block/custom/npc_warps"}},
			{"threshold": 332, "model": {"type": "model", "model": "block/custom/npc_oneblock"}},
			{"threshold": 333, "model": {"type": "model", "model": "block/custom/npc_shop"}},
			{"threshold": 340, "model": {"type": "model", "model": "block/custom/golden_airdrop_with_parachute"}},
			{"threshold": 341, "model": {"type": "model", "model": "block/custom/donator_board1"}},
			{"threshold": 342, "model": {"type": "model", "model": "block/custom/donator_board2"}},
			{"threshold": 343, "model": {"type": "model", "model": "block/custom/donator_board3"}},
			{"threshold": 344, "model": {"type": "model", "model": "block/custom/donator_board4"}},
			{"threshold": 345, "model": {"type": "model", "model": "block/custom/donator_board5"}},
			{"threshold": 346, "model": {"type": "model", "model": "block/custom/donator_board6"}},
			{"threshold": 347, "model": {"type": "model", "model": "block/custom/donator_board7"}},
			{"threshold": 348, "model": {"type": "model", "model": "block/custom/donator_board8"}},
			{"threshold": 349, "model": {"type": "model", "model": "block/custom/donator_board9"}},
			{"threshold": 350, "model": {"type": "model", "model": "block/custom/donator_board10"}},
			{"threshold": 351, "model": {"type": "model", "model": "block/custom/donator_board11"}},
			{"threshold": 352, "model": {"type": "model", "model": "block/custom/socials_board1"}},
			{"threshold": 353, "model": {"type": "model", "model": "block/custom/socials_board2"}},
			{"threshold": 354, "model": {"type": "model", "model": "block/custom/socials_board3"}},
			{"threshold": 355, "model": {"type": "model", "model": "block/custom/socials_board4"}},
			{"threshold": 356, "model": {"type": "model", "model": "block/custom/socials_board5"}},
			{"threshold": 357, "model": {"type": "model", "model": "block/custom/socials_board6"}},
			{"threshold": 358, "model": {"type": "model", "model": "block/custom/socials_board7"}},
			{"threshold": 359, "model": {"type": "model", "model": "block/custom/socials_board8"}},
			{"threshold": 360, "model": {"type": "model", "model": "block/custom/socials_board9"}},
			{"threshold": 361, "model": {"type": "model", "model": "block/custom/socials_board10"}},
			{"threshold": 362, "model": {"type": "model", "model": "block/custom/socials_board11"}},
			{"threshold": 363, "model": {"type": "model", "model": "block/custom/big_logo"}},
			{"threshold": 364, "model": {"type": "model", "model": "block/custom/prisonrank_1"}},
			{"threshold": 365, "model": {"type": "model", "model": "block/custom/prisonrank_2"}},
			{"threshold": 366, "model": {"type": "model", "model": "block/custom/prisonrank_3"}},
			{"threshold": 367, "model": {"type": "model", "model": "block/custom/prisonrank_4"}},
			{"threshold": 368, "model": {"type": "model", "model": "block/custom/prisonrank_5"}},
			{"threshold": 369, "model": {"type": "model", "model": "block/custom/ametrine"}},
			{"threshold": 370, "model": {"type": "model", "model": "block/custom/prison"}},
			{"threshold": 371, "model": {"type": "model", "model": "block/custom/floater"}},
			{"threshold": 1000, "model": {"type": "model", "model": "item/fish/bait_1"}},
			{"threshold": 1001, "model": {"type": "model", "model": "item/fish/bait_2"}},
			{"threshold": 1002, "model": {"type": "model", "model": "item/fish/bait_3"}},
			{"threshold": 1003, "model": {"type": "model", "model": "item/fish/bait_4"}},
			{"threshold": 1004, "model": {"type": "model", "model": "item/fish/bait_5"}},
			{"threshold": 1005, "model": {"type": "model", "model": "item/fish/bait_6"}},
			{"threshold": 1006, "model": {"type": "model", "model": "item/fish/bait_7"}},
			{"threshold": 1007, "model": {"type": "model", "model": "item/fish/bait_8"}},
			{"threshold": 1008, "model": {"type": "model", "model": "item/fish/bait_9"}},
			{"threshold": 1009, "model": {"type": "model", "model": "item/fish/bait_10"}},
			{"threshold": 1010, "model": {"type": "model", "model": "item/fish/bait_11"}},
			{"threshold": 1011, "model": {"type": "model", "model": "item/fish/bait_12"}},
			{"threshold": 1012, "model": {"type": "model", "model": "item/fish/bait_13"}},
			{"threshold": 1013, "model": {"type": "model", "model": "item/fish/bait_14"}},
			{"threshold": 1014, "model": {"type": "model", "model": "item/fish/bait_15"}}
		]
	}
}