{
	"hand_animation_on_swap": true,
	"oversized_in_gui": true,
	"model": {
		"property": "custom_model_data",
		"scale": 1.0,
		"type": "minecraft:range_dispatch",
		"fallback": {
			"type": "model",
			"model": "item/egg"
		},
		"entries": [

			{"threshold": 1, "model": {"type": "model", "model": "block/custom/pet/chick"}},
			{"threshold": 2, "model": {"type": "model", "model": "block/custom/pet/snail"}},
			{"threshold": 3, "model": {"type": "model", "model": "block/custom/pet/bread"}},
			{"threshold": 4, "model": {"type": "model", "model": "block/custom/pet/penguin"}},
			{"threshold": 5, "model": {"type": "model", "model": "block/custom/pet/turtle"}},
			{"threshold": 6, "model": {"type": "model", "model": "block/custom/pet/beaver"}},
			{"threshold": 7, "model": {"type": "model", "model": "block/custom/pet/cat"}},
			{"threshold": 8, "model": {"type": "model", "model": "block/custom/pet/dog"}},
			{"threshold": 9, "model": {"type": "model", "model": "block/custom/pet/red_panda"}},
			{"threshold": 10, "model": {"type": "model", "model": "block/custom/pet/dragon"}},
			{"threshold": 11, "model": {"type": "model", "model": "block/custom/pet/monkey"}},
			{"threshold": 12, "model": {"type": "model", "model": "block/custom/pet/bee"}},
			{"threshold": 13, "model": {"type": "model", "model": "block/custom/pet/frog"}},
			{"threshold": 14, "model": {"type": "model", "model": "block/custom/pet/dinosaur"}},
			{"threshold": 15, "model": {"type": "model", "model": "block/custom/pet/reindeer"}},

			{"threshold": 100, "model": {"type": "model", "model": "block/custom/alien_minion"}},
			{"threshold": 101, "model": {"type": "model", "model": "block/custom/alien_alpha"}},
			{"threshold": 102, "model": {"type": "model", "model": "block/custom/alien_alpha_ravage"}},
			{"threshold": 103, "model": {"type": "model", "model": "block/custom/wave_sound"}},
			{"threshold": 104, "model": {"type": "model", "model": "block/custom/wave_shock"}},
			{"threshold": 105, "model": {"type": "model", "model": "block/custom/wave_ravage"}},
		
			{"threshold": 201, "model": {"type": "model", "model": "item/gui/profile/pet_chick"}},
			{"threshold": 202, "model": {"type": "model", "model": "item/gui/profile/pet_snail"}},
			{"threshold": 203, "model": {"type": "model", "model": "item/gui/profile/pet_bread"}},
			{"threshold": 204, "model": {"type": "model", "model": "item/gui/profile/pet_penguin"}},
			{"threshold": 205, "model": {"type": "model", "model": "item/gui/profile/pet_turtle"}},
			{"threshold": 206, "model": {"type": "model", "model": "item/gui/profile/pet_beaver"}},
			{"threshold": 207, "model": {"type": "model", "model": "item/gui/profile/pet_cat"}},
			{"threshold": 208, "model": {"type": "model", "model": "item/gui/profile/pet_dog"}},
			{"threshold": 209, "model": {"type": "model", "model": "item/gui/profile/pet_red_panda"}},
			{"threshold": 210, "model": {"type": "model", "model": "item/gui/profile/pet_dragon"}},
			{"threshold": 211, "model": {"type": "model", "model": "item/gui/profile/pet_monkey"}},
			{"threshold": 212, "model": {"type": "model", "model": "item/gui/profile/pet_bee"}},
			{"threshold": 213, "model": {"type": "model", "model": "item/gui/profile/pet_frog"}},
			{"threshold": 214, "model": {"type": "model", "model": "item/gui/profile/pet_dinosaur"}},
			{"threshold": 215, "model": {"type": "model", "model": "item/gui/profile/pet_reindeer"}},
			{"threshold": 216, "model": {"type": "model", "model": "item/gui/profile/pet_spooky"}}

		]
	}
}