{
	"hand_animation_on_swap": true,
	"oversized_in_gui": true,
	"model": {
		"property": "custom_model_data",
		"scale": 1.0,
		"type": "minecraft:range_dispatch",
		"fallback": {
			"type": "model",
			"model": "item/netherite_sword"
		},
		"entries": [
			{"threshold": 1, "model": {"type": "model", "model": "item/sword/hunters_sword"}},
			{"threshold": 2, "model": {"type": "model", "model": "item/sword/celestial_sword"}},
			{"threshold": 3, "model": {"type": "model", "model": "item/sword/dark_sword"}},
			{"threshold": 4, "model": {"type": "model", "model": "item/sword/baguette_sword"}},
			{"threshold": 5, "model": {"type": "model", "model": "item/sword/mini_sword"}},
			{"threshold": 6, "model": {"type": "model", "model": "item/sword/rainbow_sword"}},
			{"threshold": 7, "model": {"type": "model", "model": "item/sword/jungle_sword"}},
			{"threshold": 8, "model": {"type": "model", "model": "item/sword/lightsaber_sword"}},
			{"threshold": 9, "model": {"type": "model", "model": "item/sword/ice_pop_sword"}},
			{"threshold": 10, "model": {"type": "model", "model": "item/sword/cactus_sword"}},
			{"threshold": 11, "model": {"type": "model", "model": "item/sword/steampunk_sword"}},
			{"threshold": 12, "model": {"type": "model", "model": "item/sword/exotic_sword"}},
			{"threshold": 13, "model": {"type": "model", "model": "item/sword/hive_sword"}},
			{"threshold": 14, "model": {"type": "model", "model": "item/sword/ham_sword"}},
			{"threshold": 15, "model": {"type": "model", "model": "item/sword/colossal_sword"}},
			{"threshold": 102, "model": {"type": "model", "model": "item/locked/celestial_sword"}},
			{"threshold": 103, "model": {"type": "model", "model": "item/locked/dark_sword"}},
			{"threshold": 104, "model": {"type": "model", "model": "item/locked/baguette_sword"}},
			{"threshold": 105, "model": {"type": "model", "model": "item/locked/mini_sword"}},
			{"threshold": 106, "model": {"type": "model", "model": "item/locked/rainbow_sword"}},
			{"threshold": 107, "model": {"type": "model", "model": "item/locked/jungle_sword"}},
			{"threshold": 108, "model": {"type": "model", "model": "item/locked/lightsaber_sword"}},
			{"threshold": 109, "model": {"type": "model", "model": "item/locked/ice_pop_sword"}},
			{"threshold": 110, "model": {"type": "model", "model": "item/locked/cactus_sword"}},
			{"threshold": 111, "model": {"type": "model", "model": "item/locked/steampunk_sword"}},
			{"threshold": 112, "model": {"type": "model", "model": "item/locked/exotic_sword"}},
			{"threshold": 113, "model": {"type": "model", "model": "item/locked/hive_sword"}},
			{"threshold": 114, "model": {"type": "model", "model": "item/locked/ham_sword"}},
			{"threshold": 115, "model": {"type": "model", "model": "item/locked/colossal_sword"}},
			{"threshold": 501, "model": {"type": "model", "model": "item/sword/chainsaw_sword"}},
			{"threshold": 502, "model": {"type": "model", "model": "item/sword/christmas_sword"}},
			{"threshold": 503, "model": {"type": "model", "model": "item/sword/black_ice_sword"}},
			{"threshold": 601, "model": {"type": "model", "model": "item/locked/chainsaw_sword"}},
			{"threshold": 602, "model": {"type": "model", "model": "item/locked/christmas_sword"}},
			{"threshold": 603, "model": {"type": "model", "model": "item/locked/black_ice_sword"}}
		]
	}
}