{
	"hand_animation_on_swap": true,
	"model": {
		"property": "custom_model_data",
		"scale": 1.0,
		"type": "minecraft:range_dispatch",
		"fallback": {
			"type": "model",
			"model": "item/stick"
		},
		"entries": [
			{"threshold": 1, "model": {"type": "model", "model": "item/scythe/farmers_scythe"}},
			{"threshold": 2, "model": {"type": "model", "model": "item/scythe/celestial_scythe"}},
			{"threshold": 3, "model": {"type": "model", "model": "item/scythe/candy_cane_scythe"}},
			{"threshold": 4, "model": {"type": "model", "model": "item/scythe/toucan_scythe"}},
			{"threshold": 5, "model": {"type": "model", "model": "item/scythe/mini_scythe"}},
			{"threshold": 6, "model": {"type": "model", "model": "item/scythe/banana_scythe"}},
			{"threshold": 7, "model": {"type": "model", "model": "item/scythe/plated_scythe"}},
			{"threshold": 8, "model": {"type": "model", "model": "item/scythe/skeleton_scythe"}},
			{"threshold": 9, "model": {"type": "model", "model": "item/scythe/dinosaur_scythe"}},
			{"threshold": 10, "model": {"type": "model", "model": "item/scythe/midnight_scythe"}},
			{"threshold": 11, "model": {"type": "model", "model": "item/scythe/angelic_scythe"}},
			{"threshold": 12, "model": {"type": "model", "model": "item/scythe/hive_scythe"}},
			{"threshold": 13, "model": {"type": "model", "model": "item/scythe/reaper_scythe"}},
			{"threshold": 14, "model": {"type": "model", "model": "item/scythe/worm_scythe"}},
			{"threshold": 102, "model": {"type": "model", "model": "item/locked/celestial_scythe"}},
			{"threshold": 103, "model": {"type": "model", "model": "item/locked/candy_cane_scythe"}},
			{"threshold": 104, "model": {"type": "model", "model": "item/locked/toucan_scythe"}},
			{"threshold": 105, "model": {"type": "model", "model": "item/locked/mini_scythe"}},
			{"threshold": 106, "model": {"type": "model", "model": "item/locked/banana_scythe"}},
			{"threshold": 107, "model": {"type": "model", "model": "item/locked/plated_scythe"}},
			{"threshold": 108, "model": {"type": "model", "model": "item/locked/skeleton_scythe"}},
			{"threshold": 109, "model": {"type": "model", "model": "item/locked/dinosaur_scythe"}},
			{"threshold": 110, "model": {"type": "model", "model": "item/locked/midnight_scythe"}},
			{"threshold": 111, "model": {"type": "model", "model": "item/locked/angelic_scythe"}},
			{"threshold": 112, "model": {"type": "model", "model": "item/locked/hive_scythe"}},
			{"threshold": 113, "model": {"type": "model", "model": "item/locked/reaper_scythe"}},
			{"threshold": 114, "model": {"type": "model", "model": "item/locked/worm_scythe"}},
			{"threshold": 501, "model": {"type": "model", "model": "item/scythe/crow_scythe"}},
			{"threshold": 502, "model": {"type": "model", "model": "item/scythe/santa_scythe"}},
			{"threshold": 503, "model": {"type": "model", "model": "item/scythe/snowman_scythe"}},
			{"threshold": 601, "model": {"type": "model", "model": "item/locked/crow_scythe"}},
			{"threshold": 602, "model": {"type": "model", "model": "item/locked/santa_scythe"}},
			{"threshold": 603, "model": {"type": "model", "model": "item/locked/snowman_scythe"}}
		]
	}
}