{
	"providers":[

		{"type":"space","advances": {"\ue089":-16}},
		{"type":"space","advances": {"\ue088":-146}},
		{"type":"space","advances": {"\ue087":55}},
		{"file": "font/chat/pixel.png","chars": ["\ue001"],"height": 8,"ascent": 8,"type": "bitmap"},
        {"file": "font/chat/pixel.png","chars": ["\ue002"],"height": 8,"ascent": 7,"type": "bitmap"},
        {"file": "font/chat/pixel.png","chars": ["\ue003"],"height": 8,"ascent": 6,"type": "bitmap"},
        {"file": "font/chat/pixel.png","chars": ["\ue004"],"height": 8,"ascent": 5,"type": "bitmap"},
        {"file": "font/chat/pixel.png","chars": ["\ue005"],"height": 8,"ascent": 4,"type": "bitmap"},
        {"file": "font/chat/pixel.png","chars": ["\ue006"],"height": 8,"ascent": 3,"type": "bitmap"},
        {"file": "font/chat/pixel.png","chars": ["\ue007"],"height": 8,"ascent": 2,"type": "bitmap"},
        {"file": "font/chat/pixel.png","chars": ["\ue008"],"height": 8,"ascent": 1,"type": "bitmap"},
		
		{"file":"font/chat/new.png","chars":["\uc100"],"height":8,"ascent":8,"type":"bitmap"},
		{"file":"font/chat/gamemode.png","chars":["\uc101"],"height":20,"ascent":15,"type":"bitmap"},


		
		{"file":"font/chat/lunar_icon.png","chars":["\uf101"],"height":10,"ascent":8,"type":"bitmap"},
		{"file":"font/chat/solar_icon.png","chars":["\uf102"],"height":10,"ascent":8,"type":"bitmap"},
		{"file":"font/chat/galactic_icon.png","chars":["\uf103"],"height":10,"ascent":8,"type":"bitmap"},
		{"file":"font/chat/cosmic_icon.png","chars":["\uf104"],"height":10,"ascent":8,"type":"bitmap"},
		{"file":"font/chat/eternal_icon.png","chars":["\uf105"],"height":10,"ascent":8,"type":"bitmap"},
		{"file":"font/chat/rookie_rank.png","chars":["\uf106"],"height":7,"ascent":7,"type":"bitmap"},
		{"file":"font/chat/lunar_rank.png","chars":["\uf107"],"height":7,"ascent":7,"type":"bitmap"},
		{"file":"font/chat/solar_rank.png","chars":["\uf108"],"height":7,"ascent":7,"type":"bitmap"},
		{"file":"font/chat/galactic_rank.png","chars":["\uf109"],"height":7,"ascent":7,"type":"bitmap"},
		{"file":"font/chat/cosmic_rank.png","chars":["\uf110"],"height":7,"ascent":7,"type":"bitmap"},
		{"file":"font/chat/eternal_rank.png","chars":["\uf111"],"height":7,"ascent":7,"type":"bitmap"},
		{"file":"font/chat/mod_label.png","chars":["\uf112"],"height":8,"ascent":8,"type":"bitmap"},
		{"file":"font/chat/admin_label.png","chars":["\uf113"],"height":8,"ascent":8,"type":"bitmap"},
		{"file":"font/chat/owner_label.png","chars":["\uf114"],"height":8,"ascent":8,"type":"bitmap"},


		{"file":"font/chat/msg_label.png","chars":["\uf122"],"height":8,"ascent":8,"type":"bitmap"},
		
		{"file":"font/chat/logo.png","chars":["\uf124"],"height":20,"ascent":15,"type":"bitmap"},
		{"file":"font/chat/title.png","chars":["\uf125"],"height":26,"ascent":21,"type":"bitmap"},
		{"file":"font/chat/title.png","chars":["\uf126"],"height":40,"ascent":40,"type":"bitmap"},

		{"file":"font/chat/creator_icon.png","chars":["\uf129"],"height":10,"ascent":8,"type":"bitmap"},
		{"file":"font/chat/logo.png","chars":["\uf130"],"height":38,"ascent":29,"type":"bitmap"},
		{"file":"font/chat/celestial_icon.png","chars":["\uf131"],"height":10,"ascent":8,"type":"bitmap"},
		{"file":"font/chat/celestial_rank.png","chars":["\uf132"],"height":7,"ascent":7,"type":"bitmap"},


		{"file":"font/chat/game_menu.png","chars":["\uf144"],"height":256,"ascent":93,"type":"bitmap"},
		{"file":"font/chat/helper_label.png","chars":["\uf145"],"height":8,"ascent":8,"type":"bitmap"},
		{"file":"font/chat/dev_label.png","chars":["\uf146"],"height":8,"ascent":8,"type":"bitmap"},
		{"file":"font/chat/srmod_label.png","chars":["\uf147"],"height":8,"ascent":8,"type":"bitmap"},
		{"file":"font/chat/staffchat_label.png","chars":["\uf148"],"height":8,"ascent":8,"type":"bitmap"},
		{"file":"font/chat/icon_lvl.png","chars":["\uf149"],"height":8,"ascent":8,"type":"bitmap"},	


		{"file":"font/chat/party_label.png","chars":["\uf164"],"height":8,"ascent":8,"type":"bitmap"},
		{"file":"font/chat/accept_label.png","chars":["\uf165"],"height":8,"ascent":8,"type":"bitmap"},
		{"file":"font/chat/deny_label.png","chars":["\uf166"],"height":8,"ascent":8,"type":"bitmap"},
		
		{"file":"font/chat/title.png","chars":["\uf197"],"height":35,"ascent":35,"type":"bitmap"},
		
		{"file":"font/chat/sale.png","chars":["\uf200"],"height":18,"ascent":8,"type":"bitmap"},

		{"file":"font/chat/icon_online.png","chars":["\uf202"],"height":11,"ascent":8,"type":"bitmap"},
		{"file":"font/chat/icon_offline.png","chars":["\uf203"],"height":11,"ascent":8,"type":"bitmap"},
		{"file":"font/chat/icon_afk.png","chars":["\uf208"],"height":11,"ascent":8,"type":"bitmap"},


		{"file":"custom/gui/staff_spectator.png","chars":["\uf245"],"height":15,"ascent":11,"type":"bitmap"},
		{"file":"font/chat/celestial_wing_left.png","chars":["\uf246"],"height":7,"ascent":7,"type":"bitmap"},
		{"file":"font/chat/celestial_wing_right.png","chars":["\uf247"],"height":7,"ascent":7,"type":"bitmap"},
		{"file":"font/chat/icon_star.png","chars":["\uf248"],"height":9,"ascent":8,"type":"bitmap"},
		{"file":"font/chat/icon_circlestar.png","chars":["\uf249"],"height":9,"ascent":8,"type":"bitmap"},
		
		{"file":"font/chat/icon_vanish.png","chars":["\uf268"],"height":11,"ascent":8,"type":"bitmap"},
		
		{"file":"font/chat/icon_vote.png","chars":["\uf282"],"height":11,"ascent":8,"type":"bitmap"},
		{"file":"font/chat/icon_block.png","chars":["\uf284"],"height":11,"ascent":8,"type":"bitmap"},

		{"file":"font/chat/icon_music.png","chars":["\uf288"],"height":11,"ascent":8,"type":"bitmap"},

		
		{"file":"font/chat/creator_rank.png","chars":["\uf350"],"height":7,"ascent":7,"type":"bitmap"},
		{"file":"font/chat/creator_wing_left.png","chars":["\uf351"],"height":7,"ascent":7,"type":"bitmap"},
		{"file":"font/chat/creator_wing_right.png","chars":["\uf352"],"height":7,"ascent":7,"type":"bitmap"},
		{"file":"font/chat/youtube_label.png","chars":["\uf353"],"height":8,"ascent":8,"type":"bitmap"},
		{"file":"font/chat/twitch_label.png","chars":["\uf354"],"height":8,"ascent":8,"type":"bitmap"},
		{"file":"font/chat/tiktok_label.png","chars":["\uf355"],"height":8,"ascent":8,"type":"bitmap"},
		
		{"file":"font/level/0_lvl_0.png","chars":["\uf646"],"height":7,"ascent":7,"type":"bitmap"},
		{"file":"font/level/0_lvl_1.png","chars":["\uf647"],"height":7,"ascent":7,"type":"bitmap"},
		{"file":"font/level/0_lvl_2.png","chars":["\uf648"],"height":7,"ascent":7,"type":"bitmap"},
		{"file":"font/level/0_lvl_3.png","chars":["\uf649"],"height":7,"ascent":7,"type":"bitmap"},
		{"file":"font/level/0_lvl_4.png","chars":["\uf650"],"height":7,"ascent":7,"type":"bitmap"},
		{"file":"font/level/0_lvl_5.png","chars":["\uf651"],"height":7,"ascent":7,"type":"bitmap"},
		{"file":"font/level/0_lvl_6.png","chars":["\uf652"],"height":7,"ascent":7,"type":"bitmap"},
		{"file":"font/level/0_lvl_7.png","chars":["\uf653"],"height":7,"ascent":7,"type":"bitmap"},
		{"file":"font/level/0_lvl_8.png","chars":["\uf654"],"height":7,"ascent":7,"type":"bitmap"},
		{"file":"font/level/0_lvl_9.png","chars":["\uf655"],"height":7,"ascent":7,"type":"bitmap"},
		{"file":"font/level/1_lvl_0.png","chars":["\uf656"],"height":7,"ascent":7,"type":"bitmap"},
		{"file":"font/level/1_lvl_1.png","chars":["\uf657"],"height":7,"ascent":7,"type":"bitmap"},
		{"file":"font/level/1_lvl_2.png","chars":["\uf658"],"height":7,"ascent":7,"type":"bitmap"},
		{"file":"font/level/1_lvl_3.png","chars":["\uf659"],"height":7,"ascent":7,"type":"bitmap"},
		{"file":"font/level/1_lvl_4.png","chars":["\uf660"],"height":7,"ascent":7,"type":"bitmap"},
		{"file":"font/level/1_lvl_5.png","chars":["\uf661"],"height":7,"ascent":7,"type":"bitmap"},
		{"file":"font/level/1_lvl_6.png","chars":["\uf662"],"height":7,"ascent":7,"type":"bitmap"},
		{"file":"font/level/1_lvl_7.png","chars":["\uf663"],"height":7,"ascent":7,"type":"bitmap"},
		{"file":"font/level/1_lvl_8.png","chars":["\uf664"],"height":7,"ascent":7,"type":"bitmap"},
		{"file":"font/level/1_lvl_9.png","chars":["\uf665"],"height":7,"ascent":7,"type":"bitmap"},
		{"file":"font/level/2_lvl_0.png","chars":["\uf666"],"height":7,"ascent":7,"type":"bitmap"},
		{"file":"font/level/2_lvl_1.png","chars":["\uf667"],"height":7,"ascent":7,"type":"bitmap"},
		{"file":"font/level/2_lvl_2.png","chars":["\uf668"],"height":7,"ascent":7,"type":"bitmap"},
		{"file":"font/level/2_lvl_3.png","chars":["\uf669"],"height":7,"ascent":7,"type":"bitmap"},
		{"file":"font/level/2_lvl_4.png","chars":["\uf670"],"height":7,"ascent":7,"type":"bitmap"},
		{"file":"font/level/2_lvl_5.png","chars":["\uf671"],"height":7,"ascent":7,"type":"bitmap"},
		{"file":"font/level/2_lvl_6.png","chars":["\uf672"],"height":7,"ascent":7,"type":"bitmap"},
		{"file":"font/level/2_lvl_7.png","chars":["\uf673"],"height":7,"ascent":7,"type":"bitmap"},
		{"file":"font/level/2_lvl_8.png","chars":["\uf674"],"height":7,"ascent":7,"type":"bitmap"},
		{"file":"font/level/2_lvl_9.png","chars":["\uf675"],"height":7,"ascent":7,"type":"bitmap"},
		{"file":"font/level/3_lvl_0.png","chars":["\uf676"],"height":7,"ascent":7,"type":"bitmap"},
		{"file":"font/level/3_lvl_1.png","chars":["\uf677"],"height":7,"ascent":7,"type":"bitmap"},
		{"file":"font/level/3_lvl_2.png","chars":["\uf678"],"height":7,"ascent":7,"type":"bitmap"},
		{"file":"font/level/3_lvl_3.png","chars":["\uf679"],"height":7,"ascent":7,"type":"bitmap"},
		{"file":"font/level/3_lvl_4.png","chars":["\uf680"],"height":7,"ascent":7,"type":"bitmap"},
		{"file":"font/level/3_lvl_5.png","chars":["\uf681"],"height":7,"ascent":7,"type":"bitmap"},
		{"file":"font/level/3_lvl_6.png","chars":["\uf682"],"height":7,"ascent":7,"type":"bitmap"},
		{"file":"font/level/3_lvl_7.png","chars":["\uf683"],"height":7,"ascent":7,"type":"bitmap"},
		{"file":"font/level/3_lvl_8.png","chars":["\uf684"],"height":7,"ascent":7,"type":"bitmap"},
		{"file":"font/level/3_lvl_9.png","chars":["\uf685"],"height":7,"ascent":7,"type":"bitmap"},
		{"file":"font/level/4_lvl_0.png","chars":["\uf686"],"height":7,"ascent":7,"type":"bitmap"},
		{"file":"font/level/4_lvl_1.png","chars":["\uf687"],"height":7,"ascent":7,"type":"bitmap"},
		{"file":"font/level/4_lvl_2.png","chars":["\uf688"],"height":7,"ascent":7,"type":"bitmap"},
		{"file":"font/level/4_lvl_3.png","chars":["\uf689"],"height":7,"ascent":7,"type":"bitmap"},
		{"file":"font/level/4_lvl_4.png","chars":["\uf690"],"height":7,"ascent":7,"type":"bitmap"},
		{"file":"font/level/4_lvl_5.png","chars":["\uf691"],"height":7,"ascent":7,"type":"bitmap"},
		{"file":"font/level/4_lvl_6.png","chars":["\uf692"],"height":7,"ascent":7,"type":"bitmap"},
		{"file":"font/level/4_lvl_7.png","chars":["\uf693"],"height":7,"ascent":7,"type":"bitmap"},
		{"file":"font/level/4_lvl_8.png","chars":["\uf694"],"height":7,"ascent":7,"type":"bitmap"},
		{"file":"font/level/4_lvl_9.png","chars":["\uf695"],"height":7,"ascent":7,"type":"bitmap"},
		{"file":"font/level/5_lvl_0.png","chars":["\uf696"],"height":7,"ascent":7,"type":"bitmap"},
		{"file":"font/level/5_lvl_1.png","chars":["\uf697"],"height":7,"ascent":7,"type":"bitmap"},
		{"file":"font/level/5_lvl_2.png","chars":["\uf698"],"height":7,"ascent":7,"type":"bitmap"},
		{"file":"font/level/5_lvl_3.png","chars":["\uf699"],"height":7,"ascent":7,"type":"bitmap"},
		{"file":"font/level/5_lvl_4.png","chars":["\uf700"],"height":7,"ascent":7,"type":"bitmap"},
		{"file":"font/level/5_lvl_5.png","chars":["\uf701"],"height":7,"ascent":7,"type":"bitmap"},
		{"file":"font/level/5_lvl_6.png","chars":["\uf702"],"height":7,"ascent":7,"type":"bitmap"},
		{"file":"font/level/5_lvl_7.png","chars":["\uf703"],"height":7,"ascent":7,"type":"bitmap"},
		{"file":"font/level/5_lvl_8.png","chars":["\uf704"],"height":7,"ascent":7,"type":"bitmap"},
		{"file":"font/level/5_lvl_9.png","chars":["\uf705"],"height":7,"ascent":7,"type":"bitmap"},
		{"file":"font/level/6_lvl_0.png","chars":["\uf706"],"height":7,"ascent":7,"type":"bitmap"},
		{"file":"font/level/6_lvl_1.png","chars":["\uf707"],"height":7,"ascent":7,"type":"bitmap"},
		{"file":"font/level/6_lvl_2.png","chars":["\uf708"],"height":7,"ascent":7,"type":"bitmap"},
		{"file":"font/level/6_lvl_3.png","chars":["\uf709"],"height":7,"ascent":7,"type":"bitmap"},
		{"file":"font/level/6_lvl_4.png","chars":["\uf710"],"height":7,"ascent":7,"type":"bitmap"},
		{"file":"font/level/6_lvl_5.png","chars":["\uf711"],"height":7,"ascent":7,"type":"bitmap"},
		{"file":"font/level/6_lvl_6.png","chars":["\uf712"],"height":7,"ascent":7,"type":"bitmap"},
		{"file":"font/level/6_lvl_7.png","chars":["\uf713"],"height":7,"ascent":7,"type":"bitmap"},
		{"file":"font/level/6_lvl_8.png","chars":["\uf714"],"height":7,"ascent":7,"type":"bitmap"},
		{"file":"font/level/6_lvl_9.png","chars":["\uf715"],"height":7,"ascent":7,"type":"bitmap"},
		{"file":"font/level/7_lvl_0.png","chars":["\uf716"],"height":7,"ascent":7,"type":"bitmap"},
		{"file":"font/level/7_lvl_1.png","chars":["\uf717"],"height":7,"ascent":7,"type":"bitmap"},
		{"file":"font/level/7_lvl_2.png","chars":["\uf718"],"height":7,"ascent":7,"type":"bitmap"},
		{"file":"font/level/7_lvl_3.png","chars":["\uf719"],"height":7,"ascent":7,"type":"bitmap"},
		{"file":"font/level/7_lvl_4.png","chars":["\uf720"],"height":7,"ascent":7,"type":"bitmap"},
		{"file":"font/level/7_lvl_5.png","chars":["\uf721"],"height":7,"ascent":7,"type":"bitmap"},
		{"file":"font/level/7_lvl_6.png","chars":["\uf722"],"height":7,"ascent":7,"type":"bitmap"},
		{"file":"font/level/7_lvl_7.png","chars":["\uf723"],"height":7,"ascent":7,"type":"bitmap"},
		{"file":"font/level/7_lvl_8.png","chars":["\uf724"],"height":7,"ascent":7,"type":"bitmap"},
		{"file":"font/level/7_lvl_9.png","chars":["\uf725"],"height":7,"ascent":7,"type":"bitmap"},
		{"file":"font/level/8_lvl_0.png","chars":["\uf726"],"height":7,"ascent":7,"type":"bitmap"},
		{"file":"font/level/8_lvl_1.png","chars":["\uf727"],"height":7,"ascent":7,"type":"bitmap"},
		{"file":"font/level/8_lvl_2.png","chars":["\uf728"],"height":7,"ascent":7,"type":"bitmap"},
		{"file":"font/level/8_lvl_3.png","chars":["\uf729"],"height":7,"ascent":7,"type":"bitmap"},
		{"file":"font/level/8_lvl_4.png","chars":["\uf730"],"height":7,"ascent":7,"type":"bitmap"},
		{"file":"font/level/8_lvl_5.png","chars":["\uf731"],"height":7,"ascent":7,"type":"bitmap"},
		{"file":"font/level/8_lvl_6.png","chars":["\uf732"],"height":7,"ascent":7,"type":"bitmap"},
		{"file":"font/level/8_lvl_7.png","chars":["\uf733"],"height":7,"ascent":7,"type":"bitmap"},
		{"file":"font/level/8_lvl_8.png","chars":["\uf734"],"height":7,"ascent":7,"type":"bitmap"},
		{"file":"font/level/8_lvl_9.png","chars":["\uf735"],"height":7,"ascent":7,"type":"bitmap"},
		{"file":"font/level/9_lvl_0.png","chars":["\uf736"],"height":7,"ascent":7,"type":"bitmap"},
		{"file":"font/level/9_lvl_1.png","chars":["\uf737"],"height":7,"ascent":7,"type":"bitmap"},
		{"file":"font/level/9_lvl_2.png","chars":["\uf738"],"height":7,"ascent":7,"type":"bitmap"},
		{"file":"font/level/9_lvl_3.png","chars":["\uf739"],"height":7,"ascent":7,"type":"bitmap"},
		{"file":"font/level/9_lvl_4.png","chars":["\uf740"],"height":7,"ascent":7,"type":"bitmap"},
		{"file":"font/level/9_lvl_5.png","chars":["\uf741"],"height":7,"ascent":7,"type":"bitmap"},
		{"file":"font/level/9_lvl_6.png","chars":["\uf742"],"height":7,"ascent":7,"type":"bitmap"},
		{"file":"font/level/9_lvl_7.png","chars":["\uf743"],"height":7,"ascent":7,"type":"bitmap"},
		{"file":"font/level/9_lvl_8.png","chars":["\uf744"],"height":7,"ascent":7,"type":"bitmap"},
		{"file":"font/level/9_lvl_9.png","chars":["\uf745"],"height":7,"ascent":7,"type":"bitmap"},
		{"file":"font/level/10_lvl_0.png","chars":["\uf746"],"height":7,"ascent":7,"type":"bitmap"},
		{"file":"font/level/10_lvl_1.png","chars":["\uf747"],"height":7,"ascent":7,"type":"bitmap"},
		{"file":"font/level/10_lvl_2.png","chars":["\uf748"],"height":7,"ascent":7,"type":"bitmap"},
		{"file":"font/level/10_lvl_3.png","chars":["\uf749"],"height":7,"ascent":7,"type":"bitmap"},
		{"file":"font/level/10_lvl_4.png","chars":["\uf750"],"height":7,"ascent":7,"type":"bitmap"},
		{"file":"font/level/10_lvl_5.png","chars":["\uf751"],"height":7,"ascent":7,"type":"bitmap"},
		{"file":"font/level/10_lvl_6.png","chars":["\uf752"],"height":7,"ascent":7,"type":"bitmap"},
		{"file":"font/level/10_lvl_7.png","chars":["\uf753"],"height":7,"ascent":7,"type":"bitmap"},
		{"file":"font/level/10_lvl_8.png","chars":["\uf754"],"height":7,"ascent":7,"type":"bitmap"},
		{"file":"font/level/10_lvl_9.png","chars":["\uf755"],"height":7,"ascent":7,"type":"bitmap"},



		{"file":"font/chat/league_1.png","chars":["\ua100"],"height":10,"ascent":8,"type":"bitmap"},
		{"file":"font/chat/league_2.png","chars":["\ua101"],"height":10,"ascent":8,"type":"bitmap"},
		{"file":"font/chat/league_3.png","chars":["\ua102"],"height":10,"ascent":8,"type":"bitmap"},
		{"file":"font/chat/copper_league.png","chars":["\ua103"],"height":10,"ascent":8,"type":"bitmap"},
		{"file":"font/chat/iron_league.png","chars":["\ua104"],"height":10,"ascent":8,"type":"bitmap"},
		{"file":"font/chat/gold_league.png","chars":["\ua105"],"height":10,"ascent":8,"type":"bitmap"},
		{"file":"font/chat/diamond_league.png","chars":["\ua106"],"height":10,"ascent":8,"type":"bitmap"},
		{"file":"font/chat/crystal_league.png","chars":["\ua107"],"height":10,"ascent":8,"type":"bitmap"},
		{"file":"font/chat/obsidian_league.png","chars":["\ua108"],"height":10,"ascent":8,"type":"bitmap"},
		{"file":"font/chat/lava_league.png","chars":["\ua109"],"height":10,"ascent":8,"type":"bitmap"},
		{"file":"font/chat/astral_league.png","chars":["\ua110"],"height":10,"ascent":8,"type":"bitmap"},		
		{"file":"font/chat/astral_league_1.png","chars":["\ua111"],"height":10,"ascent":8,"type":"bitmap"},
		{"file":"font/chat/astral_league_2.png","chars":["\ua112"],"height":10,"ascent":8,"type":"bitmap"},
		{"file":"font/chat/astral_league_3.png","chars":["\ua113"],"height":10,"ascent":8,"type":"bitmap"},
		{"file":"font/chat/astral_league_4.png","chars":["\ua114"],"height":10,"ascent":8,"type":"bitmap"},
		{"file":"font/chat/astral_league_5.png","chars":["\ua115"],"height":10,"ascent":8,"type":"bitmap"},
		{"file":"custom/item/bit.png","chars":["\ua116"],"height":11,"ascent":8,"type":"bitmap"},
		{"file":"custom/item/keycard.png","chars":["\ua117"],"height":11,"ascent":8,"type":"bitmap"},



		{"file":"font/emojis/emoji_1.png","chars":["\ufa01"],"height":14,"ascent":9,"type":"bitmap"},
		{"file":"font/emojis/emoji_2.png","chars":["\ufa02"],"height":14,"ascent":9,"type":"bitmap"},
		{"file":"font/emojis/emoji_3.png","chars":["\ufa03"],"height":14,"ascent":9,"type":"bitmap"},
		{"file":"font/emojis/emoji_4.png","chars":["\ufa04"],"height":14,"ascent":9,"type":"bitmap"},
		{"file":"font/emojis/emoji_5.png","chars":["\ufa05"],"height":14,"ascent":9,"type":"bitmap"},
		{"file":"font/emojis/emoji_6.png","chars":["\ufa06"],"height":14,"ascent":9,"type":"bitmap"},
		{"file":"font/emojis/emoji_7.png","chars":["\ufa07"],"height":14,"ascent":9,"type":"bitmap"},
		{"file":"font/emojis/emoji_8.png","chars":["\ufa08"],"height":14,"ascent":9,"type":"bitmap"},
		{"file":"font/emojis/emoji_9.png","chars":["\ufa09"],"height":14,"ascent":9,"type":"bitmap"},
		{"file":"font/emojis/emoji_10.png","chars":["\ufa10"],"height":14,"ascent":9,"type":"bitmap"},
		{"file":"font/emojis/emoji_11.png","chars":["\ufa11"],"height":14,"ascent":9,"type":"bitmap"},
		{"file":"font/emojis/emoji_12.png","chars":["\ufa12"],"height":14,"ascent":9,"type":"bitmap"},
		{"file":"font/emojis/emoji_13.png","chars":["\ufa13"],"height":14,"ascent":9,"type":"bitmap"},
		{"file":"font/emojis/emoji_14.png","chars":["\ufa14"],"height":14,"ascent":9,"type":"bitmap"},
		{"file":"font/emojis/emoji_15.png","chars":["\ufa15"],"height":14,"ascent":9,"type":"bitmap"},
		{"file":"font/emojis/emoji_16.png","chars":["\ufa16"],"height":14,"ascent":9,"type":"bitmap"},
		{"file":"font/emojis/emoji_17.png","chars":["\ufa18"],"height":14,"ascent":9,"type":"bitmap"},
		{"file":"font/emojis/emoji_18.png","chars":["\ufa19"],"height":14,"ascent":9,"type":"bitmap"},
		{"file":"font/emojis/emoji_19.png","chars":["\ufa20"],"height":14,"ascent":9,"type":"bitmap"},
		{"file":"font/emojis/emoji_20.png","chars":["\ufa21"],"height":14,"ascent":9,"type":"bitmap"},
		{"file":"font/emojis/emoji_21.png","chars":["\ufa22"],"height":14,"ascent":9,"type":"bitmap"},
		{"file":"font/emojis/emoji_22.png","chars":["\ufa23"],"height":14,"ascent":9,"type":"bitmap"},
		{"file":"font/emojis/emoji_23.png","chars":["\ufa24"],"height":14,"ascent":9,"type":"bitmap"},
		{"file":"font/emojis/emoji_24.png","chars":["\ufa25"],"height":14,"ascent":9,"type":"bitmap"},
		{"file":"font/emojis/emoji_25.png","chars":["\ufa26"],"height":14,"ascent":9,"type":"bitmap"},
		{"file":"font/emojis/emoji_26.png","chars":["\ufa27"],"height":14,"ascent":9,"type":"bitmap"},
		{"file":"font/emojis/emoji_27.png","chars":["\ufa28"],"height":14,"ascent":9,"type":"bitmap"},
		{"file":"font/emojis/gg_1_1.png","chars":["\ufa29"],"height":14,"ascent":9,"type":"bitmap"},
		{"file":"font/emojis/gg_1_2.png","chars":["\ufa30"],"height":14,"ascent":9,"type":"bitmap"},
		{"file":"font/emojis/gg_1_3.png","chars":["\ufa31"],"height":14,"ascent":9,"type":"bitmap"},
		{"file":"font/emojis/gg_1_4.png","chars":["\ufa34"],"height":14,"ascent":9,"type":"bitmap"},
		{"file":"font/emojis/gg_1_5.png","chars":["\ufa38"],"height":14,"ascent":9,"type":"bitmap"},
		{"file":"font/emojis/gg_1_6.png","chars":["\ufa39"],"height":14,"ascent":9,"type":"bitmap"},
		{"file":"font/emojis/gg_1_7.png","chars":["\ufa40"],"height":14,"ascent":9,"type":"bitmap"},
		{"file":"font/emojis/gg_1_8.png","chars":["\ufa41"],"height":14,"ascent":9,"type":"bitmap"},
		{"file":"font/emojis/gg_2_1.png","chars":["\ufa42"],"height":14,"ascent":9,"type":"bitmap"},
		{"file":"font/emojis/gg_2_2.png","chars":["\ufa43"],"height":14,"ascent":9,"type":"bitmap"},
		{"file":"font/emojis/gg_2_3.png","chars":["\ufa44"],"height":14,"ascent":9,"type":"bitmap"},
		{"file":"font/emojis/gg_2_4.png","chars":["\ufa45"],"height":14,"ascent":9,"type":"bitmap"},
		{"file":"font/emojis/gg_2_5.png","chars":["\ufa46"],"height":14,"ascent":9,"type":"bitmap"},
		{"file":"font/emojis/gg_2_6.png","chars":["\ufa47"],"height":14,"ascent":9,"type":"bitmap"},
		{"file":"font/emojis/gg_2_7.png","chars":["\ufa48"],"height":14,"ascent":9,"type":"bitmap"},
		{"file":"font/emojis/gg_2_8.png","chars":["\ufa49"],"height":14,"ascent":9,"type":"bitmap"},
		{"file":"font/emojis/gg_3_1.png","chars":["\ufa50"],"height":14,"ascent":9,"type":"bitmap"},
		{"file":"font/emojis/gg_3_2.png","chars":["\ufa51"],"height":14,"ascent":9,"type":"bitmap"},
		{"file":"font/emojis/gg_3_3.png","chars":["\ufa52"],"height":14,"ascent":9,"type":"bitmap"},
		{"file":"font/emojis/gg_3_4.png","chars":["\ufa54"],"height":14,"ascent":9,"type":"bitmap"},
		{"file":"font/emojis/gg_3_5.png","chars":["\ufa55"],"height":14,"ascent":9,"type":"bitmap"},
		{"file":"font/emojis/gg_3_6.png","chars":["\ufa57"],"height":14,"ascent":9,"type":"bitmap"},
		{"file":"font/emojis/gg_3_7.png","chars":["\ufa58"],"height":14,"ascent":9,"type":"bitmap"},
		{"file":"font/emojis/gg_3_8.png","chars":["\ufa59"],"height":14,"ascent":9,"type":"bitmap"},
		{"file":"font/emojis/gg_4_1.png","chars":["\ufa60"],"height":14,"ascent":9,"type":"bitmap"},
		{"file":"font/emojis/gg_4_2.png","chars":["\ufa61"],"height":14,"ascent":9,"type":"bitmap"},
		{"file":"font/emojis/gg_4_3.png","chars":["\ufa62"],"height":14,"ascent":9,"type":"bitmap"},
		{"file":"font/emojis/gg_4_4.png","chars":["\ufa63"],"height":14,"ascent":9,"type":"bitmap"},
		{"file":"font/emojis/gg_4_5.png","chars":["\ufa64"],"height":14,"ascent":9,"type":"bitmap"},
		{"file":"font/emojis/gg_4_6.png","chars":["\ufa65"],"height":14,"ascent":9,"type":"bitmap"},
		{"file":"font/emojis/gg_4_7.png","chars":["\ufa66"],"height":14,"ascent":9,"type":"bitmap"},
		{"file":"font/emojis/gg_4_8.png","chars":["\ufa67"],"height":14,"ascent":9,"type":"bitmap"},
		{"file":"font/emojis/emoji_28.png","chars":["\ufa68"],"height":14,"ascent":9,"type":"bitmap"},
		{"file":"font/emojis/emoji_29.png","chars":["\ufa69"],"height":14,"ascent":9,"type":"bitmap"},
		{"file":"font/emojis/firework.png","chars":["\ufa70"],"height":14,"ascent":9,"type":"bitmap"},
		{"file":"font/emojis/emoji_30.png","chars":["\ufa71"],"height":14,"ascent":9,"type":"bitmap"},
		
		{"file":"custom/backdrops/profile_default.png","chars":["\u1401"],"height":215,"ascent":60,"type":"bitmap"},

		{"file":"custom/backdrops/particles.png","chars":["\u1412"],"height":215,"ascent":60,"type":"bitmap"},

		{"file":"custom/backdrops/punish_1.png","chars":["\u1423"],"height":215,"ascent":60,"type":"bitmap"},
		{"file":"custom/backdrops/punish_2.png","chars":["\u1424"],"height":215,"ascent":60,"type":"bitmap"},
		{"file":"custom/backdrops/punish_3.png","chars":["\u1425"],"height":215,"ascent":60,"type":"bitmap"},
		{"file":"custom/backdrops/punish_4.png","chars":["\u1426"],"height":215,"ascent":60,"type":"bitmap"},

		{"file":"custom/backdrops/pets.png","chars":["\u1428"],"height":215,"ascent":60,"type":"bitmap"},

		{"file":"custom/backdrops/profile_hive.png","chars":["\u1510"],"height":215,"ascent":60,"type":"bitmap"},



		{"type":"bitmap","file":"space:font/space_split.png","ascent":-32768,"height":-50,"chars":["\uf800"]},

		{"type":"bitmap","file":"space:font/space_split.png","ascent":-32768,"height":-3,"chars":["\uf801"]},{"type":"bitmap","file":"space:font/space_split.png","ascent":-32768,"height":-4,"chars":["\uf802"]},{"type":"bitmap","file":"space:font/space_split.png","ascent":-32768,"height":-5,"chars":["\uf803"]},{"type":"bitmap","file":"space:font/space_split.png","ascent":-32768,"height":-6,"chars":["\uf804"]},{"type":"bitmap","file":"space:font/space_split.png","ascent":-32768,"height":-7,"chars":["\uf805"]},{"type":"bitmap","file":"space:font/space_split.png","ascent":-32768,"height":-8,"chars":["\uf806"]},{"type":"bitmap","file":"space:font/space_split.png","ascent":-32768,"height":-9,"chars":["\uf807"]},{"type":"bitmap","file":"space:font/space_split.png","ascent":-32768,"height":-10,"chars":["\uf808"]},{"type":"bitmap","file":"space:font/space_split.png","ascent":-32768,"height":-18,"chars":["\uf809"]},{"type":"bitmap","file":"space:font/space_split.png","ascent":-32768,"height":-34,"chars":["\uf80a"]},{"type":"bitmap","file":"space:font/space_split.png","ascent":-32768,"height":-66,"chars":["\uf80b"]},{"type":"bitmap","file":"space:font/space_split.png","ascent":-32768,"height":-130,"chars":["\uf80c"]},{"type":"bitmap","file":"space:font/space_split.png","ascent":-32768,"height":-258,"chars":["\uf80d"]},{"type":"bitmap","file":"space:font/space_split.png","ascent":-32768,"height":-514,"chars":["\uf80e"]},{"type":"bitmap","file":"space:font/space_split.png","ascent":-32768,"height":-1026,"chars":["\uf80f"]},{"type":"bitmap","file":"space:font/space_split.png","ascent":-65536,"height":-32770,"chars":["\uf800"]},{"type":"bitmap","file":"space:font/space_split.png","ascent":-32768,"height":0,"chars":["\uf821"]},{"type":"bitmap","file":"space:font/space_split.png","ascent":-32768,"height":1,"chars":["\uf822"]},{"type":"bitmap","file":"space:font/space_split.png","ascent":-32768,"height":2,"chars":["\uf823"]},{"type":"bitmap","file":"space:font/space_split.png","ascent":-32768,"height":3,"chars":["\uf824"]},{"type":"bitmap","file":"space:font/space_split.png","ascent":-32768,"height":4,"chars":["\uf825"]},{"type":"bitmap","file":"space:font/space_split.png","ascent":-32768,"height":5,"chars":["\uf826"]},{"type":"bitmap","file":"space:font/space_split.png","ascent":-32768,"height":6,"chars":["\uf827"]},{"type":"bitmap","file":"space:font/space_split.png","ascent":-32768,"height":7,"chars":["\uf828"]},{"type":"bitmap","file":"space:font/space_split.png","ascent":-32768,"height":15,"chars":["\uf829"]},{"type":"bitmap","file":"space:font/space_split.png","ascent":-32768,"height":31,"chars":["\uf82a"]},{"type":"bitmap","file":"space:font/space_split.png","ascent":-32768,"height":63,"chars":["\uf82b"]},{"type":"bitmap","file":"space:font/space_split.png","ascent":-32768,"height":127,"chars":["\uf82c"]},{"type":"bitmap","file":"space:font/space_split.png","ascent":-32768,"height":255,"chars":["\uf82d"]},{"type":"bitmap","file":"space:font/space_split.png","ascent":-32768,"height":511,"chars":["\uf82e"]},{"type":"bitmap","file":"space:font/space_split.png","ascent":-32768,"height":1023,"chars":["\uf82f"]},{"type":"bitmap","file":"space:font/space_split.png","ascent":-65536,"height":32767,"chars":["\uf820"]},{"type":"bitmap","file":"space:font/space_nosplit.png","ascent":-32768,"height":-3,"chars":["\uf811"]},{"type":"bitmap","file":"space:font/space_nosplit.png","ascent":-32768,"height":-4,"chars":["\uf812"]},{"type":"bitmap","file":"space:font/space_nosplit.png","ascent":-32768,"height":-5,"chars":["\uf813"]},{"type":"bitmap","file":"space:font/space_nosplit.png","ascent":-32768,"height":-6,"chars":["\uf814"]},{"type":"bitmap","file":"space:font/space_nosplit.png","ascent":-32768,"height":-7,"chars":["\uf815"]},{"type":"bitmap","file":"space:font/space_nosplit.png","ascent":-32768,"height":-8,"chars":["\uf816"]},{"type":"bitmap","file":"space:font/space_nosplit.png","ascent":-32768,"height":-9,"chars":["\uf817"]},{"type":"bitmap","file":"space:font/space_nosplit.png","ascent":-32768,"height":-10,"chars":["\uf818"]},{"type":"bitmap","file":"space:font/space_nosplit.png","ascent":-32768,"height":-18,"chars":["\uf819"]},{"type":"bitmap","file":"space:font/space_nosplit.png","ascent":-32768,"height":-34,"chars":["\uf81a"]},{"type":"bitmap","file":"space:font/space_nosplit.png","ascent":-32768,"height":-66,"chars":["\uf81b"]},{"type":"bitmap","file":"space:font/space_nosplit.png","ascent":-32768,"height":-130,"chars":["\uf81c"]},{"type":"bitmap","file":"space:font/space_nosplit.png","ascent":-32768,"height":-258,"chars":["\uf81d"]},{"type":"bitmap","file":"space:font/space_nosplit.png","ascent":-32768,"height":-514,"chars":["\uf81e"]},{"type":"bitmap","file":"space:font/space_nosplit.png","ascent":-32768,"height":-1026,"chars":["\uf81f"]},{"type":"bitmap","file":"space:font/space_nosplit.png","ascent":-65536,"height":-32770,"chars":["\uf810"]},{"type":"bitmap","file":"space:font/space_nosplit.png","ascent":-32768,"height":0,"chars":["\uf831"]},{"type":"bitmap","file":"space:font/space_nosplit.png","ascent":-32768,"height":1,"chars":["\uf832"]},{"type":"bitmap","file":"space:font/space_nosplit.png","ascent":-32768,"height":2,"chars":["\uf833"]},{"type":"bitmap","file":"space:font/space_nosplit.png","ascent":-32768,"height":3,"chars":["\uf834"]},{"type":"bitmap","file":"space:font/space_nosplit.png","ascent":-32768,"height":4,"chars":["\uf835"]},{"type":"bitmap","file":"space:font/space_nosplit.png","ascent":-32768,"height":5,"chars":["\uf836"]},{"type":"bitmap","file":"space:font/space_nosplit.png","ascent":-32768,"height":6,"chars":["\uf837"]},{"type":"bitmap","file":"space:font/space_nosplit.png","ascent":-32768,"height":7,"chars":["\uf838"]},{"type":"bitmap","file":"space:font/space_nosplit.png","ascent":-32768,"height":15,"chars":["\uf839"]},{"type":"bitmap","file":"space:font/space_nosplit.png","ascent":-32768,"height":31,"chars":["\uf83a"]},{"type":"bitmap","file":"space:font/space_nosplit.png","ascent":-32768,"height":63,"chars":["\uf83b"]},{"type":"bitmap","file":"space:font/space_nosplit.png","ascent":-32768,"height":127,"chars":["\uf83c"]},{"type":"bitmap","file":"space:font/space_nosplit.png","ascent":-32768,"height":255,"chars":["\uf83d"]},{"type":"bitmap","file":"space:font/space_nosplit.png","ascent":-32768,"height":511,"chars":["\uf83e"]},{"type":"bitmap","file":"space:font/space_nosplit.png","ascent":-32768,"height":1023,"chars":["\uf83f"]},{"type":"bitmap","file":"space:font/space_nosplit.png","ascent":-65536,"height":32767,"chars":["\uf830"]}

	]
}