{
	"credit": "Made with Blockbench",
	"textures": {
		"2": "custom/gui/empty"
	},
	"elements": [
		{
			"from": [0, 0, 8],
			"to": [16, 16, 8],
			"rotation": {"angle": 0, "axis": "y", "origin": [8, 8, 8]},
			"faces": {
				"north": {"uv": [0, 0, 16, 16], "texture": "#2"},
				"east": {"uv": [0, 0, 0, 16], "texture": "#2"},
				"south": {"uv": [0, 0, 16, 16], "texture": "#2"},
				"west": {"uv": [0, 0, 0, 16], "texture": "#2"},
				"up": {"uv": [0, 0, 16, 0], "texture": "#2"},
				"down": {"uv": [0, 0, 16, 0], "texture": "#2"}
			}
		}
	],
	"gui_light": "front",
	"display": {
		"thirdperson_righthand": {
			"translation": [0, 2, 0],
			"scale": [0.25, 0.25, 0.25]
		},
		"thirdperson_lefthand": {
			"translation": [0, 2, 0],
			"scale": [0.25, 0.25, 0.25]
		},
		"firstperson_righthand": {
			"scale": [0.2, 0.2, 0.2]
		},
		"firstperson_lefthand": {
			"scale": [0.2, 0.2, 0.2]
		},
		"ground": {
			"scale": [0.2, 0.2, 0.2]
		},
		"gui": {
			"rotation": [-180, -180, 0],
			"scale": [0, 0, 0]
		},
		"head": {
			"translation": [0, 0, -7],
			"scale": [0.3, 0.3, 0.3]
		},
		"fixed": {
			"translation": [0, 0, -0.25],
			"scale": [0.4, 0.4, 0.4]
		}
	}
}