{"textures":{"0":"modelengine:entity/drone","1":"modelengine:entity/fan","particle":"#0"},"elements":[{"from":[-3.0,17.0,19.0],"to":[0.0,21.0,29.0],"faces":{"east":{"uv":[4.75,5.0,7.25,4.0],"tintindex":0,"rotation":0,"texture":"#0"},"south":{"uv":[7.25,4.0,8.0,5.0],"tintindex":0,"rotation":0,"texture":"#0"},"north":{"uv":[4.0,4.0,4.75,5.0],"tintindex":0,"rotation":0,"texture":"#0"},"west":{"uv":[4.75,5.0,7.25,4.0],"tintindex":0,"rotation":0,"texture":"#0"},"up":{"uv":[7.25,0.75,8.0,3.25],"tintindex":0,"rotation":0,"texture":"#0"},"down":{"uv":[7.25,0.75,8.0,3.25],"tintindex":0,"rotation":0,"texture":"#0"}}},{"from":[16.0,17.0,-13.0],"to":[19.0,21.0,-3.0],"faces":{"east":{"uv":[4.75,5.0,7.25,4.0],"tintindex":0,"rotation":0,"texture":"#0"},"south":{"uv":[4.0,4.0,4.75,5.0],"tintindex":0,"rotation":0,"texture":"#0"},"north":{"uv":[7.25,4.0,8.0,5.0],"tintindex":0,"rotation":0,"texture":"#0"},"west":{"uv":[4.75,5.0,7.25,4.0],"tintindex":0,"rotation":0,"texture":"#0"},"up":{"uv":[4.0,0.75,4.75,3.25],"tintindex":0,"rotation":0,"texture":"#0"},"down":{"uv":[4.0,0.75,4.75,3.25],"tintindex":0,"rotation":0,"texture":"#0"}}},{"from":[-16.0,17.0,-13.0],"to":[-13.0,21.0,-3.0],"faces":{"east":{"uv":[4.75,5.0,7.25,4.0],"tintindex":0,"rotation":0,"texture":"#0"},"south":{"uv":[4.0,4.0,4.75,5.0],"tintindex":0,"rotation":0,"texture":"#0"},"north":{"uv":[7.25,4.0,8.0,5.0],"tintindex":0,"rotation":0,"texture":"#0"},"west":{"uv":[4.75,5.0,7.25,4.0],"tintindex":0,"rotation":0,"texture":"#0"},"up":{"uv":[4.0,0.75,4.75,3.25],"tintindex":0,"rotation":0,"texture":"#0"},"down":{"uv":[4.0,0.75,4.75,3.25],"tintindex":0,"rotation":0,"texture":"#0"}}},{"from":[-16.0,17.0,19.0],"to":[-13.0,21.0,29.0],"faces":{"east":{"uv":[4.75,5.0,7.25,4.0],"tintindex":0,"rotation":0,"texture":"#0"},"south":{"uv":[4.0,4.0,4.75,5.0],"tintindex":0,"rotation":0,"texture":"#0"},"north":{"uv":[7.25,4.0,8.0,5.0],"tintindex":0,"rotation":0,"texture":"#0"},"west":{"uv":[4.75,5.0,7.25,4.0],"tintindex":0,"rotation":0,"texture":"#0"},"up":{"uv":[4.0,0.75,4.75,3.25],"tintindex":0,"rotation":0,"texture":"#0"},"down":{"uv":[4.0,0.75,4.75,3.25],"tintindex":0,"rotation":0,"texture":"#0"}}},{"from":[-16.0,17.0,29.0],"to":[0.0,21.0,32.0],"faces":{"east":{"uv":[4.0,5.0,4.75,4.0],"tintindex":0,"rotation":0,"texture":"#0"},"south":{"uv":[4.0,4.0,8.0,5.0],"tintindex":0,"rotation":0,"texture":"#0"},"north":{"uv":[4.0,4.0,8.0,5.0],"tintindex":0,"rotation":0,"texture":"#0"},"west":{"uv":[7.25,5.0,8.0,4.0],"tintindex":0,"rotation":0,"texture":"#0"},"up":{"uv":[4.0,3.25,8.0,4.0],"tintindex":0,"rotation":0,"texture":"#0"},"down":{"uv":[4.0,0.0,8.0,0.75],"tintindex":0,"rotation":0,"texture":"#0"}}},{"from":[29.0,17.0,-13.0],"to":[32.0,21.0,-3.0],"faces":{"east":{"uv":[4.75,5.0,7.25,4.0],"tintindex":0,"rotation":0,"texture":"#0"},"south":{"uv":[7.25,4.0,8.0,5.0],"tintindex":0,"rotation":0,"texture":"#0"},"north":{"uv":[4.0,4.0,4.75,5.0],"tintindex":0,"rotation":0,"texture":"#0"},"west":{"uv":[4.75,5.0,7.25,4.0],"tintindex":0,"rotation":0,"texture":"#0"},"up":{"uv":[7.25,0.75,8.0,3.25],"tintindex":0,"rotation":0,"texture":"#0"},"down":{"uv":[7.25,0.75,8.0,3.25],"tintindex":0,"rotation":0,"texture":"#0"}}},{"from":[16.0,17.0,-3.0],"to":[32.0,21.0,0.0],"faces":{"east":{"uv":[4.0,5.0,4.75,4.0],"tintindex":0,"rotation":0,"texture":"#0"},"south":{"uv":[4.0,4.0,8.0,5.0],"tintindex":0,"rotation":0,"texture":"#0"},"north":{"uv":[4.0,4.0,8.0,5.0],"tintindex":0,"rotation":0,"texture":"#0"},"west":{"uv":[7.25,5.0,8.0,4.0],"tintindex":0,"rotation":0,"texture":"#0"},"up":{"uv":[4.0,3.25,8.0,4.0],"tintindex":0,"rotation":0,"texture":"#0"},"down":{"uv":[4.0,0.0,8.0,0.75],"tintindex":0,"rotation":0,"texture":"#0"}}},{"from":[16.0,17.0,19.0],"to":[19.0,21.0,29.0],"faces":{"east":{"uv":[4.75,5.0,7.25,4.0],"tintindex":0,"rotation":0,"texture":"#0"},"south":{"uv":[4.0,4.0,4.75,5.0],"tintindex":0,"rotation":0,"texture":"#0"},"north":{"uv":[7.25,4.0,8.0,5.0],"tintindex":0,"rotation":0,"texture":"#0"},"west":{"uv":[4.75,5.0,7.25,4.0],"tintindex":0,"rotation":0,"texture":"#0"},"up":{"uv":[4.0,0.75,4.75,3.25],"tintindex":0,"rotation":0,"texture":"#0"},"down":{"uv":[4.0,0.75,4.75,3.25],"tintindex":0,"rotation":0,"texture":"#0"}}},{"from":[-16.0,17.0,16.0],"to":[0.0,21.0,19.0],"faces":{"east":{"uv":[7.25,5.0,8.0,4.0],"tintindex":0,"rotation":0,"texture":"#0"},"south":{"uv":[4.0,4.0,8.0,5.0],"tintindex":0,"rotation":0,"texture":"#0"},"north":{"uv":[4.0,4.0,8.0,5.0],"tintindex":0,"rotation":0,"texture":"#0"},"west":{"uv":[4.0,5.0,4.75,4.0],"tintindex":0,"rotation":0,"texture":"#0"},"up":{"uv":[4.0,0.0,8.0,0.75],"tintindex":0,"rotation":0,"texture":"#0"},"down":{"uv":[4.0,3.25,8.0,4.0],"tintindex":0,"rotation":0,"texture":"#0"}}},{"from":[0.0,13.0,0.0],"to":[16.0,21.0,16.0],"faces":{"east":{"uv":[0.0,4.0,4.0,6.0],"tintindex":0,"rotation":0,"texture":"#0"},"south":{"uv":[0.0,6.0,4.0,4.0],"tintindex":0,"rotation":0,"texture":"#0"},"north":{"uv":[0.0,6.0,4.0,4.0],"tintindex":0,"rotation":0,"texture":"#0"},"west":{"uv":[0.0,4.0,4.0,6.0],"tintindex":0,"rotation":0,"texture":"#0"},"up":{"uv":[0.0,0.0,4.0,4.0],"tintindex":0,"rotation":90,"texture":"#0"},"down":{"uv":[0.0,0.0,4.0,4.0],"tintindex":0,"rotation":0,"texture":"#0"}}},{"from":[16.0,17.0,16.0],"to":[32.0,21.0,19.0],"faces":{"east":{"uv":[7.25,5.0,8.0,4.0],"tintindex":0,"rotation":0,"texture":"#0"},"south":{"uv":[4.0,4.0,8.0,5.0],"tintindex":0,"rotation":0,"texture":"#0"},"north":{"uv":[4.0,4.0,8.0,5.0],"tintindex":0,"rotation":0,"texture":"#0"},"west":{"uv":[4.0,5.0,4.75,4.0],"tintindex":0,"rotation":0,"texture":"#0"},"up":{"uv":[4.0,0.0,8.0,0.75],"tintindex":0,"rotation":0,"texture":"#0"},"down":{"uv":[4.0,3.25,8.0,4.0],"tintindex":0,"rotation":0,"texture":"#0"}}},{"from":[1.0,-2.0,1.0],"to":[15.0,12.0,15.0],"faces":{"east":{"uv":[12.5,0.0,16.0,3.5],"tintindex":0,"rotation":0,"texture":"#0"},"south":{"uv":[12.5,0.0,16.0,3.5],"tintindex":0,"rotation":0,"texture":"#0"},"north":{"uv":[12.5,3.5,16.0,7.0],"tintindex":0,"rotation":0,"texture":"#0"},"west":{"uv":[12.5,0.0,16.0,3.5],"tintindex":0,"rotation":0,"texture":"#0"},"up":{"uv":[9.0,0.0,12.5,3.5],"tintindex":0,"rotation":0,"texture":"#0"},"down":{"uv":[9.0,0.0,12.5,3.5],"tintindex":0,"rotation":0,"texture":"#0"}}},{"from":[-16.0,17.0,-3.0],"to":[0.0,21.0,0.0],"faces":{"east":{"uv":[4.0,5.0,4.75,4.0],"tintindex":0,"rotation":0,"texture":"#0"},"south":{"uv":[4.0,4.0,8.0,5.0],"tintindex":0,"rotation":0,"texture":"#0"},"north":{"uv":[4.0,4.0,8.0,5.0],"tintindex":0,"rotation":0,"texture":"#0"},"west":{"uv":[7.25,5.0,8.0,4.0],"tintindex":0,"rotation":0,"texture":"#0"},"up":{"uv":[4.0,3.25,8.0,4.0],"tintindex":0,"rotation":0,"texture":"#0"},"down":{"uv":[4.0,0.0,8.0,0.75],"tintindex":0,"rotation":0,"texture":"#0"}}},{"from":[16.0,17.0,29.0],"to":[32.0,21.0,32.0],"faces":{"east":{"uv":[4.0,5.0,4.75,4.0],"tintindex":0,"rotation":0,"texture":"#0"},"south":{"uv":[4.0,4.0,8.0,5.0],"tintindex":0,"rotation":0,"texture":"#0"},"north":{"uv":[4.0,4.0,8.0,5.0],"tintindex":0,"rotation":0,"texture":"#0"},"west":{"uv":[7.25,5.0,8.0,4.0],"tintindex":0,"rotation":0,"texture":"#0"},"up":{"uv":[4.0,3.25,8.0,4.0],"tintindex":0,"rotation":0,"texture":"#0"},"down":{"uv":[4.0,0.0,8.0,0.75],"tintindex":0,"rotation":0,"texture":"#0"}}},{"from":[29.0,17.0,19.0],"to":[32.0,21.0,29.0],"faces":{"east":{"uv":[4.75,5.0,7.25,4.0],"tintindex":0,"rotation":0,"texture":"#0"},"south":{"uv":[7.25,4.0,8.0,5.0],"tintindex":0,"rotation":0,"texture":"#0"},"north":{"uv":[4.0,4.0,4.75,5.0],"tintindex":0,"rotation":0,"texture":"#0"},"west":{"uv":[4.75,5.0,7.25,4.0],"tintindex":0,"rotation":0,"texture":"#0"},"up":{"uv":[7.25,0.75,8.0,3.25],"tintindex":0,"rotation":0,"texture":"#0"},"down":{"uv":[7.25,0.75,8.0,3.25],"tintindex":0,"rotation":0,"texture":"#0"}}},{"from":[16.0,17.0,-16.0],"to":[32.0,21.0,-13.0],"faces":{"east":{"uv":[7.25,5.0,8.0,4.0],"tintindex":0,"rotation":0,"texture":"#0"},"south":{"uv":[4.0,4.0,8.0,5.0],"tintindex":0,"rotation":0,"texture":"#0"},"north":{"uv":[4.0,4.0,8.0,5.0],"tintindex":0,"rotation":0,"texture":"#0"},"west":{"uv":[4.0,5.0,4.75,4.0],"tintindex":0,"rotation":0,"texture":"#0"},"up":{"uv":[4.0,0.0,8.0,0.75],"tintindex":0,"rotation":0,"texture":"#0"},"down":{"uv":[4.0,3.25,8.0,4.0],"tintindex":0,"rotation":0,"texture":"#0"}}},{"from":[19.0,19.0,-13.0],"to":[29.0,19.0,-3.0],"faces":{"up":{"uv":[3.0,3.0,13.0,13.0],"tintindex":0,"rotation":0,"texture":"#1"},"down":{"uv":[3.0,3.0,13.0,13.0],"tintindex":0,"rotation":90,"texture":"#1"}}},{"from":[7.0,5.0,0.0],"to":[9.0,9.0,1.0],"faces":{"east":{"uv":[11.0,4.75,11.25,3.75],"tintindex":0,"rotation":0,"texture":"#0"},"south":{"uv":[11.75,4.75,11.25,3.75],"tintindex":0,"rotation":0,"texture":"#0"},"north":{"uv":[12.5,4.75,12.0,3.75],"tintindex":0,"rotation":0,"texture":"#0"},"west":{"uv":[11.75,4.75,12.0,3.75],"tintindex":0,"rotation":0,"texture":"#0"},"up":{"uv":[12.25,3.5,11.75,3.75],"tintindex":0,"rotation":0,"texture":"#0"},"down":{"uv":[11.75,3.5,11.25,3.75],"tintindex":0,"rotation":0,"texture":"#0"}}},{"from":[-13.0,19.0,-13.0],"to":[-3.0,19.0,-3.0],"faces":{"up":{"uv":[3.0,3.0,13.0,13.0],"tintindex":0,"rotation":0,"texture":"#1"},"down":{"uv":[3.0,3.0,13.0,13.0],"tintindex":0,"rotation":90,"texture":"#1"}}},{"from":[19.0,19.0,19.0],"to":[29.0,19.0,29.0],"faces":{"up":{"uv":[3.0,3.0,13.0,13.0],"tintindex":0,"rotation":0,"texture":"#1"},"down":{"uv":[3.0,3.0,13.0,13.0],"tintindex":0,"rotation":90,"texture":"#1"}}},{"from":[-13.0,19.0,19.0],"to":[-3.0,19.0,29.0],"faces":{"up":{"uv":[3.0,3.0,13.0,13.0],"tintindex":0,"rotation":0,"texture":"#1"},"down":{"uv":[3.0,3.0,13.0,13.0],"tintindex":0,"rotation":90,"texture":"#1"}}},{"from":[-3.0,17.0,-13.0],"to":[0.0,21.0,-3.0],"faces":{"east":{"uv":[4.75,5.0,7.25,4.0],"tintindex":0,"rotation":0,"texture":"#0"},"south":{"uv":[7.25,4.0,8.0,5.0],"tintindex":0,"rotation":0,"texture":"#0"},"north":{"uv":[4.0,4.0,4.75,5.0],"tintindex":0,"rotation":0,"texture":"#0"},"west":{"uv":[4.75,5.0,7.25,4.0],"tintindex":0,"rotation":0,"texture":"#0"},"up":{"uv":[7.25,0.75,8.0,3.25],"tintindex":0,"rotation":0,"texture":"#0"},"down":{"uv":[7.25,0.75,8.0,3.25],"tintindex":0,"rotation":0,"texture":"#0"}}},{"from":[-16.0,17.0,-16.0],"to":[0.0,21.0,-13.0],"faces":{"east":{"uv":[7.25,5.0,8.0,4.0],"tintindex":0,"rotation":0,"texture":"#0"},"south":{"uv":[4.0,4.0,8.0,5.0],"tintindex":0,"rotation":0,"texture":"#0"},"north":{"uv":[4.0,4.0,8.0,5.0],"tintindex":0,"rotation":0,"texture":"#0"},"west":{"uv":[4.0,5.0,4.75,4.0],"tintindex":0,"rotation":0,"texture":"#0"},"up":{"uv":[4.0,0.0,8.0,0.75],"tintindex":0,"rotation":0,"texture":"#0"},"down":{"uv":[4.0,3.25,8.0,4.0],"tintindex":0,"rotation":0,"texture":"#0"}}}],"display":{"head":{"rotation":[0.0,0.0,0.0]},"firstperson_righthand":{"rotation":[0.0,0.0,0.0]},"thirdperson_lefthand":{"rotation":[0.0,-0.0,-0.0]},"firstperson_lefthand":{"rotation":[0.0,-0.0,-0.0]},"fixed":{"rotation":[0.0,0.0,0.0]},"ground":{"rotation":[0.0,0.0,0.0]},"thirdperson_righthand":{"rotation":[0.0,0.0,0.0]},"gui":{"rotation":[-150.0,-45.0,180.0]}}}