{
	"credit": "Made with Blockbench",
	"texture_size": [64, 64],
	"textures": {
		"0": "block/twisting_vines",
		"particle": "block/twisting_vines_blossom2"
	},
	"elements": [
		{
			"from": [8, -16, -16],
			"to": [8, 32, 32],
			"shade": false,
			"rotation": {"angle": -22.5, "axis": "y", "origin": [8, 12, 8]},
			"faces": {
				"north": {"uv": [0, 0, 0, 12], "texture": "#particle", "tintindex": 0},
				"east": {"uv": [0, 0, 12, 12], "texture": "#particle", "tintindex": 0},
				"south": {"uv": [0, 0, 0, 12], "texture": "#particle", "tintindex": 0},
				"west": {"uv": [0, 0, 12, 12], "texture": "#particle", "tintindex": 0},
				"up": {"uv": [0, 6.5, 12, 6.5], "rotation": 90, "texture": "#particle", "tintindex": 0},
				"down": {"uv": [0, 6.5, 12, 6.5], "rotation": 270, "texture": "#particle", "tintindex": 0}
			}
		},
		{
			"from": [-16, -16, 8],
			"to": [32, 32, 8],
			"shade": false,
			"rotation": {"angle": 0, "axis": "y", "origin": [8, 12, 8]},
			"faces": {
				"north": {"uv": [0, 0, 12, 12], "texture": "#particle", "tintindex": 0},
				"east": {"uv": [0, 0, 0, 12], "texture": "#particle", "tintindex": 0},
				"south": {"uv": [0, 0, 12, 12], "texture": "#particle", "tintindex": 0},
				"west": {"uv": [0, 0, 0, 12], "texture": "#particle", "tintindex": 0},
				"up": {"uv": [0, 6.5, 12, 6.5], "rotation": 180, "texture": "#particle", "tintindex": 0},
				"down": {"uv": [0, 6.5, 12, 6.5], "rotation": 180, "texture": "#particle", "tintindex": 0}
			}
		},
		{
			"from": [0, 0, 8],
			"to": [16, 16, 8],
			"shade": false,
			"rotation": {"angle": 45, "axis": "y", "origin": [8, 12, 8]},
			"faces": {
				"north": {"uv": [0, 0, 16, 16], "texture": "#0", "tintindex": 0},
				"east": {"uv": [0, 0, 0, 0], "texture": "#0", "tintindex": 0},
				"south": {"uv": [0, 0, 16, 16], "texture": "#0", "tintindex": 0},
				"west": {"uv": [0, 0, 0, 0], "texture": "#0", "tintindex": 0},
				"up": {"uv": [0, 6.5, 0, 6.5], "rotation": 180, "texture": "#0", "tintindex": 0},
				"down": {"uv": [0, 6.5, 0, 6.5], "rotation": 180, "texture": "#0", "tintindex": 0}
			}
		},
		{
			"from": [8, 0, 0],
			"to": [8, 16, 16],
			"shade": false,
			"rotation": {"angle": 45, "axis": "y", "origin": [8, 12, 8]},
			"faces": {
				"north": {"uv": [0, 0, 0, 0], "texture": "#0", "tintindex": 0},
				"east": {"uv": [0, 0, 16, 16], "texture": "#0", "tintindex": 0},
				"south": {"uv": [0, 0, 0, 0], "texture": "#0", "tintindex": 0},
				"west": {"uv": [0, 0, 16, 16], "texture": "#0", "tintindex": 0},
				"up": {"uv": [0, 6.5, 0, 6.5], "rotation": 90, "texture": "#0", "tintindex": 0},
				"down": {"uv": [0, 6.5, 0, 6.5], "rotation": 270, "texture": "#0", "tintindex": 0}
			}
		},
		{
			"from": [8, -16, -16],
			"to": [8, 32, 32],
			"shade": false,
			"rotation": {"angle": 22.5, "axis": "y", "origin": [8, 12, 8]},
			"faces": {
				"north": {"uv": [0, 0, 0, 12], "texture": "#particle", "tintindex": 0},
				"east": {"uv": [0, 0, 12, 12], "texture": "#particle", "tintindex": 0},
				"south": {"uv": [0, 0, 0, 12], "texture": "#particle", "tintindex": 0},
				"west": {"uv": [0, 0, 12, 12], "texture": "#particle", "tintindex": 0},
				"up": {"uv": [0, 6.5, 12, 6.5], "rotation": 270, "texture": "#particle", "tintindex": 0},
				"down": {"uv": [0, 6.5, 12, 6.5], "rotation": 90, "texture": "#particle", "tintindex": 0}
			}
		}
	],
	"display": {
		"thirdperson_righthand": {
			"rotation": [75, -135, 0],
			"translation": [0, 2.75, 0],
			"scale": [0.31, 0.31, 0.31]
		},
		"thirdperson_lefthand": {
			"rotation": [75, 135, 0],
			"translation": [0, 2.75, 0],
			"scale": [0.31, 0.31, 0.31]
		},
		"firstperson_righthand": {
			"rotation": [0, 45, 0],
			"scale": [0.4, 0.4, 0.4]
		},
		"firstperson_lefthand": {
			"rotation": [0, -135, 0],
			"scale": [0.4, 0.4, 0.4]
		},
		"ground": {
			"rotation": [0, 180, 0],
			"translation": [0, 3, 0],
			"scale": [0.25, 0.25, 0.25]
		},
		"gui": {
			"rotation": [30, 45, 0],
			"translation": [0, -2.75, 0],
			"scale": [0.75, 0.75, 0.75]
		},
		"head": {
			"rotation": [0, 180, 0],
			"translation": [0, -6.5, 0],
			"scale": [1.6, 1.6, 1.6]
		},
		"fixed": {
			"rotation": [0, 180, 0],
			"scale": [0.68, 0.68, 0.68]
		}
	}
}