{"textures":{"0":"modelengine:entity/lamppost","particle":"#0"},"elements":[{"from":[7.59,11.2,7.59],"to":[8.41,24.0,8.41],"faces":{"east":{"uv":[0.0,0.0,1.0,16.0],"tintindex":0,"rotation":0,"texture":"#0"},"south":{"uv":[0.0,0.0,1.0,16.0],"tintindex":0,"rotation":0,"texture":"#0"},"north":{"uv":[0.0,0.0,1.0,16.0],"tintindex":0,"rotation":0,"texture":"#0"},"west":{"uv":[0.0,0.0,1.0,16.0],"tintindex":0,"rotation":0,"texture":"#0"},"up":{"uv":[0.0,0.0,1.0,1.0],"tintindex":0,"rotation":0,"texture":"#0"},"down":{"uv":[0.0,0.0,1.0,1.0],"tintindex":0,"rotation":0,"texture":"#0"}}},{"from":[6.2,27.2,6.2],"to":[9.8,27.800001,9.8],"faces":{"east":{"uv":[11.5,5.75,16.0,6.5],"tintindex":0,"rotation":0,"texture":"#0"},"south":{"uv":[11.5,5.75,16.0,6.5],"tintindex":0,"rotation":0,"texture":"#0"},"north":{"uv":[11.5,5.75,16.0,6.5],"tintindex":0,"rotation":0,"texture":"#0"},"west":{"uv":[11.5,5.75,16.0,6.5],"tintindex":0,"rotation":0,"texture":"#0"},"up":{"uv":[11.5,6.5,16.0,11.0],"tintindex":0,"rotation":0,"texture":"#0"},"down":{"uv":[11.5,6.5,16.0,11.0],"tintindex":0,"rotation":0,"texture":"#0"}}},{"from":[7.2,21.8,7.2],"to":[8.8,22.8,8.8],"faces":{"east":{"uv":[1.0,3.5,3.0,4.75],"tintindex":0,"rotation":0,"texture":"#0"},"south":{"uv":[1.0,3.5,3.0,4.75],"tintindex":0,"rotation":0,"texture":"#0"},"north":{"uv":[1.0,3.5,3.0,4.75],"tintindex":0,"rotation":0,"texture":"#0"},"west":{"uv":[1.0,3.5,3.0,4.75],"tintindex":0,"rotation":0,"texture":"#0"},"up":{"uv":[1.0,4.75,3.0,6.75],"tintindex":0,"rotation":0,"texture":"#0"},"down":{"uv":[1.0,4.75,3.0,6.75],"tintindex":0,"rotation":0,"texture":"#0"}}},{"from":[6.6,24.0,7.2],"to":[9.4,27.2,8.8],"faces":{"east":{"uv":[3.0,0.0,5.0,4.0],"tintindex":0,"rotation":0,"texture":"#0"},"south":{"uv":[5.0,0.0,8.5,4.0],"tintindex":0,"rotation":0,"texture":"#0"},"north":{"uv":[5.0,0.0,8.5,4.0],"tintindex":0,"rotation":0,"texture":"#0"},"west":{"uv":[3.0,0.0,5.0,4.0],"tintindex":0,"rotation":0,"texture":"#0"},"up":{"uv":[1.0,0.0,3.0,3.5],"tintindex":0,"rotation":90,"texture":"#0"},"down":{"uv":[1.0,0.0,3.0,3.5],"tintindex":0,"rotation":270,"texture":"#0"}}},{"from":[7.4,11.6,7.4],"to":[8.6,12.200001,8.6],"faces":{"east":{"uv":[4.5,4.0,6.0,4.75],"tintindex":0,"rotation":0,"texture":"#0"},"south":{"uv":[4.5,4.0,6.0,4.75],"tintindex":0,"rotation":0,"texture":"#0"},"north":{"uv":[4.5,4.0,6.0,4.75],"tintindex":0,"rotation":0,"texture":"#0"},"west":{"uv":[4.5,4.0,6.0,4.75],"tintindex":0,"rotation":0,"texture":"#0"},"up":{"uv":[4.5,4.75,6.0,6.25],"tintindex":0,"rotation":0,"texture":"#0"},"down":{"uv":[1.0,6.5,1.25,6.75],"tintindex":0,"rotation":0,"texture":"#0"}}},{"from":[7.2,8.0,7.2],"to":[8.8,9.0,8.8],"faces":{"east":{"uv":[1.0,4.75,3.0,3.5],"tintindex":0,"rotation":0,"texture":"#0"},"south":{"uv":[1.0,4.75,3.0,3.5],"tintindex":0,"rotation":0,"texture":"#0"},"north":{"uv":[1.0,4.75,3.0,3.5],"tintindex":0,"rotation":0,"texture":"#0"},"west":{"uv":[1.0,4.75,3.0,3.5],"tintindex":0,"rotation":0,"texture":"#0"},"up":{"uv":[1.0,6.5,1.25,6.75],"tintindex":0,"rotation":0,"texture":"#0"},"down":{"uv":[1.0,4.75,3.0,6.75],"tintindex":0,"rotation":0,"texture":"#0"}}},{"from":[7.2,10.2,7.2],"to":[8.8,11.2,8.8],"faces":{"east":{"uv":[1.0,3.5,3.0,4.75],"tintindex":0,"rotation":0,"texture":"#0"},"south":{"uv":[1.0,3.5,3.0,4.75],"tintindex":0,"rotation":0,"texture":"#0"},"north":{"uv":[1.0,3.5,3.0,4.75],"tintindex":0,"rotation":0,"texture":"#0"},"west":{"uv":[1.0,3.5,3.0,4.75],"tintindex":0,"rotation":0,"texture":"#0"},"up":{"uv":[1.0,4.75,3.0,6.75],"tintindex":0,"rotation":0,"texture":"#0"},"down":{"uv":[1.0,6.5,1.25,6.75],"tintindex":0,"rotation":0,"texture":"#0"}}}],"display":{"head":{"rotation":[0.0,0.0,0.0]},"firstperson_righthand":{"rotation":[0.0,0.0,0.0]},"thirdperson_lefthand":{"rotation":[0.0,-0.0,-0.0]},"firstperson_lefthand":{"rotation":[0.0,-0.0,-0.0]},"fixed":{"rotation":[0.0,0.0,0.0]},"ground":{"rotation":[0.0,0.0,0.0]},"thirdperson_righthand":{"rotation":[0.0,0.0,0.0]},"gui":{"rotation":[-150.0,-45.0,180.0]}}}