{"textures":{"0":"modelengine:entity/lamppost","particle":"#0"},"elements":[{"from":[7.25,7.25,7.25],"to":[8.75,8.75,8.75],"faces":{"east":{"uv":[3.0,4.0,4.5,5.5],"tintindex":0,"rotation":0,"texture":"#0"},"south":{"uv":[3.0,4.0,4.5,5.5],"tintindex":0,"rotation":0,"texture":"#0"},"north":{"uv":[3.0,4.0,4.5,5.5],"tintindex":0,"rotation":0,"texture":"#0"},"west":{"uv":[3.0,4.0,4.5,5.5],"tintindex":0,"rotation":0,"texture":"#0"},"up":{"uv":[3.0,4.0,4.5,5.5],"tintindex":0,"rotation":0,"texture":"#0"},"down":{"uv":[3.0,4.0,4.5,5.5],"tintindex":0,"rotation":0,"texture":"#0"}}},{"from":[6.75,26.5,6.25],"to":[9.25,30.0,9.75],"faces":{"east":{"uv":[11.0,2.5,14.5,5.75],"tintindex":0,"rotation":0,"texture":"#0"},"south":{"uv":[8.5,0.0,11.0,3.25],"tintindex":0,"rotation":0,"texture":"#0"},"north":{"uv":[8.5,0.0,11.0,3.25],"tintindex":0,"rotation":0,"texture":"#0"},"west":{"uv":[11.0,2.5,14.5,5.75],"tintindex":0,"rotation":0,"texture":"#0"},"up":{"uv":[11.0,0.0,14.5,2.5],"tintindex":0,"rotation":90,"texture":"#0"},"down":{"uv":[11.0,0.0,14.5,2.5],"tintindex":0,"rotation":270,"texture":"#0"}}}],"display":{"head":{"rotation":[0.0,0.0,0.0]},"firstperson_righthand":{"rotation":[0.0,0.0,0.0]},"thirdperson_lefthand":{"rotation":[0.0,-0.0,-0.0]},"firstperson_lefthand":{"rotation":[0.0,-0.0,-0.0]},"fixed":{"rotation":[0.0,0.0,0.0]},"ground":{"rotation":[0.0,0.0,0.0]},"thirdperson_righthand":{"rotation":[0.0,0.0,0.0]},"gui":{"rotation":[-150.0,-45.0,180.0]}}}