{
  "multipart": [
    {"when": {"axis": "x"},"apply": [
      { "model": "minecraft:block/birch_log_horizontal", "x": 90, "y": 90 },
      { "model": "minecraft:block/birch_log_horizontal2", "x": 90, "y": 90 }
    ]},
    {"when": {"axis": "y"},"apply": [
      { "model": "minecraft:block/birch_log" },
      { "model": "minecraft:block/birch_log2" }
    ]},
    {"when": {"axis": "z"},"apply": [
      { "model": "minecraft:block/birch_log_horizontal", "x": 90 },
      { "model": "minecraft:block/birch_log_horizontal2", "x": 90 }
    ]}
  ]
}