{
    "variants": {
        "facing=north": [
            { "model": "block/carved_pumpkin1", "weight": 10},
            { "model": "block/carved_pumpkin2", "weight": 10},
            { "model": "block/carved_pumpkin3", "weight": 10},
            { "model": "block/carved_pumpkin4", "weight": 10},
            { "model": "block/carved_pumpkin5", "weight": 10},
            { "model": "block/carved_pumpkin6", "weight": 10},
            { "model": "block/carved_pumpkin7", "weight": 10},
            { "model": "block/carved_pumpkin8", "weight": 1},
            { "model": "block/carved_pumpkin9", "weight": 10}
            ],
        "facing=south": [
            { "model": "block/carved_pumpkin1", "weight": 10, "y": 180 },
            { "model": "block/carved_pumpkin2", "weight": 10, "y": 180 },
            { "model": "block/carved_pumpkin3", "weight": 10, "y": 180 },
            { "model": "block/carved_pumpkin4", "weight": 10, "y": 180 },
            { "model": "block/carved_pumpkin5", "weight": 10, "y": 180 },
            { "model": "block/carved_pumpkin6", "weight": 10, "y": 180 },
            { "model": "block/carved_pumpkin7", "weight": 10, "y": 180 },
            { "model": "block/carved_pumpkin8", "weight": 1, "y": 180 },
            { "model": "block/carved_pumpkin9", "weight": 10, "y": 180 }
            ],
        "facing=west":  [
            { "model": "block/carved_pumpkin1", "weight": 10, "y": 270 },
            { "model": "block/carved_pumpkin2", "weight": 10, "y": 270 },
            { "model": "block/carved_pumpkin3", "weight": 10, "y": 270 },
            { "model": "block/carved_pumpkin4", "weight": 10, "y": 270 },
            { "model": "block/carved_pumpkin5", "weight": 10, "y": 270 },
            { "model": "block/carved_pumpkin6", "weight": 10, "y": 270 },
            { "model": "block/carved_pumpkin7", "weight": 10, "y": 270 },
            { "model": "block/carved_pumpkin8", "weight": 1, "y": 270 },
            { "model": "block/carved_pumpkin9", "weight": 10, "y": 270 }
            ],
        "facing=east":  [
            { "model": "block/carved_pumpkin1", "weight": 10, "y": 90 },
            { "model": "block/carved_pumpkin2", "weight": 10, "y": 90 },
            { "model": "block/carved_pumpkin3", "weight": 10, "y": 90 },
            { "model": "block/carved_pumpkin4", "weight": 10, "y": 90 },
            { "model": "block/carved_pumpkin5", "weight": 10, "y": 90 },
            { "model": "block/carved_pumpkin6", "weight": 10, "y": 90 },
            { "model": "block/carved_pumpkin7", "weight": 10, "y": 90 },
            { "model": "block/carved_pumpkin8", "weight": 1, "y": 90 },
            { "model": "block/carved_pumpkin9", "weight": 10, "y": 90 }
            ]
    }
}
