{
  "variants": {
    "": [
      {
        "model": "minecraft:block/crimson_fungus", "weight": 16
      },
      {
        "model": "minecraft:block/crimson_fungus_blossom1", "weight": 1
      },
      {
        "model": "minecraft:block/crimson_fungus_blossom1", "weight": 1,
        "y": 180
      },
      {
        "model": "minecraft:block/crimson_fungus_blossom2", "weight": 1
      },
      {
        "model": "minecraft:block/crimson_fungus_blossom2", "weight": 1,
        "y": 180
      }
    ]
  }
}