{
  "multipart": [
    {"when": {"type": "bottom"},"apply": [
      { "model": "minecraft:block/mossy_cobblestone_slab" },
      { "model": "minecraft:block/mossy_cobblestone_slab2" }
    ]},
    {"when": {"type": "double"},"apply": [
      { "model": "minecraft:block/mossy_cobblestone" },
      { "model": "minecraft:block/mossy_cobblestone2" }
    ]},
    {"when": {"type": "top"},"apply": [
      { "model": "minecraft:block/mossy_cobblestone_slab_top" },
      { "model": "minecraft:block/mossy_cobblestone_slab_top2" }
    ]}
  ]
}