{
  "variants": {
    "age=0": {
      "model": "minecraft:block/potatoes_stage1"
    },
    "age=1": {
      "model": "minecraft:block/custom/crop/bread_1"
    },
    "age=2": {
      "model": "minecraft:block/custom/crop/moonflower_1"
    },
    "age=3": {
      "model": "minecraft:block/custom/crop/lavender_2"
    },
    "age=4": {
      "model": "minecraft:block/custom/crop/grapes_1"
    },
    "age=5": {
      "model": "minecraft:block/custom/crop/grapes_2"
    },
    "age=6": {
      "model": "minecraft:block/custom/crop/carrots_3"
    },
    "age=7": {
      "model": "minecraft:block/custom/crop/moonflower_3"
    }
  }
}