{
  "variants": {
    "": [
      {"model": "minecraft:block/warped_fungus1", "weight": 1},
      {"model": "minecraft:block/warped_fungus2", "weight": 1},
      {"model": "minecraft:block/warped_fungus3", "weight": 1},
      {"model": "minecraft:block/warped_fungus4", "weight": 1},
      {"model": "minecraft:block/warped_fungus5", "weight": 1},
      {"model": "minecraft:block/warped_fungus6", "weight": 1},
      {"model": "minecraft:block/warped_fungus7", "weight": 1},
      {"model": "minecraft:block/warped_fungus8", "weight": 1},
      {"model": "minecraft:block/warped_fungus9", "weight": 4},
      {"model": "minecraft:block/warped_fungus10", "weight": 4},
      {"model": "minecraft:block/warped_fungus11", "weight": 4},
      {"model": "minecraft:block/warped_fungus12", "weight": 4}
    ]
  }
}