{
  "variants": {
    "age=0": {
      "model": "minecraft:block/custom/crop/carrots_1"
    },
    "age=1": {
      "model": "minecraft:block/custom/crop/corn_1"
    },
    "age=2": {
      "model": "minecraft:block/custom/crop/bread_2"
    },
    "age=3": {
      "model": "minecraft:block/custom/crop/corn_2"
    },
    "age=4": {
      "model": "minecraft:block/custom/crop/wheat_3"
    },
    "age=5": {
      "model": "minecraft:block/custom/crop/grapes_3"
    },
    "age=6": {
      "model": "minecraft:block/custom/crop/tomatoes_3"
    },
    "age=7": {
      "model": "minecraft:block/custom/crop/corn_3"
    }
  }
}