{
	"credit": "Made with Blockbench",
	"texture_size": [64, 64],
	"textures": {
		"0": "custom/block/bench",
		"particle": "custom/block/bench"
	},
	"elements": [
		{
			"from": [-12, 6, 10],
			"to": [28, 8, 15],
			"rotation": {"angle": 0, "axis": "y", "origin": [8, 7, 12]},
			"faces": {
				"north": {"uv": [10, 1.25, 0, 1.75], "texture": "#0"},
				"east": {"uv": [11.25, 1.25, 10, 1.75], "texture": "#0"},
				"south": {"uv": [0, 1.25, 10, 1.75], "texture": "#0"},
				"west": {"uv": [11.25, 1.25, 10, 1.75], "texture": "#0"},
				"up": {"uv": [0, 1.25, 10, 0], "texture": "#0"},
				"down": {"uv": [0, 3, 10, 1.75], "texture": "#0"}
			}
		},
		{
			"from": [28, 0, 0],
			"to": [32, 12, 16],
			"rotation": {"angle": 0, "axis": "y", "origin": [30, 7, 8]},
			"faces": {
				"north": {"uv": [6, 3.5, 5, 6.5], "texture": "#0"},
				"east": {"uv": [4, 3.5, 0, 6.5], "texture": "#0"},
				"south": {"uv": [6, 3.5, 5, 6.5], "texture": "#0"},
				"west": {"uv": [4, 3.5, 0, 6.5], "texture": "#0"},
				"up": {"uv": [4, 7.5, 5, 3.5], "texture": "#0"},
				"down": {"uv": [4, 7.5, 5, 3.5], "texture": "#0"}
			}
		},
		{
			"from": [-16, 0, 0],
			"to": [-12, 12, 16],
			"rotation": {"angle": 0, "axis": "y", "origin": [-14, 7, 8]},
			"faces": {
				"north": {"uv": [5, 3.5, 6, 6.5], "texture": "#0"},
				"east": {"uv": [0, 3.5, 4, 6.5], "texture": "#0"},
				"south": {"uv": [5, 3.5, 6, 6.5], "texture": "#0"},
				"west": {"uv": [0, 3.5, 4, 6.5], "texture": "#0"},
				"up": {"uv": [5, 7.5, 4, 3.5], "texture": "#0"},
				"down": {"uv": [5, 7.5, 4, 3.5], "texture": "#0"}
			}
		},
		{
			"from": [-12, 6, 4],
			"to": [28, 8, 9],
			"rotation": {"angle": 0, "axis": "x", "origin": [8, 8, 9]},
			"faces": {
				"north": {"uv": [0, 1.25, 10, 1.75], "texture": "#0"},
				"east": {"uv": [11.25, 1.25, 10, 1.75], "texture": "#0"},
				"south": {"uv": [10, 1.25, 0, 1.75], "texture": "#0"},
				"west": {"uv": [11.25, 1.25, 10, 1.75], "texture": "#0"},
				"up": {"uv": [10, 0, 0, 1.25], "texture": "#0"},
				"down": {"uv": [10, 1.75, 0, 3], "texture": "#0"}
			}
		},
		{
			"from": [-12, 9.5, 1],
			"to": [28, 14.5, 3],
			"rotation": {"angle": -22.5, "axis": "x", "origin": [8, 11.5, 2]},
			"faces": {
				"north": {"uv": [10, 3, 0, 1.75], "texture": "#0"},
				"east": {"uv": [10, 1.75, 11.25, 1.25], "rotation": 90, "texture": "#0"},
				"south": {"uv": [10, 1.25, 0, 0], "rotation": 180, "texture": "#0"},
				"west": {"uv": [10, 1.75, 11.25, 1.25], "rotation": 270, "texture": "#0"},
				"up": {"uv": [0, 1.75, 10, 1.25], "texture": "#0"},
				"down": {"uv": [10, 1.75, 0, 1.25], "rotation": 180, "texture": "#0"}
			}
		}
	],
	"gui_light": "front",
	"display": {
		"thirdperson_righthand": {
			"rotation": [-31.03, 73.68, 51.21],
			"translation": [0.5, 1.5, 0.25],
			"scale": [0.66, 0.66, 0.66]
		},
		"thirdperson_lefthand": {
			"rotation": [157.56, -73.32, 129.2],
			"translation": [0.5, 1.5, 0.5],
			"scale": [0.66, 0.66, 0.66]
		},
		"firstperson_righthand": {
			"rotation": [-180, 46, -180],
			"translation": [10.25, 2.45, -3.5]
		},
		"firstperson_lefthand": {
			"rotation": [0, -46, 0],
			"translation": [10.25, 2.45, -3.5]
		},
		"ground": {
			"translation": [0, 3.5, 0]
		},
		"gui": {
			"rotation": [30, -45, 0],
			"scale": [0.77, 0.77, 0.77]
		},
		"head": {
			"translation": [0, 14, 0]
		},
		"fixed": {
			"rotation": [-90, 0, 0],
			"translation": [0, 0, -16],
			"scale": [2, 2, 2]
		}
	}
}