{
	"credit": "Made with Blockbench",
	"texture_size": [512, 512],
	"textures": {
		"1": "custom/block/big_title",
		"particle": "custom/block/big_title"
	},
	"elements": [
		{
			"from": [-16, -16, 8],
			"to": [32, 32, 8],
			"rotation": {"angle": 0, "axis": "y", "origin": [8, 10, 8]},
			"faces": {
				"north": {"uv": [0, 0, 16, 16], "texture": "#1"},
				"east": {"uv": [0, 0, 0, 0], "texture": "#1"},
				"south": {"uv": [16, 0, 0, 16], "texture": "#1"},
				"west": {"uv": [0, 0, 0, 0], "texture": "#1"},
				"up": {"uv": [0, 0, 0, 0], "texture": "#1"},
				"down": {"uv": [0, 0, 0, 0], "texture": "#1"}
			}
		}
	],
	"display": {
		"thirdperson_righthand": {
			"rotation": [90, -90, 0],
			"translation": [0, 7.5, 3],
			"scale": [0.31, 0.31, 0.31]
		},
		"thirdperson_lefthand": {
			"rotation": [90, 90, 0],
			"translation": [0, 7.5, 3],
			"scale": [0.31, 0.31, 0.31]
		},
		"firstperson_righthand": {
			"rotation": [0, -90, 0],
			"translation": [0, 3.75, 0],
			"scale": [0.4, 0.4, 0.4]
		},
		"firstperson_lefthand": {
			"rotation": [0, 90, 0],
			"translation": [0, 3.75, 0],
			"scale": [0.4, 0.4, 0.4]
		},
		"ground": {
			"translation": [0, 5, 0]
		},
		"gui": {
			"rotation": [0, -180, 23],
			"translation": [0, 0.75, 0],
			"scale": [0.57, 0.57, 0.57]
		},
		"head": {
			"translation": [0, 0, 1.25],
			"scale": [2.667, 2.667, 2.667]
		},
		"fixed": {
			"translation": [0, 48, -11.05],
			"scale": [4, 4, 4]
		}
	}
}