{
	"credit": "Made with Blockbench",
	"texture_size": [64, 64],
	"textures": {
		"0": "custom/block/bench",
		"particle": "custom/block/bench"
	},
	"elements": [
		{
			"from": [0, 0, 0],
			"to": [16, 2, 16],
			"faces": {
				"north": {"uv": [12, 0, 16, 0.5], "texture": "#0"},
				"east": {"uv": [12, 0, 16, 0.5], "texture": "#0"},
				"south": {"uv": [12, 0, 16, 0.5], "texture": "#0"},
				"west": {"uv": [12, 0, 16, 0.5], "texture": "#0"},
				"up": {"uv": [12, 0.5, 16, 4.5], "texture": "#0"},
				"down": {"uv": [12, 0.5, 16, 4.5], "texture": "#0"}
			}
		},
		{
			"from": [3, 2, 3],
			"to": [13, 10, 13],
			"faces": {
				"north": {"uv": [13.5, 4.5, 16, 6.5], "texture": "#0"},
				"east": {"uv": [13.5, 4.5, 16, 6.5], "texture": "#0"},
				"south": {"uv": [13.5, 4.5, 16, 6.5], "texture": "#0"},
				"west": {"uv": [13.5, 4.5, 16, 6.5], "texture": "#0"},
				"up": {"uv": [11, 4.5, 13.5, 7], "texture": "#0"},
				"down": {"uv": [11, 4.5, 13.5, 7], "texture": "#0"}
			}
		},
		{
			"from": [5, 10, 5],
			"to": [11, 18, 11],
			"faces": {
				"north": {"uv": [10.5, 2.5, 12, 4.5], "texture": "#0"},
				"east": {"uv": [10.5, 2.5, 12, 4.5], "texture": "#0"},
				"south": {"uv": [10.5, 2.5, 12, 4.5], "texture": "#0"},
				"west": {"uv": [10.5, 2.5, 12, 4.5], "texture": "#0"},
				"up": {"uv": [9, 3, 10.5, 4.5], "texture": "#0"},
				"down": {"uv": [9, 3, 10.5, 4.5], "texture": "#0"}
			}
		}
	],
	"gui_light": "front",
	"display": {
		"thirdperson_righthand": {
			"rotation": [-31.03, 73.68, 51.21],
			"translation": [0.5, 1.5, 0.25],
			"scale": [0.66, 0.66, 0.66]
		},
		"thirdperson_lefthand": {
			"rotation": [157.56, -73.32, 129.2],
			"translation": [0.5, 1.5, 0.5],
			"scale": [0.66, 0.66, 0.66]
		},
		"firstperson_righthand": {
			"rotation": [-180, 46, -180],
			"translation": [10.25, 2.45, -3.5]
		},
		"firstperson_lefthand": {
			"rotation": [0, -46, 0],
			"translation": [10.25, 2.45, -3.5]
		},
		"ground": {
			"translation": [0, 3.5, 0]
		},
		"gui": {
			"rotation": [30, -45, 0],
			"scale": [0.77, 0.77, 0.77]
		},
		"head": {
			"translation": [0, 14, 0]
		},
		"fixed": {
			"rotation": [-90, 0, 0],
			"translation": [0, 0, -16],
			"scale": [2, 2, 2]
		}
	}
}