{
	"credit": "Made with Blockbench",
	"texture_size": [64, 64],
	"textures": {
		"0": "custom/block/drone",
		"1": "block/spruce_trapdoor",
		"particle": "custom/block/drone"
	},
	"elements": [
		{
			"from": [0, 16, 0],
			"to": [16, 24, 16],
			"rotation": {"angle": 0, "axis": "y", "origin": [8, 16, 8]},
			"faces": {
				"north": {"uv": [0, 6, 4, 4], "texture": "#0"},
				"east": {"uv": [0, 4, 4, 6], "texture": "#0"},
				"south": {"uv": [0, 6, 4, 4], "texture": "#0"},
				"west": {"uv": [0, 4, 4, 6], "texture": "#0"},
				"up": {"uv": [0, 0, 4, 4], "rotation": 90, "texture": "#0"},
				"down": {"uv": [0, 0, 4, 4], "texture": "#0"}
			}
		},
		{
			"from": [-16, 20, 16],
			"to": [0, 24, 19],
			"rotation": {"angle": 0, "axis": "y", "origin": [-8, 22, 17.5]},
			"faces": {
				"north": {"uv": [4, 4, 8, 5], "texture": "#0"},
				"east": {"uv": [7.25, 5, 8, 4], "texture": "#0"},
				"south": {"uv": [4, 4, 8, 5], "texture": "#0"},
				"west": {"uv": [4, 5, 4.75, 4], "texture": "#0"},
				"up": {"uv": [4, 0, 8, 0.75], "texture": "#0"},
				"down": {"uv": [4, 3.25, 8, 4], "texture": "#0"}
			}
		},
		{
			"from": [-16, 20, 29],
			"to": [0, 24, 32],
			"rotation": {"angle": 0, "axis": "y", "origin": [-8, 22, 30.5]},
			"faces": {
				"north": {"uv": [4, 4, 8, 5], "texture": "#0"},
				"east": {"uv": [4, 5, 4.75, 4], "texture": "#0"},
				"south": {"uv": [4, 4, 8, 5], "texture": "#0"},
				"west": {"uv": [7.25, 5, 8, 4], "texture": "#0"},
				"up": {"uv": [4, 3.25, 8, 4], "texture": "#0"},
				"down": {"uv": [4, 0, 8, 0.75], "texture": "#0"}
			}
		},
		{
			"from": [-16, 20, 19],
			"to": [-13, 24, 29],
			"rotation": {"angle": 0, "axis": "y", "origin": [-14.5, 22, 24]},
			"faces": {
				"north": {"uv": [7.25, 4, 8, 5], "texture": "#0"},
				"east": {"uv": [4.75, 5, 7.25, 4], "texture": "#0"},
				"south": {"uv": [4, 4, 4.75, 5], "texture": "#0"},
				"west": {"uv": [4.75, 5, 7.25, 4], "texture": "#0"},
				"up": {"uv": [4, 0.75, 4.75, 3.25], "texture": "#0"},
				"down": {"uv": [4, 0.75, 4.75, 3.25], "texture": "#0"}
			}
		},
		{
			"from": [-3, 20, 19],
			"to": [0, 24, 29],
			"rotation": {"angle": 0, "axis": "y", "origin": [-1.5, 22, 24]},
			"faces": {
				"north": {"uv": [4, 4, 4.75, 5], "texture": "#0"},
				"east": {"uv": [4.75, 5, 7.25, 4], "texture": "#0"},
				"south": {"uv": [7.25, 4, 8, 5], "texture": "#0"},
				"west": {"uv": [4.75, 5, 7.25, 4], "texture": "#0"},
				"up": {"uv": [7.25, 0.75, 8, 3.25], "texture": "#0"},
				"down": {"uv": [7.25, 0.75, 8, 3.25], "texture": "#0"}
			}
		},
		{
			"from": [-13, 22, 19],
			"to": [-3, 22, 29],
			"rotation": {"angle": 0, "axis": "y", "origin": [-8, 22, 24]},
			"faces": {
				"north": {"uv": [0, 4, 2.5, 4], "texture": "#1"},
				"east": {"uv": [0, 4, 2.5, 4], "texture": "#1"},
				"south": {"uv": [0, 4, 2.5, 4], "texture": "#1"},
				"west": {"uv": [0, 4, 2.5, 4], "texture": "#1"},
				"up": {"uv": [3, 3, 13, 13], "texture": "#1"},
				"down": {"uv": [3, 3, 13, 13], "rotation": 90, "texture": "#1"}
			}
		},
		{
			"from": [-3, 20, -13],
			"to": [0, 24, -3],
			"rotation": {"angle": 0, "axis": "y", "origin": [-1.5, 22, -8]},
			"faces": {
				"north": {"uv": [4, 4, 4.75, 5], "texture": "#0"},
				"east": {"uv": [4.75, 5, 7.25, 4], "texture": "#0"},
				"south": {"uv": [7.25, 4, 8, 5], "texture": "#0"},
				"west": {"uv": [4.75, 5, 7.25, 4], "texture": "#0"},
				"up": {"uv": [7.25, 0.75, 8, 3.25], "texture": "#0"},
				"down": {"uv": [7.25, 0.75, 8, 3.25], "texture": "#0"}
			}
		},
		{
			"from": [-13, 22, -13],
			"to": [-3, 22, -3],
			"rotation": {"angle": 0, "axis": "y", "origin": [-8, 22, -8]},
			"faces": {
				"north": {"uv": [0, 4, 2.5, 4], "texture": "#1"},
				"east": {"uv": [0, 4, 2.5, 4], "texture": "#1"},
				"south": {"uv": [0, 4, 2.5, 4], "texture": "#1"},
				"west": {"uv": [0, 4, 2.5, 4], "texture": "#1"},
				"up": {"uv": [3, 3, 13, 13], "texture": "#1"},
				"down": {"uv": [3, 3, 13, 13], "rotation": 90, "texture": "#1"}
			}
		},
		{
			"from": [-16, 20, -16],
			"to": [0, 24, -13],
			"rotation": {"angle": 0, "axis": "y", "origin": [-8, 22, -14.5]},
			"faces": {
				"north": {"uv": [4, 4, 8, 5], "texture": "#0"},
				"east": {"uv": [7.25, 5, 8, 4], "texture": "#0"},
				"south": {"uv": [4, 4, 8, 5], "texture": "#0"},
				"west": {"uv": [4, 5, 4.75, 4], "texture": "#0"},
				"up": {"uv": [4, 0, 8, 0.75], "texture": "#0"},
				"down": {"uv": [4, 3.25, 8, 4], "texture": "#0"}
			}
		},
		{
			"from": [-16, 20, -3],
			"to": [0, 24, 0],
			"rotation": {"angle": 0, "axis": "y", "origin": [-8, 22, -1.5]},
			"faces": {
				"north": {"uv": [4, 4, 8, 5], "texture": "#0"},
				"east": {"uv": [4, 5, 4.75, 4], "texture": "#0"},
				"south": {"uv": [4, 4, 8, 5], "texture": "#0"},
				"west": {"uv": [7.25, 5, 8, 4], "texture": "#0"},
				"up": {"uv": [4, 3.25, 8, 4], "texture": "#0"},
				"down": {"uv": [4, 0, 8, 0.75], "texture": "#0"}
			}
		},
		{
			"from": [-16, 20, -13],
			"to": [-13, 24, -3],
			"rotation": {"angle": 0, "axis": "y", "origin": [-14.5, 22, -8]},
			"faces": {
				"north": {"uv": [7.25, 4, 8, 5], "texture": "#0"},
				"east": {"uv": [4.75, 5, 7.25, 4], "texture": "#0"},
				"south": {"uv": [4, 4, 4.75, 5], "texture": "#0"},
				"west": {"uv": [4.75, 5, 7.25, 4], "texture": "#0"},
				"up": {"uv": [4, 0.75, 4.75, 3.25], "texture": "#0"},
				"down": {"uv": [4, 0.75, 4.75, 3.25], "texture": "#0"}
			}
		},
		{
			"from": [29, 20, -13],
			"to": [32, 24, -3],
			"rotation": {"angle": 0, "axis": "y", "origin": [30.5, 22, -8]},
			"faces": {
				"north": {"uv": [4, 4, 4.75, 5], "texture": "#0"},
				"east": {"uv": [4.75, 5, 7.25, 4], "texture": "#0"},
				"south": {"uv": [7.25, 4, 8, 5], "texture": "#0"},
				"west": {"uv": [4.75, 5, 7.25, 4], "texture": "#0"},
				"up": {"uv": [7.25, 0.75, 8, 3.25], "texture": "#0"},
				"down": {"uv": [7.25, 0.75, 8, 3.25], "texture": "#0"}
			}
		},
		{
			"from": [19, 22, -13],
			"to": [29, 22, -3],
			"rotation": {"angle": 0, "axis": "y", "origin": [24, 22, -8]},
			"faces": {
				"north": {"uv": [0, 4, 2.5, 4], "texture": "#1"},
				"east": {"uv": [0, 4, 2.5, 4], "texture": "#1"},
				"south": {"uv": [0, 4, 2.5, 4], "texture": "#1"},
				"west": {"uv": [0, 4, 2.5, 4], "texture": "#1"},
				"up": {"uv": [3, 3, 13, 13], "texture": "#1"},
				"down": {"uv": [3, 3, 13, 13], "rotation": 90, "texture": "#1"}
			}
		},
		{
			"from": [16, 20, -16],
			"to": [32, 24, -13],
			"rotation": {"angle": 0, "axis": "y", "origin": [24, 22, -14.5]},
			"faces": {
				"north": {"uv": [4, 4, 8, 5], "texture": "#0"},
				"east": {"uv": [7.25, 5, 8, 4], "texture": "#0"},
				"south": {"uv": [4, 4, 8, 5], "texture": "#0"},
				"west": {"uv": [4, 5, 4.75, 4], "texture": "#0"},
				"up": {"uv": [4, 0, 8, 0.75], "texture": "#0"},
				"down": {"uv": [4, 3.25, 8, 4], "texture": "#0"}
			}
		},
		{
			"from": [16, 20, -3],
			"to": [32, 24, 0],
			"rotation": {"angle": 0, "axis": "y", "origin": [24, 22, -1.5]},
			"faces": {
				"north": {"uv": [4, 4, 8, 5], "texture": "#0"},
				"east": {"uv": [4, 5, 4.75, 4], "texture": "#0"},
				"south": {"uv": [4, 4, 8, 5], "texture": "#0"},
				"west": {"uv": [7.25, 5, 8, 4], "texture": "#0"},
				"up": {"uv": [4, 3.25, 8, 4], "texture": "#0"},
				"down": {"uv": [4, 0, 8, 0.75], "texture": "#0"}
			}
		},
		{
			"from": [16, 20, -13],
			"to": [19, 24, -3],
			"rotation": {"angle": 0, "axis": "y", "origin": [17.5, 22, -8]},
			"faces": {
				"north": {"uv": [7.25, 4, 8, 5], "texture": "#0"},
				"east": {"uv": [4.75, 5, 7.25, 4], "texture": "#0"},
				"south": {"uv": [4, 4, 4.75, 5], "texture": "#0"},
				"west": {"uv": [4.75, 5, 7.25, 4], "texture": "#0"},
				"up": {"uv": [4, 0.75, 4.75, 3.25], "texture": "#0"},
				"down": {"uv": [4, 0.75, 4.75, 3.25], "texture": "#0"}
			}
		},
		{
			"from": [16, 20, 16],
			"to": [32, 24, 19],
			"rotation": {"angle": 0, "axis": "y", "origin": [24, 22, 17.5]},
			"faces": {
				"north": {"uv": [4, 4, 8, 5], "texture": "#0"},
				"east": {"uv": [7.25, 5, 8, 4], "texture": "#0"},
				"south": {"uv": [4, 4, 8, 5], "texture": "#0"},
				"west": {"uv": [4, 5, 4.75, 4], "texture": "#0"},
				"up": {"uv": [4, 0, 8, 0.75], "texture": "#0"},
				"down": {"uv": [4, 3.25, 8, 4], "texture": "#0"}
			}
		},
		{
			"from": [29, 20, 19],
			"to": [32, 24, 29],
			"rotation": {"angle": 0, "axis": "y", "origin": [30.5, 22, 24]},
			"faces": {
				"north": {"uv": [4, 4, 4.75, 5], "texture": "#0"},
				"east": {"uv": [4.75, 5, 7.25, 4], "texture": "#0"},
				"south": {"uv": [7.25, 4, 8, 5], "texture": "#0"},
				"west": {"uv": [4.75, 5, 7.25, 4], "texture": "#0"},
				"up": {"uv": [7.25, 0.75, 8, 3.25], "texture": "#0"},
				"down": {"uv": [7.25, 0.75, 8, 3.25], "texture": "#0"}
			}
		},
		{
			"from": [19, 22, 19],
			"to": [29, 22, 29],
			"rotation": {"angle": 0, "axis": "y", "origin": [24, 22, 24]},
			"faces": {
				"north": {"uv": [0, 4, 2.5, 4], "texture": "#1"},
				"east": {"uv": [0, 4, 2.5, 4], "texture": "#1"},
				"south": {"uv": [0, 4, 2.5, 4], "texture": "#1"},
				"west": {"uv": [0, 4, 2.5, 4], "texture": "#1"},
				"up": {"uv": [3, 3, 13, 13], "texture": "#1"},
				"down": {"uv": [3, 3, 13, 13], "rotation": 90, "texture": "#1"}
			}
		},
		{
			"from": [16, 20, 29],
			"to": [32, 24, 32],
			"rotation": {"angle": 0, "axis": "y", "origin": [24, 22, 30.5]},
			"faces": {
				"north": {"uv": [4, 4, 8, 5], "texture": "#0"},
				"east": {"uv": [4, 5, 4.75, 4], "texture": "#0"},
				"south": {"uv": [4, 4, 8, 5], "texture": "#0"},
				"west": {"uv": [7.25, 5, 8, 4], "texture": "#0"},
				"up": {"uv": [4, 3.25, 8, 4], "texture": "#0"},
				"down": {"uv": [4, 0, 8, 0.75], "texture": "#0"}
			}
		},
		{
			"from": [16, 20, 19],
			"to": [19, 24, 29],
			"rotation": {"angle": 0, "axis": "y", "origin": [17.5, 22, 24]},
			"faces": {
				"north": {"uv": [7.25, 4, 8, 5], "texture": "#0"},
				"east": {"uv": [4.75, 5, 7.25, 4], "texture": "#0"},
				"south": {"uv": [4, 4, 4.75, 5], "texture": "#0"},
				"west": {"uv": [4.75, 5, 7.25, 4], "texture": "#0"},
				"up": {"uv": [4, 0.75, 4.75, 3.25], "texture": "#0"},
				"down": {"uv": [4, 0.75, 4.75, 3.25], "texture": "#0"}
			}
		},
		{
			"from": [1, 1, 1],
			"to": [15, 15, 15],
			"rotation": {"angle": 0, "axis": "y", "origin": [8, 8, 8]},
			"faces": {
				"north": {"uv": [12.5, 3.5, 16, 7], "texture": "#0"},
				"east": {"uv": [12.5, 0, 16, 3.5], "texture": "#0"},
				"south": {"uv": [12.5, 0, 16, 3.5], "texture": "#0"},
				"west": {"uv": [12.5, 0, 16, 3.5], "texture": "#0"},
				"up": {"uv": [9, 0, 12.5, 3.5], "texture": "#0"},
				"down": {"uv": [9, 0, 12.5, 3.5], "texture": "#0"}
			}
		},
		{
			"from": [7, 8, 0],
			"to": [9, 12, 1],
			"rotation": {"angle": 0, "axis": "y", "origin": [8, 10, 0.5]},
			"faces": {
				"north": {"uv": [12.5, 4.75, 12, 3.75], "texture": "#0"},
				"east": {"uv": [11, 4.75, 11.25, 3.75], "texture": "#0"},
				"south": {"uv": [11.75, 4.75, 11.25, 3.75], "texture": "#0"},
				"west": {"uv": [11.75, 4.75, 12, 3.75], "texture": "#0"},
				"up": {"uv": [12.25, 3.5, 11.75, 3.75], "texture": "#0"},
				"down": {"uv": [11.75, 3.5, 11.25, 3.75], "texture": "#0"}
			}
		}
	],
	"gui_light": "front",
	"display": {
		"thirdperson_righthand": {
			"rotation": [-31.03, 73.68, 51.21],
			"translation": [0.5, 1.5, 0.25],
			"scale": [0.66, 0.66, 0.66]
		},
		"thirdperson_lefthand": {
			"rotation": [157.56, -73.32, 129.2],
			"translation": [0.5, 1.5, 0.5],
			"scale": [0.66, 0.66, 0.66]
		},
		"firstperson_righthand": {
			"rotation": [-180, 46, -180],
			"translation": [10.25, 2.45, -3.5]
		},
		"firstperson_lefthand": {
			"rotation": [0, -46, 0],
			"translation": [10.25, 2.45, -3.5]
		},
		"ground": {
			"translation": [0, 3.5, 0]
		},
		"gui": {
			"rotation": [30, -45, 0],
			"scale": [0.77, 0.77, 0.77]
		},
		"head": {
			"translation": [0, 14, 0]
		},
		"fixed": {
			"rotation": [-90, 0, 0],
			"translation": [0, 0, -16],
			"scale": [2, 2, 2]
		}
	}
}