{
	"credit": "Made with Blockbench",
	"texture_size": [32, 32],
	"textures": {
		"0": "custom/block/napoleon_hat",
		"particle": "custom/block/napoleon_hat"
	},
	"elements": [
		{
			"from": [-0.5, 0, 6],
			"to": [16.5, 2, 10],
			"faces": {
				"north": {"uv": [0, 7, 8.5, 8], "texture": "#0"},
				"east": {"uv": [0, 0, 2, 1], "texture": "#0"},
				"south": {"uv": [0, 7, 8.5, 8], "texture": "#0"},
				"west": {"uv": [0, 0, 2, 1], "texture": "#0"},
				"up": {"uv": [0, 4, 8.5, 6], "texture": "#0"},
				"down": {"uv": [0, 9.5, 8.5, 11.5], "texture": "#0"}
			}
		},
		{
			"from": [1.5, 2, 6],
			"to": [14.5, 4, 10],
			"faces": {
				"north": {"uv": [1, 1, 7.5, 2], "texture": "#0"},
				"east": {"uv": [4, 1, 6, 2], "texture": "#0"},
				"south": {"uv": [1, 1, 7.5, 2], "texture": "#0"},
				"west": {"uv": [4, 1, 6, 2], "texture": "#0"},
				"up": {"uv": [1, 3, 7.5, 5], "texture": "#0"},
				"down": {"uv": [1, 1, 7.5, 3], "texture": "#0"}
			}
		},
		{
			"from": [3.5, 0, 10],
			"to": [12.5, 7, 12],
			"faces": {
				"north": {"uv": [3, 9, 7.5, 12.5], "texture": "#0"},
				"east": {"uv": [7.5, 12.5, 8.5, 16], "texture": "#0"},
				"south": {"uv": [1.5, 12.5, 6, 16], "texture": "#0"},
				"west": {"uv": [0, 12.5, 1, 16], "texture": "#0"},
				"up": {"uv": [2, 8, 6.5, 9], "texture": "#0"},
				"down": {"uv": [3, 9, 7.5, 10], "texture": "#0"}
			}
		},
		{
			"from": [3.5, 0, 4],
			"to": [12.5, 7, 6],
			"rotation": {"angle": 0, "axis": "y", "origin": [0, 0, 16]},
			"faces": {
				"north": {"uv": [6, 12.5, 1.5, 16], "texture": "#0"},
				"east": {"uv": [8.5, 12.5, 7.5, 16], "texture": "#0"},
				"south": {"uv": [7.5, 9, 3, 12.5], "texture": "#0"},
				"west": {"uv": [1, 12.5, 0, 16], "texture": "#0"},
				"up": {"uv": [2, 9, 6.5, 8], "texture": "#0"},
				"down": {"uv": [3, 10, 7.5, 9], "texture": "#0"}
			}
		}
	],
	"display": {
		"thirdperson_righthand": {
			"rotation": [75, -135, 0],
			"translation": [0, 2.75, 4],
			"scale": [0.31, 0.31, 0.31]
		},
		"thirdperson_lefthand": {
			"rotation": [75, 135, 0],
			"translation": [0, 2.75, 4],
			"scale": [0.31, 0.31, 0.31]
		},
		"firstperson_righthand": {
			"rotation": [0, -135, 0],
			"scale": [0.4, 0.4, 0.4]
		},
		"firstperson_lefthand": {
			"rotation": [0, -135, 0],
			"scale": [0.4, 0.4, 0.4]
		},
		"ground": {
			"rotation": [0, 180, 0],
			"translation": [0, 6, 0],
			"scale": [0.25, 0.25, 0.25]
		},
		"gui": {
			"rotation": [30, 45, 0],
			"translation": [0, 4, 0],
			"scale": [0.53, 0.53, 0.53]
		},
		"head": {
			"rotation": [0, 180, 0],
			"translation": [0, 15.75, 0],
			"scale": [1.77, 1.77, 1.77]
		},
		"fixed": {
			"rotation": [0, 180, 0],
			"translation": [0, 32, -2.01],
			"scale": [1.99, 1.99, 1.99]
		}
	},
	"groups": [
		{
			"name": "group",
			"origin": [1, 1, 19.5],
			"color": 0,
			"children": []
		},
		0,
		1,
		2,
		3
	]
}