{
	"credit": "Made with Blockbench",
	"texture_size": [64, 64],
	"textures": {
		"0": "custom/block/bench",
		"particle": "custom/block/bench"
	},
	"elements": [
		{
			"from": [2, 5, 11],
			"to": [14, 8, 14],
			"rotation": {"angle": 0, "axis": "y", "origin": [8, 6.5, 12.5]},
			"faces": {
				"north": {"uv": [0, 9, 3, 8.25], "texture": "#0"},
				"east": {"uv": [0, 8.25, 0.75, 9], "texture": "#0"},
				"south": {"uv": [0, 8.25, 3, 9], "texture": "#0"},
				"west": {"uv": [2.25, 8.25, 3, 9], "texture": "#0"},
				"up": {"uv": [3, 9.75, 0, 9], "texture": "#0"},
				"down": {"uv": [2.5, 12, 0.5, 11.75], "texture": "#0"}
			}
		},
		{
			"from": [11, 5, 5],
			"to": [14, 8, 11],
			"rotation": {"angle": 0, "axis": "y", "origin": [12.5, 6.5, 8]},
			"faces": {
				"north": {"uv": [0, 9, 0.75, 8.25], "texture": "#0"},
				"east": {"uv": [0.75, 8.25, 2.25, 9], "texture": "#0"},
				"south": {"uv": [0, 8.25, 0.75, 9], "texture": "#0"},
				"west": {"uv": [0.75, 9, 2.25, 8.25], "texture": "#0"},
				"up": {"uv": [0.75, 11.25, 0, 9.75], "texture": "#0"},
				"down": {"uv": [0.75, 11.25, 0.5, 9.75], "texture": "#0"}
			}
		},
		{
			"from": [2, 5, 5],
			"to": [5, 8, 11],
			"rotation": {"angle": 0, "axis": "y", "origin": [3.5, 6.5, 8]},
			"faces": {
				"north": {"uv": [0, 9, 0.75, 8.25], "texture": "#0"},
				"east": {"uv": [0.75, 9, 2.25, 8.25], "texture": "#0"},
				"south": {"uv": [0, 8.25, 0.75, 9], "texture": "#0"},
				"west": {"uv": [0.75, 8.25, 2.25, 9], "texture": "#0"},
				"up": {"uv": [3, 11.25, 2.25, 9.75], "texture": "#0"},
				"down": {"uv": [3, 11.25, 2.75, 9.75], "texture": "#0"}
			}
		},
		{
			"from": [2, 5, 2],
			"to": [14, 8, 5],
			"rotation": {"angle": 0, "axis": "y", "origin": [8, 6.5, 3.5]},
			"faces": {
				"north": {"uv": [0, 8.25, 3, 9], "texture": "#0"},
				"east": {"uv": [2.25, 8.25, 3, 9], "texture": "#0"},
				"south": {"uv": [0, 9, 3, 8.25], "texture": "#0"},
				"west": {"uv": [0, 8.25, 0.75, 9], "texture": "#0"},
				"up": {"uv": [3, 12, 0, 11.25], "texture": "#0"},
				"down": {"uv": [2.5, 12, 0.5, 11.75], "texture": "#0"}
			}
		},
		{
			"from": [3, 0, 3],
			"to": [13, 6, 13],
			"rotation": {"angle": 0, "axis": "y", "origin": [8, 1, 8]},
			"faces": {
				"north": {"uv": [0, 6.75, 2.5, 8.25], "texture": "#0"},
				"east": {"uv": [0, 6.75, 2.5, 8.25], "texture": "#0"},
				"south": {"uv": [0, 6.75, 2.5, 8.25], "texture": "#0"},
				"west": {"uv": [0, 6.75, 2.5, 8.25], "texture": "#0"},
				"up": {"uv": [0.25, 12, 2.75, 14.5], "texture": "#0"},
				"down": {"uv": [0.25, 9.25, 2.75, 11.75], "texture": "#0"}
			}
		},
		{
			"from": [1, 7.01562, 2.89414],
			"to": [15, 25.01562, 2.89414],
			"rotation": {"angle": -22.5, "axis": "x", "origin": [8, 14.31492, 7]},
			"faces": {
				"north": {"uv": [3.25, 7.75, 6.25, 12.25], "texture": "#0"},
				"east": {"uv": [0, 0, 0, 4.5], "texture": "#0"},
				"south": {"uv": [6.25, 7.75, 3.25, 12.25], "texture": "#0"},
				"west": {"uv": [0, 0, 0, 4.5], "texture": "#0"},
				"up": {"uv": [0, 0, 2.5, 0], "texture": "#0"},
				"down": {"uv": [0, 0, 2.5, 0], "texture": "#0"}
			}
		},
		{
			"from": [13.10586, 7.01562, 1],
			"to": [13.10586, 25.01562, 15],
			"rotation": {"angle": -22.5, "axis": "z", "origin": [9, 14.31492, 8]},
			"faces": {
				"north": {"uv": [0, 0, 0, 4.5], "texture": "#0"},
				"east": {"uv": [3.25, 7.75, 6.25, 12.25], "texture": "#0"},
				"south": {"uv": [0, 0, 0, 4.5], "texture": "#0"},
				"west": {"uv": [6.25, 7.75, 3.25, 12.25], "texture": "#0"},
				"up": {"uv": [0, 0, 2.5, 0], "rotation": 90, "texture": "#0"},
				"down": {"uv": [0, 0, 2.5, 0], "rotation": 270, "texture": "#0"}
			}
		},
		{
			"from": [2.89414, 7.01562, 1],
			"to": [2.89414, 25.01562, 15],
			"rotation": {"angle": 22.5, "axis": "z", "origin": [7, 14.31492, 8]},
			"faces": {
				"north": {"uv": [0, 0, 0, 4.5], "texture": "#0"},
				"east": {"uv": [6.25, 7.75, 3.25, 12.25], "texture": "#0"},
				"south": {"uv": [0, 0, 0, 4.5], "texture": "#0"},
				"west": {"uv": [3.25, 7.75, 6.25, 12.25], "texture": "#0"},
				"up": {"uv": [0, 0, 2.5, 0], "rotation": 270, "texture": "#0"},
				"down": {"uv": [0, 0, 2.5, 0], "rotation": 90, "texture": "#0"}
			}
		},
		{
			"from": [1, 7.01562, 13.10586],
			"to": [15, 25.01562, 13.10586],
			"rotation": {"angle": 22.5, "axis": "x", "origin": [8, 14.31492, 9]},
			"faces": {
				"north": {"uv": [6.25, 7.75, 3.25, 12.25], "texture": "#0"},
				"east": {"uv": [0, 0, 0, 4.5], "texture": "#0"},
				"south": {"uv": [3.25, 7.75, 6.25, 12.25], "texture": "#0"},
				"west": {"uv": [0, 0, 0, 4.5], "texture": "#0"},
				"up": {"uv": [0, 0, 2.5, 0], "rotation": 180, "texture": "#0"},
				"down": {"uv": [0, 0, 2.5, 0], "rotation": 180, "texture": "#0"}
			}
		},
		{
			"from": [1, 13, 11],
			"to": [15, 31, 11],
			"rotation": {"angle": 0, "axis": "x", "origin": [8, 13, 11]},
			"faces": {
				"north": {"uv": [6.25, 7.75, 3.25, 12.25], "texture": "#0"},
				"east": {"uv": [0, 0, 0, 4.5], "texture": "#0"},
				"south": {"uv": [3.25, 7.75, 6.25, 12.25], "texture": "#0"},
				"west": {"uv": [0, 0, 0, 4.5], "texture": "#0"},
				"up": {"uv": [0, 0, 2.5, 0], "rotation": 180, "texture": "#0"},
				"down": {"uv": [0, 0, 2.5, 0], "rotation": 180, "texture": "#0"}
			}
		},
		{
			"from": [5, 13, 1],
			"to": [5, 31, 15],
			"rotation": {"angle": 0, "axis": "x", "origin": [5, 13, 8]},
			"faces": {
				"north": {"uv": [0, 0, 0, 4.5], "texture": "#0"},
				"east": {"uv": [6.25, 7.75, 3.25, 12.25], "texture": "#0"},
				"south": {"uv": [0, 0, 0, 4.5], "texture": "#0"},
				"west": {"uv": [3.25, 7.75, 6.25, 12.25], "texture": "#0"},
				"up": {"uv": [0, 0, 2.5, 0], "rotation": 270, "texture": "#0"},
				"down": {"uv": [0, 0, 2.5, 0], "rotation": 90, "texture": "#0"}
			}
		},
		{
			"from": [11, 13, 1],
			"to": [11, 31, 15],
			"rotation": {"angle": 0, "axis": "x", "origin": [11, 13, 8]},
			"faces": {
				"north": {"uv": [0, 0, 0, 4.5], "texture": "#0"},
				"east": {"uv": [3.25, 7.75, 6.25, 12.25], "texture": "#0"},
				"south": {"uv": [0, 0, 0, 4.5], "texture": "#0"},
				"west": {"uv": [6.25, 7.75, 3.25, 12.25], "texture": "#0"},
				"up": {"uv": [0, 0, 2.5, 0], "rotation": 90, "texture": "#0"},
				"down": {"uv": [0, 0, 2.5, 0], "rotation": 270, "texture": "#0"}
			}
		},
		{
			"from": [1, 13, 5],
			"to": [15, 31, 5],
			"rotation": {"angle": 0, "axis": "x", "origin": [8, 13, 5]},
			"faces": {
				"north": {"uv": [3.25, 7.75, 6.25, 12.25], "texture": "#0"},
				"east": {"uv": [0, 0, 0, 4.5], "texture": "#0"},
				"south": {"uv": [6.25, 7.75, 3.25, 12.25], "texture": "#0"},
				"west": {"uv": [0, 0, 0, 4.5], "texture": "#0"},
				"up": {"uv": [0, 0, 2.5, 0], "texture": "#0"},
				"down": {"uv": [0, 0, 2.5, 0], "texture": "#0"}
			}
		}
	],
	"gui_light": "front",
	"display": {
		"thirdperson_righthand": {
			"rotation": [-31.03, 73.68, 51.21],
			"translation": [0.5, 1.5, 0.25],
			"scale": [0.66, 0.66, 0.66]
		},
		"thirdperson_lefthand": {
			"rotation": [157.56, -73.32, 129.2],
			"translation": [0.5, 1.5, 0.5],
			"scale": [0.66, 0.66, 0.66]
		},
		"firstperson_righthand": {
			"rotation": [-180, 46, -180],
			"translation": [10.25, 2.45, -3.5]
		},
		"firstperson_lefthand": {
			"rotation": [0, -46, 0],
			"translation": [10.25, 2.45, -3.5]
		},
		"ground": {
			"translation": [0, 3.5, 0]
		},
		"gui": {
			"rotation": [30, -45, 0],
			"scale": [0.77, 0.77, 0.77]
		},
		"head": {
			"translation": [0, 14, 0]
		},
		"fixed": {
			"rotation": [-90, 0, 0],
			"translation": [0, 0, -16],
			"scale": [2, 2, 2]
		}
	}
}