{
	"credit": "Made with Blockbench",
	"texture_size": [64, 64],
	"textures": {
		"0": "custom/block/bench",
		"particle": "custom/block/bench"
	},
	"elements": [
		{
			"from": [4.5, 15.175, 4.5],
			"to": [11.5, 18.175, 11.5],
			"rotation": {"angle": 0, "axis": "y", "origin": [8.5, 16.675, 8.5]},
			"faces": {
				"north": {"uv": [8.75, 8.25, 10.5, 9], "texture": "#0"},
				"east": {"uv": [8.75, 8.25, 10.5, 9], "texture": "#0"},
				"south": {"uv": [8.75, 8.25, 10.5, 9], "texture": "#0"},
				"west": {"uv": [8.75, 8.25, 10.5, 9], "texture": "#0"},
				"up": {"uv": [8.75, 9, 10.5, 10.75], "texture": "#0"},
				"down": {"uv": [8.75, 9, 10.5, 10.75], "texture": "#0"}
			}
		},
		{
			"from": [6.5, 18.175, 6.5],
			"to": [9.5, 21.175, 9.5],
			"rotation": {"angle": 0, "axis": "y", "origin": [8.5, 19.675, 8.5]},
			"faces": {
				"north": {"uv": [7, 9, 7.75, 9.75], "texture": "#0"},
				"east": {"uv": [7, 9, 7.75, 9.75], "texture": "#0"},
				"south": {"uv": [7, 9, 7.75, 9.75], "texture": "#0"},
				"west": {"uv": [7, 9, 7.75, 9.75], "texture": "#0"},
				"up": {"uv": [9.25, 4.75, 9.5, 5], "texture": "#0"},
				"down": {"uv": [7, 9, 7.75, 9.75], "texture": "#0"}
			}
		},
		{
			"from": [5.5, -0.825, 6.5],
			"to": [6.5, 16.175, 9.5],
			"rotation": {"angle": -22.5, "axis": "z", "origin": [5.5, 15.175, 8.5]},
			"faces": {
				"north": {"uv": [7, 9.75, 7.25, 14], "texture": "#0"},
				"east": {"uv": [7, 9.75, 7.75, 14], "texture": "#0"},
				"south": {"uv": [7, 9.75, 7.25, 14], "texture": "#0"},
				"west": {"uv": [7, 9.75, 7.75, 14], "texture": "#0"},
				"up": {"uv": [7, 9.75, 7.75, 10], "rotation": 90, "texture": "#0"},
				"down": {"uv": [7, 13.75, 7.75, 14], "rotation": 90, "texture": "#0"}
			}
		},
		{
			"from": [6.5, -0.825, 5.5],
			"to": [9.5, 16.175, 6.5],
			"rotation": {"angle": 22.5, "axis": "x", "origin": [7.5, 15.175, 5.5]},
			"faces": {
				"north": {"uv": [7, 9.75, 7.75, 14], "texture": "#0"},
				"east": {"uv": [7, 9.75, 7.25, 14], "texture": "#0"},
				"south": {"uv": [7, 9.75, 7.75, 14], "texture": "#0"},
				"west": {"uv": [7, 9.75, 7.25, 14], "texture": "#0"},
				"up": {"uv": [7, 9.75, 7.75, 10], "rotation": 180, "texture": "#0"},
				"down": {"uv": [7, 13.75, 7.75, 14], "texture": "#0"}
			}
		},
		{
			"from": [6.5, -0.825, 9.5],
			"to": [9.5, 16.175, 10.5],
			"rotation": {"angle": -22.5, "axis": "x", "origin": [8.5, 15.175, 10.5]},
			"faces": {
				"north": {"uv": [7, 9.75, 7.75, 14], "texture": "#0"},
				"east": {"uv": [7, 9.75, 7.25, 14], "texture": "#0"},
				"south": {"uv": [7, 9.75, 7.75, 14], "texture": "#0"},
				"west": {"uv": [7, 9.75, 7.25, 14], "texture": "#0"},
				"up": {"uv": [7, 9.75, 7.75, 10], "texture": "#0"},
				"down": {"uv": [7, 13.75, 7.75, 14], "rotation": 180, "texture": "#0"}
			}
		},
		{
			"from": [9.5, -0.825, 6.5],
			"to": [10.5, 16.175, 9.5],
			"rotation": {"angle": 22.5, "axis": "z", "origin": [10.5, 15.175, 7.5]},
			"faces": {
				"north": {"uv": [7, 9.75, 7.25, 14], "texture": "#0"},
				"east": {"uv": [7, 9.75, 7.75, 14], "texture": "#0"},
				"south": {"uv": [7, 9.75, 7.25, 14], "texture": "#0"},
				"west": {"uv": [7, 9.75, 7.75, 14], "texture": "#0"},
				"up": {"uv": [7, 9.75, 7.75, 10], "rotation": 270, "texture": "#0"},
				"down": {"uv": [7, 13.75, 7.75, 14], "rotation": 270, "texture": "#0"}
			}
		},
		{
			"from": [9, 21.75, 11.5],
			"to": [10, 25.75, 22.5],
			"rotation": {"angle": 22.5, "axis": "x", "origin": [8, 20.75, 7.5]},
			"faces": {
				"north": {"uv": [6.75, 8, 7, 9], "texture": "#0"},
				"east": {"uv": [8.75, 10.75, 7.75, 8], "rotation": 90, "texture": "#0"},
				"south": {"uv": [7.5, 8, 7.75, 9], "texture": "#0"},
				"west": {"uv": [9.5, 4.75, 9.75, 5], "rotation": 90, "texture": "#0"},
				"up": {"uv": [8.75, 8, 8.5, 10.75], "rotation": 180, "texture": "#0"},
				"down": {"uv": [8, 8, 7.75, 10.75], "texture": "#0"}
			}
		},
		{
			"from": [7, 22.75, 22.5],
			"to": [9, 24.75, 22.5],
			"rotation": {"angle": 22.5, "axis": "x", "origin": [8, 20.75, 7.5]},
			"faces": {
				"east": {"uv": [0.5, 3.25, 0, 3.25], "rotation": 90, "texture": "#0"},
				"south": {"uv": [8.25, 11, 8.75, 11.5], "texture": "#0"},
				"west": {"uv": [1.75, 0, 2.25, 0], "rotation": 90, "texture": "#0"},
				"up": {"uv": [1.25, 3.25, 0.75, 3.25], "rotation": 180, "texture": "#0"},
				"down": {"uv": [0.5, 3.25, 0, 3.25], "texture": "#0"}
			}
		},
		{
			"from": [7, 24.75, 11.5],
			"to": [9, 25.75, 22.5],
			"rotation": {"angle": 22.5, "axis": "x", "origin": [8, 20.75, 7.5]},
			"faces": {
				"north": {"uv": [7, 8, 7.5, 8.25], "texture": "#0"},
				"east": {"uv": [8, 10.75, 7.75, 8], "rotation": 90, "texture": "#0"},
				"south": {"uv": [7, 8, 7.5, 8.25], "texture": "#0"},
				"west": {"uv": [7.75, 8, 8, 10.75], "rotation": 90, "texture": "#0"},
				"up": {"uv": [8.5, 8, 8, 10.75], "rotation": 180, "texture": "#0"},
				"down": {"uv": [9.75, 4.75, 9.5, 5], "texture": "#0"}
			}
		},
		{
			"from": [7, 21.75, 11.5],
			"to": [9, 22.75, 22.5],
			"rotation": {"angle": 22.5, "axis": "x", "origin": [8, 20.75, 7.5]},
			"faces": {
				"north": {"uv": [7, 8.75, 7.5, 9], "texture": "#0"},
				"east": {"uv": [8, 10.75, 7.75, 8], "rotation": 90, "texture": "#0"},
				"south": {"uv": [7, 8.75, 7.5, 9], "texture": "#0"},
				"west": {"uv": [7.75, 8, 8, 10.75], "rotation": 90, "texture": "#0"},
				"up": {"uv": [10, 4.75, 9.75, 5], "rotation": 180, "texture": "#0"},
				"down": {"uv": [8.5, 8, 8, 10.75], "texture": "#0"}
			}
		},
		{
			"from": [6, 21.75, 11.5],
			"to": [7, 25.75, 22.5],
			"rotation": {"angle": 22.5, "axis": "x", "origin": [8, 20.75, 7.5]},
			"faces": {
				"north": {"uv": [7.5, 8, 7.75, 9], "texture": "#0"},
				"east": {"uv": [9.5, 5, 9.25, 4.75], "rotation": 90, "texture": "#0"},
				"south": {"uv": [6.75, 8, 7, 9], "texture": "#0"},
				"west": {"uv": [7.75, 8, 8.75, 10.75], "rotation": 90, "texture": "#0"},
				"up": {"uv": [8, 8, 7.75, 10.75], "rotation": 180, "texture": "#0"},
				"down": {"uv": [8.75, 8, 8.5, 10.75], "texture": "#0"}
			}
		},
		{
			"from": [10, 20.75, -0.5],
			"to": [11, 26.75, 11.5],
			"rotation": {"angle": 22.5, "axis": "x", "origin": [8, 20.75, 7.5]},
			"faces": {
				"north": {"uv": [8.75, 4.75, 9, 6.25], "texture": "#0"},
				"east": {"uv": [7.25, 6.5, 8.75, 3.5], "rotation": 90, "texture": "#0"},
				"south": {"uv": [8.5, 6.5, 8.75, 8], "texture": "#0"},
				"west": {"uv": [9, 4.75, 9.25, 5], "rotation": 90, "texture": "#0"},
				"up": {"uv": [7.25, 3.5, 7.5, 6.5], "texture": "#0"},
				"down": {"uv": [7.25, 3.5, 7.5, 6.5], "texture": "#0"}
			}
		},
		{
			"from": [5, 20.75, -0.5],
			"to": [6, 26.75, 11.5],
			"rotation": {"angle": 22.5, "axis": "x", "origin": [3, 20.75, 7.5]},
			"faces": {
				"north": {"uv": [10.5, 4.75, 10.75, 6.25], "texture": "#0"},
				"east": {"uv": [9.5, 4.75, 9.75, 5], "rotation": 90, "texture": "#0"},
				"south": {"uv": [7.25, 6.5, 7.5, 8], "texture": "#0"},
				"west": {"uv": [7.25, 3.5, 8.75, 6.5], "rotation": 90, "texture": "#0"},
				"up": {"uv": [7.25, 3.5, 7.5, 6.5], "texture": "#0"},
				"down": {"uv": [7.25, 3.5, 7.5, 6.5], "texture": "#0"}
			}
		},
		{
			"from": [6, 25.75, -0.5],
			"to": [10, 26.75, 11.5],
			"rotation": {"angle": 22.5, "axis": "x", "origin": [2, 20.75, 7.5]},
			"faces": {
				"north": {"uv": [9.25, 4.75, 10.25, 5], "texture": "#0"},
				"east": {"uv": [7.5, 3.5, 7.75, 6.5], "rotation": 90, "texture": "#0"},
				"south": {"uv": [7.5, 6.5, 8.5, 6.75], "texture": "#0"},
				"west": {"uv": [7.5, 3.5, 7.75, 6.5], "rotation": 90, "texture": "#0"},
				"up": {"uv": [6.25, 6.5, 7.25, 3.5], "texture": "#0"},
				"down": {"uv": [9.25, 4.75, 9.5, 5], "texture": "#0"}
			}
		},
		{
			"from": [6, 20.75, -0.5],
			"to": [10, 21.75, 11.5],
			"rotation": {"angle": 22.5, "axis": "x", "origin": [2, 20.75, 7.5]},
			"faces": {
				"north": {"uv": [9.25, 4.75, 10.25, 5], "texture": "#0"},
				"east": {"uv": [7.5, 3.5, 7.75, 6.5], "rotation": 90, "texture": "#0"},
				"south": {"uv": [7.5, 6.5, 8.5, 6.75], "texture": "#0"},
				"west": {"uv": [7.5, 3.5, 7.75, 6.5], "rotation": 90, "texture": "#0"},
				"up": {"uv": [9.75, 5, 10, 4.75], "texture": "#0"},
				"down": {"uv": [6.25, 3.5, 7.25, 6.5], "texture": "#0"}
			}
		},
		{
			"from": [11, 19.75, -6.5],
			"to": [12, 27.75, -0.5],
			"rotation": {"angle": 22.5, "axis": "x", "origin": [8, 20.75, 7.5]},
			"faces": {
				"north": {"uv": [8.75, 6.25, 9, 8.25], "texture": "#0"},
				"east": {"uv": [8.75, 4.75, 10.75, 6.25], "rotation": 90, "texture": "#0"},
				"south": {"uv": [8.75, 6.25, 9, 8.25], "texture": "#0"},
				"west": {"uv": [8.75, 6.25, 10.75, 4.75], "rotation": 90, "texture": "#0"},
				"up": {"uv": [8.75, 4.75, 9, 6.25], "texture": "#0"},
				"down": {"uv": [8.75, 4.75, 9, 6.25], "texture": "#0"}
			}
		},
		{
			"from": [4, 19.75, -6.5],
			"to": [5, 27.75, -0.5],
			"rotation": {"angle": 22.5, "axis": "x", "origin": [1, 20.75, 7.5]},
			"faces": {
				"north": {"uv": [8.75, 6.25, 9, 8.25], "texture": "#0"},
				"east": {"uv": [8.75, 4.75, 10.75, 6.25], "rotation": 90, "texture": "#0"},
				"south": {"uv": [8.75, 6.25, 9, 8.25], "texture": "#0"},
				"west": {"uv": [8.75, 6.25, 10.75, 4.75], "rotation": 90, "texture": "#0"},
				"up": {"uv": [8.75, 4.75, 9, 6.25], "texture": "#0"},
				"down": {"uv": [8.75, 4.75, 9, 6.25], "texture": "#0"}
			}
		},
		{
			"from": [5, 26.75, -6.5],
			"to": [11, 27.75, -0.5],
			"rotation": {"angle": 22.5, "axis": "x", "origin": [1, 20.75, 7.5]},
			"faces": {
				"north": {"uv": [9, 6.25, 10.5, 6.5], "texture": "#0"},
				"east": {"uv": [9, 4.75, 9.25, 6.25], "rotation": 90, "texture": "#0"},
				"south": {"uv": [9, 6.25, 10.5, 6.5], "texture": "#0"},
				"west": {"uv": [9, 4.75, 9.25, 6.25], "rotation": 90, "texture": "#0"},
				"up": {"uv": [9, 4.75, 10.5, 6.25], "texture": "#0"},
				"down": {"uv": [9, 6.25, 10.5, 4.75], "texture": "#0"}
			}
		},
		{
			"from": [5, 19.75, -6.5],
			"to": [11, 20.75, -0.5],
			"rotation": {"angle": 22.5, "axis": "x", "origin": [1, 20.75, 7.5]},
			"faces": {
				"north": {"uv": [9, 6.25, 10.5, 6.5], "texture": "#0"},
				"east": {"uv": [9, 4.75, 9.25, 6.25], "rotation": 90, "texture": "#0"},
				"south": {"uv": [9, 6.25, 10.5, 6.5], "texture": "#0"},
				"west": {"uv": [9, 4.75, 9.25, 6.25], "rotation": 90, "texture": "#0"},
				"up": {"uv": [9, 4.75, 10.5, 6.25], "texture": "#0"},
				"down": {"uv": [9, 6.25, 10.5, 4.75], "texture": "#0"}
			}
		},
		{
			"from": [5, 20.75, -8.5],
			"to": [11, 26.75, -6.5],
			"rotation": {"angle": 22.5, "axis": "x", "origin": [1, 20.75, 7.5]},
			"faces": {
				"north": {"uv": [7.75, 10.75, 9.25, 12.25], "texture": "#0"},
				"east": {"uv": [7.75, 12.25, 9.25, 12.75], "rotation": 90, "texture": "#0"},
				"west": {"uv": [9.25, 12.75, 7.75, 12.25], "rotation": 90, "texture": "#0"},
				"up": {"uv": [9.25, 12.25, 7.75, 12.75], "texture": "#0"},
				"down": {"uv": [7.75, 12.75, 9.25, 12.25], "texture": "#0"}
			}
		},
		{
			"from": [6, 23.425, -5.5],
			"to": [10, 24.1, -5.5],
			"rotation": {"angle": 22.5, "axis": "x", "origin": [1, 20.75, 7.5]},
			"faces": {
				"east": {"uv": [7.75, 12.25, 8.25, 12.25], "rotation": 90, "texture": "#0"},
				"south": {"uv": [8.25, 14.75, 16, 16], "texture": "#0"},
				"west": {"uv": [8.25, 12.25, 7.75, 12.25], "rotation": 90, "texture": "#0"},
				"up": {"uv": [9.25, 12.25, 7.75, 12.25], "texture": "#0"},
				"down": {"uv": [7.75, 12.25, 9.25, 12.25], "texture": "#0"}
			}
		}
	],
	"gui_light": "front",
	"display": {
		"thirdperson_righthand": {
			"rotation": [-31.03, 73.68, 51.21],
			"translation": [0.5, 1.5, 0.25],
			"scale": [0.66, 0.66, 0.66]
		},
		"thirdperson_lefthand": {
			"rotation": [157.56, -73.32, 129.2],
			"translation": [0.5, 1.5, 0.5],
			"scale": [0.66, 0.66, 0.66]
		},
		"firstperson_righthand": {
			"rotation": [-180, 46, -180],
			"translation": [10.25, 2.45, -3.5]
		},
		"firstperson_lefthand": {
			"rotation": [0, -46, 0],
			"translation": [10.25, 2.45, -3.5]
		},
		"ground": {
			"translation": [0, 3.5, 0]
		},
		"gui": {
			"rotation": [30, -45, 0],
			"scale": [0.77, 0.77, 0.77]
		},
		"head": {
			"translation": [0, 14, 0]
		},
		"fixed": {
			"rotation": [-90, 0, 0],
			"translation": [0, 0, -16],
			"scale": [2, 2, 2]
		}
	}
}