{
	"credit": "Made with Blockbench",
	"texture_size": [256, 256],
	"textures": {
		"1": "custom/block/title_1",
		"particle": "custom/block/title_1"
	},
	"elements": [
		{
			"from": [13.2, 8.3, 6.9],
			"to": [15.6, 12.3, 9.1],
			"rotation": {"angle": 0, "axis": "y", "origin": [8, 8.1, 8]},
			"faces": {
				"north": {"uv": [0, 1.375, 1.5, 3.875], "texture": "#1"},
				"south": {"uv": [1.5, 1.375, 0, 3.875], "texture": "#1"},
				"up": {"uv": [1.5, 1.375, 0, 0], "texture": "#1"},
				"down": {"uv": [1.5, 5.25, 0, 3.875], "texture": "#1"}
			}
		},
		{
			"from": [13, 9.3, 6.7],
			"to": [14.6, 12.5, 9.3],
			"rotation": {"angle": 0, "axis": "y", "origin": [8, 8.1, 8]},
			"faces": {
				"east": {"uv": [0, 5.3125, 0.0625, 5.375], "texture": "#1"},
				"down": {"uv": [0, 5.3125, 0.0625, 5.375], "texture": "#1"}
			}
		},
		{
			"from": [15.8, 12.5, 9.3],
			"to": [13, 8.1, 6.7],
			"rotation": {"angle": 0, "axis": "y", "origin": [8, 8.1, 8]},
			"faces": {
				"north": {"uv": [6.9375, 6, 6.5, 5.3125], "texture": "#1"},
				"east": {"uv": [6.875, 6, 6.9375, 5.3125], "texture": "#1"},
				"south": {"uv": [6.5, 6, 6.9375, 5.3125], "texture": "#1"},
				"west": {"uv": [0, 5.3125, 0.0625, 5.375], "texture": "#1"},
				"up": {"uv": [0, 5.3125, 0.0625, 5.375], "texture": "#1"},
				"down": {"uv": [6.5, 5.3125, 6.9375, 5.375], "texture": "#1"}
			}
		},
		{
			"from": [10, 8.3, 6.9],
			"to": [12.8, 12.3, 9.1],
			"rotation": {"angle": 0, "axis": "y", "origin": [8, 8.1, 8]},
			"faces": {
				"north": {"uv": [1.5625, 1.375, 3.3125, 3.875], "texture": "#1"},
				"south": {"uv": [3.3125, 1.375, 1.5625, 3.875], "texture": "#1"},
				"up": {"uv": [3.3125, 1.375, 1.5625, 0], "texture": "#1"},
				"down": {"uv": [3.3125, 5.25, 1.5625, 3.875], "texture": "#1"}
			}
		},
		{
			"from": [13, 12.5, 9.3],
			"to": [9.8, 8.1, 6.7],
			"rotation": {"angle": 0, "axis": "y", "origin": [8, 8.1, 8]},
			"faces": {
				"north": {"uv": [0.125, 6, 0.625, 5.3125], "texture": "#1"},
				"east": {"uv": [0, 5.3125, 0.0625, 5.375], "texture": "#1"},
				"south": {"uv": [0.125, 6, 0.625, 5.3125], "texture": "#1"},
				"west": {"uv": [0, 5.3125, 0.0625, 5.375], "texture": "#1"},
				"up": {"uv": [0.125, 5.9375, 0.625, 6], "texture": "#1"},
				"down": {"uv": [0, 5.3125, 0.0625, 5.375], "texture": "#1"}
			}
		},
		{
			"from": [11, 8.1, 6.7],
			"to": [11.8, 9.7, 9.3],
			"rotation": {"angle": 0, "axis": "y", "origin": [8, 8.1, 8]},
			"faces": {
				"east": {"uv": [0, 5.3125, 0.0625, 5.375], "texture": "#1"},
				"west": {"uv": [0, 5.3125, 0.0625, 5.375], "texture": "#1"},
				"up": {"uv": [0, 5.3125, 0.0625, 5.375], "texture": "#1"}
			}
		},
		{
			"from": [11, 10.9, 6.7],
			"to": [11.8, 11.3, 9.3],
			"rotation": {"angle": 0, "axis": "y", "origin": [8, 8.1, 8]},
			"faces": {
				"east": {"uv": [0, 5.3125, 0.0625, 5.375], "texture": "#1"},
				"west": {"uv": [0, 5.3125, 0.0625, 5.375], "texture": "#1"},
				"up": {"uv": [0, 5.3125, 0.0625, 5.375], "texture": "#1"},
				"down": {"uv": [0, 5.3125, 0.0625, 5.375], "texture": "#1"}
			}
		},
		{
			"from": [6.8, 8.3, 6.9],
			"to": [9.6, 12.3, 9.1],
			"rotation": {"angle": 0, "axis": "y", "origin": [8, 8.1, 8]},
			"faces": {
				"north": {"uv": [3.375, 1.375, 5.125, 3.875], "texture": "#1"},
				"south": {"uv": [5.125, 1.375, 3.375, 3.875], "texture": "#1"},
				"up": {"uv": [5.125, 1.375, 3.375, 0], "texture": "#1"},
				"down": {"uv": [5.125, 5.25, 3.375, 3.875], "texture": "#1"}
			}
		},
		{
			"from": [7.8, 9.3, 6.7],
			"to": [9.8, 9.7, 9.3],
			"rotation": {"angle": 0, "axis": "y", "origin": [8, 8.1, 8]},
			"faces": {
				"west": {"uv": [0, 5.3125, 0.0625, 5.375], "texture": "#1"},
				"up": {"uv": [0, 5.3125, 0.0625, 5.375], "texture": "#1"},
				"down": {"uv": [0, 5.3125, 0.0625, 5.375], "texture": "#1"}
			}
		},
		{
			"from": [6.6, 10.9, 6.7],
			"to": [8.6, 11.3, 9.3],
			"rotation": {"angle": 0, "axis": "y", "origin": [8, 8.1, 8]},
			"faces": {
				"east": {"uv": [0, 5.3125, 0.0625, 5.375], "texture": "#1"},
				"up": {"uv": [0, 5.3125, 0.0625, 5.375], "texture": "#1"},
				"down": {"uv": [0, 5.3125, 0.0625, 5.375], "texture": "#1"}
			}
		},
		{
			"from": [9.8, 12.5, 9.3],
			"to": [6.6, 8.1, 6.7],
			"rotation": {"angle": 0, "axis": "y", "origin": [8, 8.1, 8]},
			"faces": {
				"north": {"uv": [10, 5.3125, 10.5, 6], "texture": "#1"},
				"east": {"uv": [10.0625, 5.3125, 10, 6], "texture": "#1"},
				"south": {"uv": [10.5, 5.3125, 10, 6], "texture": "#1"},
				"west": {"uv": [10.5, 5.3125, 10.4375, 6], "texture": "#1"},
				"up": {"uv": [0.0625, 5.3125, 0, 5.375], "texture": "#1"},
				"down": {"uv": [0.0625, 5.3125, 0, 5.375], "texture": "#1"}
			}
		},
		{
			"from": [3.6, 8.3, 6.9],
			"to": [6.4, 12.3, 9.1],
			"rotation": {"angle": 0, "axis": "y", "origin": [8, 8.1, 8]},
			"faces": {
				"north": {"uv": [5.1875, 1.375, 6.9375, 3.875], "texture": "#1"},
				"south": {"uv": [6.9375, 1.375, 5.1875, 3.875], "texture": "#1"},
				"up": {"uv": [6.9375, 1.375, 5.1875, 0], "texture": "#1"},
				"down": {"uv": [6.9375, 5.25, 5.1875, 3.875], "texture": "#1"}
			}
		},
		{
			"from": [3.4, 10.9, 6.7],
			"to": [5.4, 11.3, 9.3],
			"rotation": {"angle": 0, "axis": "y", "origin": [8, 8.1, 8]},
			"faces": {
				"east": {"uv": [0, 5.3125, 0.0625, 5.375], "texture": "#1"},
				"up": {"uv": [0, 5.3125, 0.0625, 5.375], "texture": "#1"},
				"down": {"uv": [3.125, 5.5625, 2.8125, 5.625], "texture": "#1"}
			}
		},
		{
			"from": [3.4, 9.3, 6.7],
			"to": [5.4, 9.7, 9.3],
			"rotation": {"angle": 0, "axis": "y", "origin": [8, 8.1, 8]},
			"faces": {
				"east": {"uv": [0, 5.3125, 0.0625, 5.375], "texture": "#1"},
				"up": {"uv": [3.125, 5.75, 2.8125, 5.6875], "texture": "#1"},
				"down": {"uv": [0, 5.3125, 0.0625, 5.375], "texture": "#1"}
			}
		},
		{
			"from": [6.6, 12.5, 9.3],
			"to": [3.4, 8.1, 6.7],
			"rotation": {"angle": 0, "axis": "y", "origin": [8, 8.1, 8]},
			"faces": {
				"north": {"uv": [3.125, 6, 2.625, 5.3125], "texture": "#1"},
				"east": {"uv": [3.0625, 6, 3.125, 5.3125], "texture": "#1"},
				"south": {"uv": [2.625, 6, 3.125, 5.3125], "texture": "#1"},
				"west": {"uv": [0, 5.3125, 0.0625, 5.375], "texture": "#1"},
				"up": {"uv": [0, 5.3125, 0.0625, 5.375], "texture": "#1"},
				"down": {"uv": [0, 5.3125, 0.0625, 5.375], "texture": "#1"}
			}
		},
		{
			"from": [3.8, 9.7, 6.7],
			"to": [3.8, 10.9, 9.3],
			"rotation": {"angle": 0, "axis": "y", "origin": [8, 8.1, 8]},
			"faces": {
				"east": {"uv": [0, 5.3125, 0.0625, 5.375], "texture": "#1"},
				"west": {"uv": [0, 5.3125, 0.0625, 5.375], "texture": "#1"}
			}
		},
		{
			"from": [0.4, 8.3, 6.9],
			"to": [3.2, 12.3, 9.1],
			"rotation": {"angle": 0, "axis": "y", "origin": [8, 8.1, 8]},
			"faces": {
				"north": {"uv": [7, 1.375, 8.75, 3.875], "texture": "#1"},
				"south": {"uv": [8.75, 1.375, 7, 3.875], "texture": "#1"},
				"up": {"uv": [8.75, 1.375, 7, 0], "texture": "#1"},
				"down": {"uv": [8.75, 5.25, 7, 3.875], "texture": "#1"}
			}
		},
		{
			"from": [3.4, 12.5, 9.3],
			"to": [0.2, 8.1, 6.7],
			"rotation": {"angle": 0, "axis": "y", "origin": [8, 8.1, 8]},
			"faces": {
				"north": {"uv": [11.0625, 6, 10.5625, 5.3125], "texture": "#1"},
				"east": {"uv": [11.0625, 6, 11, 5.3125], "texture": "#1"},
				"south": {"uv": [10.5625, 6, 11.0625, 5.3125], "texture": "#1"},
				"west": {"uv": [0.0625, 5.375, 0, 5.3125], "texture": "#1"},
				"up": {"uv": [11.0625, 6, 10.5625, 5.9375], "texture": "#1"},
				"down": {"uv": [10.5625, 5.375, 11.0625, 5.3125], "texture": "#1"}
			}
		},
		{
			"from": [1.4, 10.9, 6.7],
			"to": [2.2, 11.3, 9.3],
			"rotation": {"angle": 0, "axis": "y", "origin": [8, 8.1, 8]},
			"faces": {
				"east": {"uv": [0, 5.3125, 0.0625, 5.375], "texture": "#1"},
				"west": {"uv": [0, 5.3125, 0.0625, 5.375], "texture": "#1"},
				"up": {"uv": [0, 5.3125, 0.0625, 5.375], "texture": "#1"},
				"down": {"uv": [0, 5.3125, 0.0625, 5.375], "texture": "#1"}
			}
		},
		{
			"from": [0.2, 12.1, 6.7],
			"to": [0.6, 12.5, 9.3],
			"rotation": {"angle": 0, "axis": "y", "origin": [8, 8.1, 8]},
			"faces": {
				"east": {"uv": [0, 5.3125, 0.0625, 5.375], "texture": "#1"},
				"down": {"uv": [0, 5.3125, 0.0625, 5.375], "texture": "#1"}
			}
		},
		{
			"from": [1.4, 8.1, 6.7],
			"to": [2.2, 9.7, 9.3],
			"rotation": {"angle": 0, "axis": "y", "origin": [8, 8.1, 8]},
			"faces": {
				"east": {"uv": [0, 5.3125, 0.0625, 5.375], "texture": "#1"},
				"west": {"uv": [0, 5.3125, 0.0625, 5.375], "texture": "#1"},
				"up": {"uv": [0, 5.3125, 0.0625, 5.375], "texture": "#1"}
			}
		},
		{
			"from": [9.8, 3.5, 6.9],
			"to": [12.6, 7.5, 9.1],
			"rotation": {"angle": 0, "axis": "y", "origin": [8, 8.1, 8]},
			"faces": {
				"north": {"uv": [8.8125, 1.375, 10.5625, 3.875], "texture": "#1"},
				"south": {"uv": [10.5625, 1.375, 8.8125, 3.875], "texture": "#1"},
				"up": {"uv": [10.5625, 1.375, 8.8125, 0], "texture": "#1"},
				"down": {"uv": [10.5625, 5.25, 8.8125, 3.875], "texture": "#1"}
			}
		},
		{
			"from": [11.8, 3.3, 6.7],
			"to": [12.8, 6.5, 9.3],
			"rotation": {"angle": 0, "axis": "y", "origin": [8, 8.1, 8]},
			"faces": {
				"west": {"uv": [0, 6.9375, 0.125, 7], "texture": "#1"},
				"up": {"uv": [0, 6.9375, 0.125, 7], "texture": "#1"}
			}
		},
		{
			"from": [9.6, 3.3, 6.7],
			"to": [10.6, 6.5, 9.3],
			"rotation": {"angle": 0, "axis": "y", "origin": [8, 8.1, 8]},
			"faces": {
				"east": {"uv": [0, 6.9375, 0.0625, 7], "texture": "#1"},
				"up": {"uv": [0, 6.9375, 0.0625, 7], "texture": "#1"}
			}
		},
		{
			"from": [12.8, 7.7, 9.3],
			"to": [9.6, 3.3, 6.7],
			"rotation": {"angle": 0, "axis": "y", "origin": [8, 8.1, 8]},
			"faces": {
				"north": {"uv": [11.5625, 7.625, 12.5625, 6.9375], "texture": "#1"},
				"east": {"uv": [11.625, 7.625, 11.5625, 6.9375], "texture": "#1"},
				"south": {"uv": [11.5625, 7.625, 12.5625, 6.9375], "texture": "#1"},
				"west": {"uv": [11.625, 7.625, 11.5625, 6.9375], "texture": "#1"},
				"up": {"uv": [11.5625, 7.625, 12.5625, 7.5625], "texture": "#1"},
				"down": {"uv": [0, 6.9375, 0.0625, 7], "texture": "#1"}
			}
		},
		{
			"from": [6.6, 3.5, 6.9],
			"to": [9.4, 7.5, 9.1],
			"rotation": {"angle": 0, "axis": "y", "origin": [8, 8.1, 8]},
			"faces": {
				"north": {"uv": [10.625, 1.375, 12.375, 3.875], "texture": "#1"},
				"south": {"uv": [12.375, 1.375, 10.625, 3.875], "texture": "#1"},
				"up": {"uv": [12.375, 1.375, 10.625, 0], "texture": "#1"},
				"down": {"uv": [12.375, 5.25, 10.625, 3.875], "texture": "#1"}
			}
		},
		{
			"from": [9.6, 7.7, 9.3],
			"to": [6.4, 3.3, 6.7],
			"rotation": {"angle": 0, "axis": "y", "origin": [8, 8.1, 8]},
			"faces": {
				"north": {"uv": [0.125, 7.625, 0.625, 6.9375], "texture": "#1"},
				"east": {"uv": [0, 6.9375, 0.0625, 7], "texture": "#1"},
				"south": {"uv": [0.125, 7.625, 0.625, 6.9375], "texture": "#1"},
				"west": {"uv": [0, 6.9375, 0.0625, 7], "texture": "#1"},
				"up": {"uv": [0.125, 7.5625, 0.625, 7.625], "texture": "#1"},
				"down": {"uv": [0, 6.9375, 0.0625, 7], "texture": "#1"}
			}
		},
		{
			"from": [7.6, 3.3, 6.7],
			"to": [8.4, 4.9, 9.3],
			"rotation": {"angle": 0, "axis": "y", "origin": [8, 8.1, 8]},
			"faces": {
				"east": {"uv": [0, 6.9375, 0.0625, 7], "texture": "#1"},
				"west": {"uv": [0, 6.9375, 0.0625, 7], "texture": "#1"},
				"up": {"uv": [0, 6.9375, 0.0625, 7], "texture": "#1"}
			}
		},
		{
			"from": [7.6, 6.1, 6.7],
			"to": [8.4, 6.5, 9.3],
			"rotation": {"angle": 0, "axis": "y", "origin": [8, 8.1, 8]},
			"faces": {
				"east": {"uv": [0, 6.9375, 0.0625, 7], "texture": "#1"},
				"west": {"uv": [0, 6.9375, 0.0625, 7], "texture": "#1"},
				"up": {"uv": [0, 6.9375, 0.0625, 7], "texture": "#1"},
				"down": {"uv": [0, 6.9375, 0.0625, 7], "texture": "#1"}
			}
		},
		{
			"from": [3.4, 3.5, 6.9],
			"to": [6.2, 7.5, 9.1],
			"rotation": {"angle": 0, "axis": "y", "origin": [8, 8.1, 8]},
			"faces": {
				"north": {"uv": [12.4375, 1.375, 14.1875, 3.875], "texture": "#1"},
				"south": {"uv": [14.1875, 1.375, 12.4375, 3.875], "texture": "#1"},
				"up": {"uv": [14.1875, 1.375, 12.4375, 0], "texture": "#1"},
				"down": {"uv": [14.1875, 5.25, 12.4375, 3.875], "texture": "#1"}
			}
		},
		{
			"from": [3.2, 6.1, 6.7],
			"to": [5.2, 6.5, 9.3],
			"rotation": {"angle": 0, "axis": "y", "origin": [8, 8.1, 8]},
			"faces": {
				"east": {"uv": [0, 6.9375, 0.0625, 7], "texture": "#1"},
				"up": {"uv": [0, 6.9375, 0.0625, 7], "texture": "#1"},
				"down": {"uv": [0, 6.9375, 0.0625, 7], "texture": "#1"}
			}
		},
		{
			"from": [6.4, 7.7, 9.3],
			"to": [3.2, 3.3, 6.7],
			"rotation": {"angle": 0, "axis": "y", "origin": [8, 8.1, 8]},
			"faces": {
				"north": {"uv": [4.125, 7.625, 3.625, 6.9375], "texture": "#1"},
				"east": {"uv": [4.125, 7.625, 4.0625, 6.9375], "texture": "#1"},
				"south": {"uv": [3.625, 7.625, 4.125, 6.9375], "texture": "#1"},
				"west": {"uv": [0, 6.9375, 0.0625, 7], "texture": "#1"},
				"up": {"uv": [0, 6.9375, 0.0625, 7], "texture": "#1"},
				"down": {"uv": [0, 6.9375, 0.0625, 7], "texture": "#1"}
			}
		},
		{
			"from": [4.4, 4.5, 6.7],
			"to": [5.2, 4.9, 9.3],
			"rotation": {"angle": 0, "axis": "y", "origin": [8, 8.1, 8]},
			"faces": {
				"east": {"uv": [0, 6.9375, 0.0625, 7], "texture": "#1"},
				"west": {"uv": [0, 6.9375, 0.0625, 7], "texture": "#1"},
				"up": {"uv": [0, 6.9375, 0.0625, 7], "texture": "#1"},
				"down": {"uv": [0, 6.9375, 0.0625, 7], "texture": "#1"}
			}
		},
		{
			"from": [1.4, 6.7, 6.9],
			"to": [3, 7.5, 9.1],
			"rotation": {"angle": 0, "axis": "y", "origin": [-4.2, 4.9, 8]},
			"faces": {
				"north": {"uv": [14.25, 1.375, 15.25, 1.875], "texture": "#1"},
				"south": {"uv": [15.25, 1.375, 14.25, 1.875], "texture": "#1"},
				"up": {"uv": [15.25, 1.375, 14.25, 0], "texture": "#1"},
				"down": {"uv": [15.25, 5.25, 14.25, 3.875], "texture": "#1"}
			}
		},
		{
			"from": [3.2, 7.7, 9.3],
			"to": [1.2, 6.5, 6.7],
			"rotation": {"angle": 0, "axis": "y", "origin": [-4.2, 4.9, 8]},
			"faces": {
				"north": {"uv": [0, 6.9375, 0.0625, 7], "texture": "#1"},
				"east": {"uv": [0, 6.9375, 0.0625, 7], "texture": "#1"},
				"south": {"uv": [0, 6.9375, 0.0625, 7], "texture": "#1"},
				"west": {"uv": [0, 6.9375, 0.0625, 7], "texture": "#1"},
				"up": {"uv": [0, 6.9375, 0.0625, 7], "texture": "#1"},
				"down": {"uv": [0, 6.9375, 0.0625, 7], "texture": "#1"}
			}
		},
		{
			"from": [13, 6.7, 6.9],
			"to": [14.6, 7.5, 9.1],
			"rotation": {"angle": 0, "axis": "y", "origin": [7.4, 4.9, 8]},
			"faces": {
				"north": {"uv": [14.25, 1.375, 15.25, 1.875], "texture": "#1"},
				"south": {"uv": [15.25, 1.375, 14.25, 1.875], "texture": "#1"},
				"up": {"uv": [15.25, 1.375, 14.25, 0], "texture": "#1"},
				"down": {"uv": [15.25, 5.25, 14.25, 3.875], "texture": "#1"}
			}
		},
		{
			"from": [14.8, 7.7, 9.3],
			"to": [12.8, 6.5, 6.7],
			"rotation": {"angle": 0, "axis": "y", "origin": [7.4, 4.9, 8]},
			"faces": {
				"north": {"uv": [0, 6.9375, 0.0625, 7], "texture": "#1"},
				"east": {"uv": [0, 6.9375, 0.0625, 7], "texture": "#1"},
				"south": {"uv": [0, 6.9375, 0.0625, 7], "texture": "#1"},
				"west": {"uv": [0, 6.9375, 0.0625, 7], "texture": "#1"},
				"up": {"uv": [0, 6.9375, 0.0625, 7], "texture": "#1"},
				"down": {"uv": [0, 6.9375, 0.0625, 7], "texture": "#1"}
			}
		}
	],
	"display": {
		"thirdperson_righthand": {
			"rotation": [75, 45, 0],
			"translation": [0, 2.5, 0],
			"scale": [0.5, 0.5, 0.5]
		},
		"thirdperson_lefthand": {
			"rotation": [75, 45, 0],
			"translation": [0, 2.5, 0],
			"scale": [0.5, 0.5, 0.5]
		},
		"firstperson_righthand": {
			"rotation": [0, 135, 0],
			"scale": [0.6, 0.6, 0.6]
		},
		"firstperson_lefthand": {
			"rotation": [0, 135, 0],
			"scale": [0.6, 0.6, 0.6]
		},
		"ground": {
			"translation": [0, -0.25, 0]
		},
		"gui": {
			"rotation": [30, 135, 0],
			"scale": [1.26, 1.26, 1.26]
		},
		"head": {
			"translation": [0, 28, 0],
			"scale": [4, 4, 4]
		},
		"fixed": {
			"rotation": [-90, 0, 0],
			"translation": [0, 0, -27.75],
			"scale": [4, 4, 4]
		}
	},
	"groups": [
		{
			"name": "lasertag",
			"origin": [0, 1.6, 0],
			"color": 0,
			"children": [
				{
					"name": "l",
					"origin": [0, 1.6, 0],
					"color": 0,
					"children": [0, 1, 2]
				},
				{
					"name": "a",
					"origin": [0, 1.6, 0],
					"color": 0,
					"children": [3, 4, 5, 6]
				},
				{
					"name": "s",
					"origin": [0, 1.6, 0],
					"color": 0,
					"children": [7, 8, 9, 10]
				},
				{
					"name": "e",
					"origin": [0, 1.6, 0],
					"color": 0,
					"children": [11, 12, 13, 14, 15]
				},
				{
					"name": "r",
					"origin": [0, 1.6, 0],
					"color": 0,
					"children": [16, 17, 18, 19, 20]
				},
				{
					"name": "t",
					"origin": [0, 1.6, 0],
					"color": 0,
					"children": [21, 22, 23, 24]
				},
				{
					"name": "a2",
					"origin": [0, 1.6, 0],
					"color": 0,
					"children": [25, 26, 27, 28]
				},
				{
					"name": "g",
					"origin": [0, 1.6, 0],
					"color": 0,
					"children": [29, 30, 31, 32]
				},
				{
					"name": "-",
					"origin": [-5.8, 0.6, 0],
					"color": 0,
					"children": [
						33,
						34,
						{
							"name": "-2",
							"origin": [5.8, 0.6, 0],
							"color": 0,
							"children": [35, 36]
						}
					]
				}
			]
		}
	]
}