{
	"credit": "Made with Blockbench",
	"texture_size": [256, 256],
	"textures": {
		"1": "custom/block/title_1",
		"particle": "custom/block/title_1"
	},
	"elements": [
		{
			"from": [15.4, 6.7, 7.2],
			"to": [18.6, 9.9, 8.8],
			"rotation": {"angle": 0, "axis": "y", "origin": [8, 6.5, 8]},
			"faces": {
				"north": {"uv": [0, 10.1875, 2, 12.1875], "texture": "#1"},
				"south": {"uv": [2, 10.1875, 0, 12.1875], "texture": "#1"},
				"up": {"uv": [2, 10.1875, 0, 9.1875], "texture": "#1"},
				"down": {"uv": [2, 13.1875, 0, 12.1875], "texture": "#1"}
			}
		},
		{
			"from": [18.2, 9.5, 7],
			"to": [18.8, 10.1, 9],
			"rotation": {"angle": 0, "axis": "y", "origin": [8, 6.5, 8]},
			"faces": {
				"west": {"uv": [0, 13.3125, 0.0625, 13.375], "texture": "#1"},
				"down": {"uv": [0, 13.3125, 0.0625, 13.375], "texture": "#1"}
			}
		},
		{
			"from": [15.2, 9.5, 7],
			"to": [15.8, 10.1, 9],
			"rotation": {"angle": 0, "axis": "y", "origin": [8, 6.5, 8]},
			"faces": {
				"east": {"uv": [0, 13.3125, 0.0625, 13.375], "texture": "#1"},
				"down": {"uv": [0, 13.3125, 0.0625, 13.375], "texture": "#1"}
			}
		},
		{
			"from": [16.4, 6.5, 7],
			"to": [17.6, 7.1, 9],
			"rotation": {"angle": 0, "axis": "y", "origin": [8, 6.5, 8]},
			"faces": {
				"east": {"uv": [0, 13.3125, 0.0625, 13.375], "texture": "#1"},
				"west": {"uv": [0, 13.3125, 0.0625, 13.375], "texture": "#1"},
				"up": {"uv": [0, 13.3125, 0.0625, 13.375], "texture": "#1"}
			}
		},
		{
			"from": [16.4, 8.3, 7],
			"to": [17.6, 8.9, 9],
			"rotation": {"angle": 0, "axis": "y", "origin": [8, 6.5, 8]},
			"faces": {
				"east": {"uv": [0, 13.3125, 0.0625, 13.375], "texture": "#1"},
				"west": {"uv": [0, 13.3125, 0.0625, 13.375], "texture": "#1"},
				"up": {"uv": [0, 13.3125, 0.0625, 13.375], "texture": "#1"},
				"down": {"uv": [0, 13.3125, 0.0625, 13.375], "texture": "#1"}
			}
		},
		{
			"from": [18.8, 10.1, 9],
			"to": [15.2, 6.5, 7],
			"rotation": {"angle": 0, "axis": "y", "origin": [8, 6.5, 8]},
			"faces": {
				"north": {"uv": [0.375, 13.625, 0.75, 13.25], "texture": "#1"},
				"east": {"uv": [0.375, 13.625, 0.4375, 13.25], "texture": "#1"},
				"south": {"uv": [0.375, 13.625, 0.75, 13.25], "texture": "#1"},
				"west": {"uv": [0.375, 13.625, 0.4375, 13.25], "texture": "#1"},
				"up": {"uv": [0.375, 13.5625, 0.75, 13.625], "texture": "#1"},
				"down": {"uv": [0.375, 13.25, 0.75, 13.3125], "texture": "#1"}
			}
		},
		{
			"from": [11.8, 6.7, 7.2],
			"to": [15, 9.9, 8.8],
			"rotation": {"angle": 0, "axis": "y", "origin": [8, 6.5, 8]},
			"faces": {
				"north": {"uv": [2.0625, 10.1875, 4.0625, 12.1875], "texture": "#1"},
				"south": {"uv": [4.0625, 10.1875, 2.0625, 12.1875], "texture": "#1"},
				"up": {"uv": [4.0625, 10.1875, 2.0625, 9.1875], "texture": "#1"},
				"down": {"uv": [4.0625, 13.1875, 2.0625, 12.1875], "texture": "#1"}
			}
		},
		{
			"from": [12.8, 6.5, 7],
			"to": [14, 7.7, 9],
			"rotation": {"angle": 0, "axis": "y", "origin": [8, 6.5, 8]},
			"faces": {
				"east": {"uv": [0, 13.25, 0.0625, 13.3125], "texture": "#1"},
				"west": {"uv": [0, 13.25, 0.0625, 13.3125], "texture": "#1"},
				"up": {"uv": [0, 13.25, 0.0625, 13.3125], "texture": "#1"}
			}
		},
		{
			"from": [11.6, 9.5, 7],
			"to": [12.2, 10.1, 9],
			"rotation": {"angle": 0, "axis": "y", "origin": [8, 6.5, 8]},
			"faces": {
				"east": {"uv": [0, 13.25, 0.0625, 13.3125], "texture": "#1"},
				"down": {"uv": [0, 13.25, 0.0625, 13.3125], "texture": "#1"}
			}
		},
		{
			"from": [15.2, 10.1, 9],
			"to": [11.6, 6.5, 7],
			"rotation": {"angle": 0, "axis": "y", "origin": [8, 6.5, 8]},
			"faces": {
				"north": {"uv": [5.5, 13.625, 5.125, 13.25], "texture": "#1"},
				"east": {"uv": [5.4375, 13.625, 5.5, 13.25], "texture": "#1"},
				"south": {"uv": [5.125, 13.625, 5.5, 13.25], "texture": "#1"},
				"west": {"uv": [0, 13.25, 0.0625, 13.3125], "texture": "#1"},
				"up": {"uv": [5.125, 13.5625, 5.5, 13.625], "texture": "#1"},
				"down": {"uv": [5.125, 13.25, 5.5, 13.3125], "texture": "#1"}
			}
		},
		{
			"from": [8.2, 6.7, 7.2],
			"to": [11.4, 9.9, 8.8],
			"rotation": {"angle": 0, "axis": "y", "origin": [8, 6.5, 8]},
			"faces": {
				"north": {"uv": [4.125, 10.1875, 6.125, 12.1875], "texture": "#1"},
				"south": {"uv": [6.125, 10.1875, 4.125, 12.1875], "texture": "#1"},
				"up": {"uv": [6.125, 10.1875, 4.125, 9.1875], "texture": "#1"},
				"down": {"uv": [6.125, 13.1875, 4.125, 12.1875], "texture": "#1"}
			}
		},
		{
			"from": [8, 6.5, 7],
			"to": [8.6, 7.1, 9],
			"rotation": {"angle": 0, "axis": "y", "origin": [8, 6.5, 8]},
			"faces": {
				"east": {"uv": [0, 13.3125, 0.0625, 13.375], "texture": "#1"},
				"up": {"uv": [0, 13.3125, 0.0625, 13.375], "texture": "#1"}
			}
		},
		{
			"from": [8, 9.5, 7],
			"to": [8.6, 10.1, 9],
			"rotation": {"angle": 0, "axis": "y", "origin": [8, 6.5, 8]},
			"faces": {
				"east": {"uv": [0, 13.3125, 0.0625, 13.375], "texture": "#1"},
				"down": {"uv": [0, 13.3125, 0.0625, 13.375], "texture": "#1"}
			}
		},
		{
			"from": [11, 9.5, 7],
			"to": [11.6, 10.1, 9],
			"rotation": {"angle": 0, "axis": "y", "origin": [8, 6.5, 8]},
			"faces": {
				"west": {"uv": [0, 13.3125, 0.0625, 13.375], "texture": "#1"},
				"down": {"uv": [0, 13.3125, 0.0625, 13.375], "texture": "#1"}
			}
		},
		{
			"from": [11, 6.5, 7],
			"to": [11.6, 7.1, 9],
			"rotation": {"angle": 0, "axis": "y", "origin": [8, 6.5, 8]},
			"faces": {
				"west": {"uv": [0, 13.3125, 0.0625, 13.375], "texture": "#1"},
				"up": {"uv": [0, 13.3125, 0.0625, 13.375], "texture": "#1"}
			}
		},
		{
			"from": [9.2, 7.7, 7],
			"to": [10.4, 8.9, 9],
			"rotation": {"angle": 0, "axis": "y", "origin": [8, 6.5, 8]},
			"faces": {
				"east": {"uv": [0, 13.25, 0.0625, 13.3125], "texture": "#1"},
				"west": {"uv": [0, 13.25, 0.0625, 13.3125], "texture": "#1"},
				"up": {"uv": [0, 13.25, 0.0625, 13.3125], "texture": "#1"},
				"down": {"uv": [0, 13.25, 0.0625, 13.3125], "texture": "#1"}
			}
		},
		{
			"from": [11.6, 10.1, 9],
			"to": [8, 6.5, 7],
			"rotation": {"angle": 0, "axis": "y", "origin": [8, 6.5, 8]},
			"faces": {
				"north": {"uv": [1.4375, 13.625, 1.0625, 13.25], "texture": "#1"},
				"east": {"uv": [0.3125, 13.25, 0.375, 13.625], "texture": "#1"},
				"south": {"uv": [1.0625, 13.625, 1.4375, 13.25], "texture": "#1"},
				"west": {"uv": [0.3125, 13.25, 0.375, 13.625], "texture": "#1"},
				"up": {"uv": [1.0625, 13.5625, 1.4375, 13.625], "texture": "#1"},
				"down": {"uv": [1.0625, 13.25, 1.4375, 13.3125], "texture": "#1"}
			}
		},
		{
			"from": [4.6, 6.7, 7.2],
			"to": [7.8, 9.9, 8.8],
			"rotation": {"angle": 0, "axis": "y", "origin": [8, 6.5, 8]},
			"faces": {
				"north": {"uv": [0, 10.1875, 2, 12.1875], "texture": "#1"},
				"south": {"uv": [2, 10.1875, 0, 12.1875], "texture": "#1"},
				"up": {"uv": [2, 10.1875, 0, 9.1875], "texture": "#1"},
				"down": {"uv": [2, 13.1875, 0, 12.1875], "texture": "#1"}
			}
		},
		{
			"from": [7.4, 9.5, 7],
			"to": [8, 10.1, 9],
			"rotation": {"angle": 0, "axis": "y", "origin": [8, 6.5, 8]},
			"faces": {
				"west": {"uv": [0, 13.3125, 0.0625, 13.375], "texture": "#1"},
				"down": {"uv": [0, 13.3125, 0.0625, 13.375], "texture": "#1"}
			}
		},
		{
			"from": [4.4, 9.5, 7],
			"to": [5, 10.1, 9],
			"rotation": {"angle": 0, "axis": "y", "origin": [8, 6.5, 8]},
			"faces": {
				"east": {"uv": [0, 13.3125, 0.0625, 13.375], "texture": "#1"},
				"down": {"uv": [0, 13.3125, 0.0625, 13.375], "texture": "#1"}
			}
		},
		{
			"from": [5.6, 6.5, 7],
			"to": [6.8, 7.1, 9],
			"rotation": {"angle": 0, "axis": "y", "origin": [8, 6.5, 8]},
			"faces": {
				"east": {"uv": [0, 13.3125, 0.0625, 13.375], "texture": "#1"},
				"west": {"uv": [0, 13.3125, 0.0625, 13.375], "texture": "#1"},
				"up": {"uv": [0, 13.3125, 0.0625, 13.375], "texture": "#1"}
			}
		},
		{
			"from": [5.6, 8.3, 7],
			"to": [6.8, 8.9, 9],
			"rotation": {"angle": 0, "axis": "y", "origin": [8, 6.5, 8]},
			"faces": {
				"east": {"uv": [0, 13.3125, 0.0625, 13.375], "texture": "#1"},
				"west": {"uv": [0, 13.3125, 0.0625, 13.375], "texture": "#1"},
				"up": {"uv": [0, 13.3125, 0.0625, 13.375], "texture": "#1"},
				"down": {"uv": [0, 13.3125, 0.0625, 13.375], "texture": "#1"}
			}
		},
		{
			"from": [8, 10.1, 9],
			"to": [4.4, 6.5, 7],
			"rotation": {"angle": 0, "axis": "y", "origin": [8, 6.5, 8]},
			"faces": {
				"north": {"uv": [0.375, 13.625, 0.75, 13.25], "texture": "#1"},
				"east": {"uv": [0.375, 13.625, 0.4375, 13.25], "texture": "#1"},
				"south": {"uv": [0.375, 13.625, 0.75, 13.25], "texture": "#1"},
				"west": {"uv": [0.375, 13.625, 0.4375, 13.25], "texture": "#1"},
				"up": {"uv": [0.375, 13.5625, 0.75, 13.625], "texture": "#1"},
				"down": {"uv": [0.375, 13.25, 0.75, 13.3125], "texture": "#1"}
			}
		},
		{
			"from": [1, 6.7, 7.2],
			"to": [4.2, 9.9, 8.8],
			"rotation": {"angle": 0, "axis": "y", "origin": [8, 6.5, 8]},
			"faces": {
				"north": {"uv": [6.1875, 10.1875, 8.1875, 12.1875], "texture": "#1"},
				"south": {"uv": [8.1875, 10.1875, 6.1875, 12.1875], "texture": "#1"},
				"up": {"uv": [8.1875, 10.1875, 6.1875, 9.1875], "texture": "#1"},
				"down": {"uv": [8.1875, 13.1875, 6.1875, 12.1875], "texture": "#1"}
			}
		},
		{
			"from": [0.8, 6.5, 7],
			"to": [1.4, 7.1, 9],
			"rotation": {"angle": 0, "axis": "y", "origin": [8, 6.5, 8]},
			"faces": {
				"east": {"uv": [0, 13.3125, 0.0625, 13.375], "texture": "#1"},
				"up": {"uv": [0, 13.3125, 0.0625, 13.375], "texture": "#1"}
			}
		},
		{
			"from": [0.8, 9.5, 7],
			"to": [1.4, 10.1, 9],
			"rotation": {"angle": 0, "axis": "y", "origin": [8, 6.5, 8]},
			"faces": {
				"east": {"uv": [0, 13.3125, 0.0625, 13.375], "texture": "#1"},
				"down": {"uv": [0, 13.3125, 0.0625, 13.375], "texture": "#1"}
			}
		},
		{
			"from": [2, 7.7, 7],
			"to": [3.2, 8.9, 9],
			"rotation": {"angle": 0, "axis": "y", "origin": [8, 6.5, 8]},
			"faces": {
				"east": {"uv": [0, 13.25, 0.0625, 13.3125], "texture": "#1"},
				"west": {"uv": [0, 13.25, 0.0625, 13.3125], "texture": "#1"},
				"up": {"uv": [0, 13.25, 0.0625, 13.3125], "texture": "#1"},
				"down": {"uv": [0, 13.25, 0.0625, 13.3125], "texture": "#1"}
			}
		},
		{
			"from": [4.4, 10.1, 9],
			"to": [0.8, 6.5, 7],
			"rotation": {"angle": 0, "axis": "y", "origin": [8, 6.5, 8]},
			"faces": {
				"north": {"uv": [1.375, 13.25, 1.75, 13.625], "texture": "#1"},
				"east": {"uv": [0.3125, 13.25, 0.375, 13.625], "texture": "#1"},
				"south": {"uv": [1.75, 13.625, 1.375, 13.25], "texture": "#1"},
				"west": {"uv": [0, 13.25, 0.0625, 13.3125], "texture": "#1"},
				"up": {"uv": [1.75, 13.5625, 1.375, 13.625], "texture": "#1"},
				"down": {"uv": [1.75, 13.25, 1.375, 13.3125], "texture": "#1"}
			}
		},
		{
			"from": [-2.6, 6.7, 7.2],
			"to": [0.6, 9.9, 8.8],
			"rotation": {"angle": 0, "axis": "y", "origin": [8, 6.5, 8]},
			"faces": {
				"north": {"uv": [8.25, 10.1875, 10.25, 12.1875], "texture": "#1"},
				"south": {"uv": [10.25, 10.1875, 8.25, 12.1875], "texture": "#1"},
				"up": {"uv": [10.25, 10.1875, 8.25, 9.1875], "texture": "#1"},
				"down": {"uv": [10.25, 13.1875, 8.25, 12.1875], "texture": "#1"}
			}
		},
		{
			"from": [-2.8, 7.7, 7],
			"to": [-1.6, 8.9, 9],
			"rotation": {"angle": 0, "axis": "y", "origin": [8, 6.5, 8]},
			"faces": {
				"east": {"uv": [0, 13.25, 0.0625, 13.3125], "texture": "#1"},
				"up": {"uv": [0, 13.25, 0.0625, 13.3125], "texture": "#1"},
				"down": {"uv": [0, 13.25, 0.0625, 13.3125], "texture": "#1"}
			}
		},
		{
			"from": [0.8, 10.1, 9],
			"to": [-2.8, 6.5, 7],
			"rotation": {"angle": 0, "axis": "y", "origin": [8, 6.5, 8]},
			"faces": {
				"north": {"uv": [1.8125, 13.25, 1.625, 13.625], "texture": "#1"},
				"east": {"uv": [1.75, 13.25, 1.8125, 13.625], "texture": "#1"},
				"south": {"uv": [1.625, 13.25, 1.8125, 13.625], "texture": "#1"},
				"west": {"uv": [0, 13.25, 0.0625, 13.3125], "texture": "#1"},
				"up": {"uv": [0, 13.25, 0.0625, 13.3125], "texture": "#1"},
				"down": {"uv": [0, 13.25, 0.0625, 13.3125], "texture": "#1"}
			}
		},
		{
			"from": [12.4, 11.1, 7.2],
			"to": [13.2, 11.9, 8.8],
			"rotation": {"angle": 0, "axis": "y", "origin": [0.6, 9.7, 8]},
			"faces": {
				"north": {"uv": [10.3125, 10.9375, 10.8125, 11.4375], "texture": "#1"},
				"south": {"uv": [10.8125, 10.9375, 10.3125, 11.4375], "texture": "#1"},
				"up": {"uv": [10.8125, 10.1875, 10.3125, 9.1875], "texture": "#1"},
				"down": {"uv": [10.8125, 13.1875, 10.3125, 12.1875], "texture": "#1"}
			}
		},
		{
			"from": [13.4, 12.1, 9],
			"to": [12.2, 10.9, 7],
			"rotation": {"angle": 0, "axis": "y", "origin": [0.6, 9.7, 8]},
			"faces": {
				"north": {"uv": [0, 13.25, 0.0625, 13.3125], "texture": "#1"},
				"east": {"uv": [0, 13.25, 0.0625, 13.3125], "texture": "#1"},
				"south": {"uv": [0, 13.25, 0.0625, 13.3125], "texture": "#1"},
				"west": {"uv": [0, 13.25, 0.0625, 13.3125], "texture": "#1"},
				"up": {"uv": [0, 13.25, 0.0625, 13.3125], "texture": "#1"},
				"down": {"uv": [0, 13.25, 0.0625, 13.3125], "texture": "#1"}
			}
		},
		{
			"from": [10, 12.3, 7.2],
			"to": [10.8, 13.1, 8.8],
			"rotation": {"angle": 0, "axis": "y", "origin": [22.6, 10.9, 8]},
			"faces": {
				"north": {"uv": [10.875, 10.9375, 11.375, 11.4375], "texture": "#1"},
				"south": {"uv": [11.375, 10.9375, 10.875, 11.4375], "texture": "#1"},
				"up": {"uv": [11.375, 10.1875, 10.875, 9.1875], "texture": "#1"},
				"down": {"uv": [11.375, 13.1875, 10.875, 12.1875], "texture": "#1"}
			}
		},
		{
			"from": [11, 13.3, 9],
			"to": [9.8, 12.1, 7],
			"rotation": {"angle": 0, "axis": "y", "origin": [22.6, 10.9, 8]},
			"faces": {
				"north": {"uv": [0, 13.25, 0.0625, 13.3125], "texture": "#1"},
				"east": {"uv": [0, 13.25, 0.0625, 13.3125], "texture": "#1"},
				"south": {"uv": [0, 13.25, 0.0625, 13.3125], "texture": "#1"},
				"west": {"uv": [0, 13.25, 0.0625, 13.3125], "texture": "#1"},
				"up": {"uv": [0, 13.25, 0.0625, 13.3125], "texture": "#1"},
				"down": {"uv": [0, 13.25, 0.0625, 13.3125], "texture": "#1"}
			}
		},
		{
			"from": [3.3, 11.5, 7.2],
			"to": [4.1, 12.3, 8.8],
			"rotation": {"angle": 0, "axis": "y", "origin": [-8.5, 10.1, 8]},
			"faces": {
				"north": {"uv": [10.3125, 10.9375, 10.8125, 11.4375], "texture": "#1"},
				"south": {"uv": [10.8125, 10.9375, 10.3125, 11.4375], "texture": "#1"},
				"up": {"uv": [10.8125, 10.1875, 10.3125, 9.1875], "texture": "#1"},
				"down": {"uv": [10.8125, 13.1875, 10.3125, 12.1875], "texture": "#1"}
			}
		},
		{
			"from": [4.3, 12.5, 9],
			"to": [3.1, 11.3, 7],
			"rotation": {"angle": 0, "axis": "y", "origin": [-8.5, 10.1, 8]},
			"faces": {
				"north": {"uv": [0, 13.25, 0.0625, 13.3125], "texture": "#1"},
				"east": {"uv": [0, 13.25, 0.0625, 13.3125], "texture": "#1"},
				"south": {"uv": [0, 13.25, 0.0625, 13.3125], "texture": "#1"},
				"west": {"uv": [0, 13.25, 0.0625, 13.3125], "texture": "#1"},
				"up": {"uv": [0, 13.25, 0.0625, 13.3125], "texture": "#1"},
				"down": {"uv": [0, 13.25, 0.0625, 13.3125], "texture": "#1"}
			}
		},
		{
			"from": [5.8, 4.7, 7.2],
			"to": [6.6, 5.5, 8.8],
			"rotation": {"angle": 0, "axis": "y", "origin": [18.4, 3.3, 8]},
			"faces": {
				"north": {"uv": [10.875, 10.9375, 11.375, 11.4375], "texture": "#1"},
				"south": {"uv": [11.375, 10.9375, 10.875, 11.4375], "texture": "#1"},
				"up": {"uv": [11.375, 10.1875, 10.875, 9.1875], "texture": "#1"},
				"down": {"uv": [11.375, 13.1875, 10.875, 12.1875], "texture": "#1"}
			}
		},
		{
			"from": [6.8, 5.7, 9],
			"to": [5.6, 4.5, 7],
			"rotation": {"angle": 0, "axis": "y", "origin": [18.4, 3.3, 8]},
			"faces": {
				"north": {"uv": [0, 13.25, 0.0625, 13.3125], "texture": "#1"},
				"east": {"uv": [0, 13.25, 0.0625, 13.3125], "texture": "#1"},
				"south": {"uv": [0, 13.25, 0.0625, 13.3125], "texture": "#1"},
				"west": {"uv": [0, 13.25, 0.0625, 13.3125], "texture": "#1"},
				"up": {"uv": [0, 13.25, 0.0625, 13.3125], "texture": "#1"},
				"down": {"uv": [0, 13.25, 0.0625, 13.3125], "texture": "#1"}
			}
		},
		{
			"from": [3.4, 3.8, 7.2],
			"to": [4.2, 4.6, 8.8],
			"rotation": {"angle": 0, "axis": "y", "origin": [-8.4, 2.4, 8]},
			"faces": {
				"north": {"uv": [10.3125, 10.9375, 10.8125, 11.4375], "texture": "#1"},
				"south": {"uv": [10.8125, 10.9375, 10.3125, 11.4375], "texture": "#1"},
				"up": {"uv": [10.8125, 10.1875, 10.3125, 9.1875], "texture": "#1"},
				"down": {"uv": [10.8125, 13.1875, 10.3125, 12.1875], "texture": "#1"}
			}
		},
		{
			"from": [4.4, 4.8, 9],
			"to": [3.2, 3.6, 7],
			"rotation": {"angle": 0, "axis": "y", "origin": [-8.4, 2.4, 8]},
			"faces": {
				"north": {"uv": [0, 13.25, 0.0625, 13.3125], "texture": "#1"},
				"east": {"uv": [0, 13.25, 0.0625, 13.3125], "texture": "#1"},
				"south": {"uv": [0, 13.25, 0.0625, 13.3125], "texture": "#1"},
				"west": {"uv": [0, 13.25, 0.0625, 13.3125], "texture": "#1"},
				"up": {"uv": [0, 13.25, 0.0625, 13.3125], "texture": "#1"},
				"down": {"uv": [0, 13.25, 0.0625, 13.3125], "texture": "#1"}
			}
		}
	],
	"display": {
		"thirdperson_righthand": {
			"rotation": [75, 45, 0],
			"translation": [0, 2.5, 0],
			"scale": [0.5, 0.5, 0.5]
		},
		"thirdperson_lefthand": {
			"rotation": [75, 45, 0],
			"translation": [0, 2.5, 0],
			"scale": [0.5, 0.5, 0.5]
		},
		"firstperson_righthand": {
			"rotation": [0, 135, 0],
			"scale": [0.6, 0.6, 0.6]
		},
		"firstperson_lefthand": {
			"rotation": [0, 135, 0],
			"scale": [0.6, 0.6, 0.6]
		},
		"ground": {
			"translation": [0, -0.25, 0]
		},
		"gui": {
			"rotation": [30, 135, 0],
			"scale": [1.26, 1.26, 1.26]
		},
		"head": {
			"translation": [0, 28, 0],
			"scale": [4, 4, 4]
		},
		"fixed": {
			"rotation": [-90, 0, 0],
			"translation": [0, 0, -27.75],
			"scale": [4, 4, 4]
		}
	},
	"groups": [
		{
			"name": "arcade",
			"origin": [0, 0, 0],
			"color": 0,
			"children": [
				{
					"name": "a3",
					"origin": [0, 0, 0],
					"color": 0,
					"children": [0, 1, 2, 3, 4, 5]
				},
				{
					"name": "r2",
					"origin": [0, 0, 0],
					"color": 0,
					"children": [6, 7, 8, 9]
				},
				{
					"name": "c",
					"origin": [0, 0, 0],
					"color": 0,
					"children": [10, 11, 12, 13, 14, 15, 16]
				},
				{
					"name": "a4",
					"origin": [0, 0, 0],
					"color": 0,
					"children": [17, 18, 19, 20, 21, 22]
				},
				{
					"name": "d",
					"origin": [0, 0, 0],
					"color": 0,
					"children": [23, 24, 25, 26, 27]
				},
				{
					"name": "e2",
					"origin": [0, 0, 0],
					"color": 0,
					"children": [28, 29, 30]
				},
				{
					"name": "1",
					"origin": [4.8, 5, 0],
					"color": 0,
					"children": [31, 32]
				},
				{
					"name": "2",
					"origin": [2.4, 6.2, 0],
					"color": 0,
					"children": [33, 34]
				},
				{
					"name": "3",
					"origin": [-4.3, 5.4, 0],
					"color": 0,
					"children": [35, 36]
				},
				{
					"name": "4",
					"origin": [-1.8, -1.4, 0],
					"color": 0,
					"children": [37, 38]
				},
				{
					"name": "5",
					"origin": [-4.2, -2.3, 0],
					"color": 0,
					"children": [39, 40]
				}
			]
		}
	]
}