{
	"credit": "Made with Blockbench",
	"texture_size": [32, 32],
	"textures": {
		"0": "custom/block/trophy",
		"particle": "custom/block/trophy"
	},
	"elements": [
		{
			"from": [3, 7, 3],
			"to": [13, 8, 13],
			"rotation": {"angle": 0, "axis": "y", "origin": [3, 7, 3]},
			"faces": {
				"north": {"uv": [0, 3.5, 5, 4], "texture": "#0"},
				"east": {"uv": [0, 3.5, 5, 4], "texture": "#0"},
				"south": {"uv": [0, 3.5, 5, 4], "texture": "#0"},
				"west": {"uv": [0, 3.5, 5, 4], "texture": "#0"},
				"up": {"uv": [0, 4, 5, 9], "texture": "#0"},
				"down": {"uv": [0, 4, 5, 9], "texture": "#0"}
			}
		},
		{
			"from": [3, 8, 3],
			"to": [12, 15, 4],
			"rotation": {"angle": 0, "axis": "y", "origin": [8, 11.5, 8]},
			"faces": {
				"north": {"uv": [0.5, 0, 5, 3.5], "texture": "#0"},
				"east": {"uv": [0.5, 0, 1, 3.5], "texture": "#0"},
				"south": {"uv": [0.5, 0, 5, 3.5], "texture": "#0"},
				"west": {"uv": [0, 0, 0.5, 3.5], "texture": "#0"},
				"up": {"uv": [5, 0, 0.5, 0.5], "texture": "#0"},
				"down": {"uv": [0.5, 3, 5, 3.5], "texture": "#0"}
			}
		},
		{
			"from": [12, 8, 3],
			"to": [13, 15, 12],
			"rotation": {"angle": 0, "axis": "y", "origin": [8, 11.5, 8]},
			"faces": {
				"north": {"uv": [0, 0, 0.5, 3.5], "texture": "#0"},
				"east": {"uv": [0.5, 0, 5, 3.5], "texture": "#0"},
				"south": {"uv": [0.5, 0, 1, 3.5], "texture": "#0"},
				"west": {"uv": [0.5, 0, 5, 3.5], "texture": "#0"},
				"up": {"uv": [5, 0, 0.5, 0.5], "rotation": 90, "texture": "#0"},
				"down": {"uv": [0.5, 3, 5, 3.5], "rotation": 270, "texture": "#0"}
			}
		},
		{
			"from": [4, 8, 12],
			"to": [13, 15, 13],
			"rotation": {"angle": 0, "axis": "y", "origin": [8, 11.5, 8]},
			"faces": {
				"north": {"uv": [0.5, 0, 5, 3.5], "texture": "#0"},
				"east": {"uv": [0, 0, 0.5, 3.5], "texture": "#0"},
				"south": {"uv": [0.5, 0, 5, 3.5], "texture": "#0"},
				"west": {"uv": [0.5, 0, 1, 3.5], "texture": "#0"},
				"up": {"uv": [5, 0, 0.5, 0.5], "rotation": 180, "texture": "#0"},
				"down": {"uv": [0.5, 3, 5, 3.5], "rotation": 180, "texture": "#0"}
			}
		},
		{
			"from": [3, 8, 4],
			"to": [4, 15, 13],
			"rotation": {"angle": 0, "axis": "y", "origin": [8, 11.5, 8]},
			"faces": {
				"north": {"uv": [0.5, 0, 1, 3.5], "texture": "#0"},
				"east": {"uv": [0.5, 0, 5, 3.5], "texture": "#0"},
				"south": {"uv": [0, 0, 0.5, 3.5], "texture": "#0"},
				"west": {"uv": [0.5, 0, 5, 3.5], "texture": "#0"},
				"up": {"uv": [5, 0, 0.5, 0.5], "rotation": 270, "texture": "#0"},
				"down": {"uv": [0.5, 3, 5, 3.5], "rotation": 90, "texture": "#0"}
			}
		},
		{
			"from": [4, 0, 4],
			"to": [12, 3, 12],
			"rotation": {"angle": 0, "axis": "y", "origin": [3, 0, 3]},
			"faces": {
				"north": {"uv": [5, 4, 9, 5.5], "texture": "#0"},
				"east": {"uv": [5, 4, 9, 5.5], "texture": "#0"},
				"south": {"uv": [5, 4, 9, 5.5], "texture": "#0"},
				"west": {"uv": [5, 4, 9, 5.5], "texture": "#0"},
				"up": {"uv": [5, 0, 9, 4], "texture": "#0"},
				"down": {"uv": [5, 0, 9, 4], "texture": "#0"}
			}
		},
		{
			"from": [6, 3, 6],
			"to": [10, 4, 10],
			"rotation": {"angle": 0, "axis": "y", "origin": [3, 3, 3]},
			"faces": {
				"north": {"uv": [1, 9, 3, 9.5], "texture": "#0"},
				"east": {"uv": [1, 9, 3, 9.5], "texture": "#0"},
				"south": {"uv": [1, 9, 3, 9.5], "texture": "#0"},
				"west": {"uv": [1, 9, 3, 9.5], "texture": "#0"},
				"up": {"uv": [1, 9, 3, 11], "texture": "#0"},
				"down": {"uv": [1, 9, 3, 11], "texture": "#0"}
			}
		},
		{
			"from": [7, 4, 7],
			"to": [9, 7, 9],
			"rotation": {"angle": 0, "axis": "y", "origin": [3, 3, 3]},
			"faces": {
				"north": {"uv": [0, 9, 1, 10.5], "texture": "#0"},
				"east": {"uv": [0, 9, 1, 10.5], "texture": "#0"},
				"south": {"uv": [0, 9, 1, 10.5], "texture": "#0"},
				"west": {"uv": [0, 9, 1, 10.5], "texture": "#0"},
				"up": {"uv": [0, 9, 1, 10], "texture": "#0"},
				"down": {"uv": [0, 9, 1, 10], "texture": "#0"}
			}
		},
		{
			"from": [-1, 14, 7],
			"to": [3, 15, 9],
			"rotation": {"angle": 0, "axis": "y", "origin": [7.75, 12, 8]},
			"faces": {
				"north": {"uv": [3, 10.5, 5, 11], "texture": "#0"},
				"east": {"uv": [3, 9, 4, 9.5], "texture": "#0"},
				"south": {"uv": [5, 10.5, 3, 11], "texture": "#0"},
				"west": {"uv": [3, 10, 4, 10.5], "texture": "#0"},
				"up": {"uv": [3, 9, 5, 10], "texture": "#0"},
				"down": {"uv": [3, 9, 5, 10], "texture": "#0"}
			}
		},
		{
			"from": [-1, 10, 7],
			"to": [1, 14, 9],
			"rotation": {"angle": 0, "axis": "y", "origin": [7.75, 12, 8]},
			"faces": {
				"north": {"uv": [0, 11, 1, 13], "texture": "#0"},
				"east": {"uv": [0, 11, 1, 13], "texture": "#0"},
				"south": {"uv": [0, 11, 1, 13], "texture": "#0"},
				"west": {"uv": [0, 11, 1, 13], "texture": "#0"},
				"up": {"uv": [0, 11, 1, 12], "texture": "#0"},
				"down": {"uv": [1, 11, 2, 12], "texture": "#0"}
			}
		},
		{
			"from": [0, 9, 7],
			"to": [3, 10, 9],
			"rotation": {"angle": 0, "axis": "y", "origin": [7.75, 12, 8]},
			"faces": {
				"north": {"uv": [1, 13, 2.5, 13.5], "texture": "#0"},
				"east": {"uv": [1, 12, 2, 12.5], "texture": "#0"},
				"south": {"uv": [2.5, 13, 1, 13.5], "texture": "#0"},
				"west": {"uv": [2, 11.5, 3, 12], "texture": "#0"},
				"up": {"uv": [1, 12, 2.5, 13], "texture": "#0"},
				"down": {"uv": [1, 12, 2.5, 13], "texture": "#0"}
			}
		},
		{
			"from": [13, 9, 7],
			"to": [16, 10, 9],
			"rotation": {"angle": 0, "axis": "y", "origin": [8.25, 12, 8]},
			"faces": {
				"north": {"uv": [2.5, 13, 1, 13.5], "texture": "#0"},
				"east": {"uv": [2, 11.5, 3, 12], "texture": "#0"},
				"south": {"uv": [1, 13, 2.5, 13.5], "texture": "#0"},
				"west": {"uv": [1, 12, 2, 12.5], "texture": "#0"},
				"up": {"uv": [2.5, 13, 1, 12], "texture": "#0"},
				"down": {"uv": [2.5, 13, 1, 12], "texture": "#0"}
			}
		},
		{
			"from": [15, 10, 7],
			"to": [17, 14, 9],
			"rotation": {"angle": 0, "axis": "y", "origin": [8.25, 12, 8]},
			"faces": {
				"north": {"uv": [0, 11, 1, 13], "texture": "#0"},
				"east": {"uv": [0, 11, 1, 13], "texture": "#0"},
				"south": {"uv": [0, 11, 1, 13], "texture": "#0"},
				"west": {"uv": [0, 11, 1, 13], "texture": "#0"},
				"up": {"uv": [1, 12, 0, 11], "texture": "#0"},
				"down": {"uv": [2, 12, 1, 11], "texture": "#0"}
			}
		},
		{
			"from": [13, 14, 7],
			"to": [17, 15, 9],
			"rotation": {"angle": 0, "axis": "y", "origin": [8.25, 12, 8]},
			"faces": {
				"north": {"uv": [5, 10.5, 3, 11], "texture": "#0"},
				"east": {"uv": [3, 10, 4, 10.5], "texture": "#0"},
				"south": {"uv": [3, 10.5, 5, 11], "texture": "#0"},
				"west": {"uv": [3, 9, 4, 9.5], "texture": "#0"},
				"up": {"uv": [5, 10, 3, 9], "texture": "#0"},
				"down": {"uv": [5, 10, 3, 9], "texture": "#0"}
			}
		}
	],
	"gui_light": "front",
	"display": {
		"thirdperson_righthand": {
			"rotation": [-31.03, 73.68, 51.21],
			"translation": [0.5, 1.5, 0.25],
			"scale": [0.66, 0.66, 0.66]
		},
		"thirdperson_lefthand": {
			"rotation": [157.56, -73.32, 129.2],
			"translation": [0.5, 1.5, 0.5],
			"scale": [0.66, 0.66, 0.66]
		},
		"firstperson_righthand": {
			"rotation": [-180, 46, -180],
			"translation": [10.25, 2.45, -3.5]
		},
		"firstperson_lefthand": {
			"rotation": [0, -46, 0],
			"translation": [10.25, 2.45, -3.5]
		},
		"ground": {
			"translation": [0, 3.5, 0]
		},
		"gui": {
			"rotation": [30, -45, 0],
			"scale": [0.77, 0.77, 0.77]
		},
		"head": {
			"translation": [0, 14, 0]
		},
		"fixed": {
			"rotation": [-90, 0, 0],
			"translation": [0, 0, -16],
			"scale": [2, 2, 2]
		}
	}
}