{
	"credit": "Made with Blockbench",
	"texture_size": [64, 64],
	"textures": {
		"0": "custom/block/tv",
		"particle": "custom/block/tv"
	},
	"elements": [
		{
			"from": [0, 0, 2],
			"to": [16, 12, 10],
			"faces": {
				"north": {"uv": [0, 0, 4, 3], "texture": "#0"},
				"east": {"uv": [6, 0, 4, 3], "texture": "#0"},
				"south": {"uv": [6, 0, 10, 3], "texture": "#0"},
				"west": {"uv": [4, 0, 6, 3], "texture": "#0"},
				"up": {"uv": [0, 3, 4, 5], "texture": "#0"},
				"down": {"uv": [0, 5, 4, 3], "texture": "#0"}
			}
		},
		{
			"from": [5, 12, 4],
			"to": [11, 13, 8],
			"faces": {
				"north": {"uv": [4, 4, 5.5, 4.25], "texture": "#0"},
				"east": {"uv": [5.5, 3, 5.75, 4], "rotation": 90, "texture": "#0"},
				"south": {"uv": [4, 4, 5.5, 4.25], "texture": "#0"},
				"west": {"uv": [5.5, 3, 5.75, 4], "rotation": 90, "texture": "#0"},
				"up": {"uv": [4, 3, 5.5, 4], "texture": "#0"},
				"down": {"uv": [4, 3, 5.5, 4], "texture": "#0"}
			}
		},
		{
			"from": [9, 12, 6],
			"to": [10, 18, 6],
			"rotation": {"angle": -22.5, "axis": "z", "origin": [9.5, 13, 6]},
			"faces": {
				"north": {"uv": [5.75, 3, 6, 4.5], "texture": "#0"},
				"east": {"uv": [5.75, 3, 5.75, 4.5], "texture": "#0"},
				"south": {"uv": [5.75, 3, 6, 4.5], "texture": "#0"},
				"west": {"uv": [5.75, 3, 5.75, 4.5], "texture": "#0"},
				"up": {"uv": [5.75, 3, 6, 3], "texture": "#0"},
				"down": {"uv": [5.75, 3, 6, 3], "texture": "#0"}
			}
		},
		{
			"from": [6, 12, 6],
			"to": [7, 18, 6],
			"rotation": {"angle": 22.5, "axis": "z", "origin": [6.5, 13, 6]},
			"faces": {
				"north": {"uv": [6, 3, 5.75, 4.5], "texture": "#0"},
				"east": {"uv": [5.75, 3, 5.75, 4.5], "texture": "#0"},
				"south": {"uv": [6, 3, 5.75, 4.5], "texture": "#0"},
				"west": {"uv": [5.75, 3, 5.75, 4.5], "texture": "#0"},
				"up": {"uv": [6, 3, 5.75, 3], "texture": "#0"},
				"down": {"uv": [6, 3, 5.75, 3], "texture": "#0"}
			}
		},
		{
			"from": [6, 18, 5.5],
			"to": [7, 18, 6.5],
			"rotation": {"angle": 22.5, "axis": "z", "origin": [6.5, 13, 6]},
			"faces": {
				"north": {"uv": [6, 3, 5.75, 3], "texture": "#0"},
				"east": {"uv": [5.75, 3, 6, 3], "texture": "#0"},
				"south": {"uv": [6, 3, 5.75, 3], "texture": "#0"},
				"west": {"uv": [5.75, 3, 6, 3], "texture": "#0"},
				"up": {"uv": [6, 3, 5.75, 3.25], "texture": "#0"},
				"down": {"uv": [6, 3, 5.75, 3.25], "texture": "#0"}
			}
		},
		{
			"from": [9, 18, 5.5],
			"to": [10, 18, 6.5],
			"rotation": {"angle": -22.5, "axis": "z", "origin": [9.5, 13, 6]},
			"faces": {
				"north": {"uv": [5.75, 3, 6, 3], "texture": "#0"},
				"east": {"uv": [6, 3, 5.75, 3], "texture": "#0"},
				"south": {"uv": [5.75, 3, 6, 3], "texture": "#0"},
				"west": {"uv": [6, 3, 5.75, 3], "texture": "#0"},
				"up": {"uv": [5.75, 3, 6, 3.25], "texture": "#0"},
				"down": {"uv": [5.75, 3, 6, 3.25], "texture": "#0"}
			}
		},
		{
			"from": [2, 0, 10],
			"to": [14, 8, 14],
			"faces": {
				"north": {"uv": [10, 0, 13, 2], "texture": "#0"},
				"east": {"uv": [13, 0, 14, 2], "texture": "#0"},
				"south": {"uv": [10, 0, 13, 2], "texture": "#0"},
				"west": {"uv": [14, 0, 13, 2], "texture": "#0"},
				"up": {"uv": [10, 2, 13, 3], "texture": "#0"},
				"down": {"uv": [10, 3, 13, 2], "texture": "#0"}
			}
		}
	],
	"gui_light": "front",
	"display": {
		"thirdperson_righthand": {
			"rotation": [-31.03, 73.68, 51.21],
			"translation": [0.5, 1.5, 0.25],
			"scale": [0.66, 0.66, 0.66]
		},
		"thirdperson_lefthand": {
			"rotation": [157.56, -73.32, 129.2],
			"translation": [0.5, 1.5, 0.5],
			"scale": [0.66, 0.66, 0.66]
		},
		"firstperson_righthand": {
			"rotation": [-180, 46, -180],
			"translation": [10.25, 2.45, -3.5]
		},
		"firstperson_lefthand": {
			"rotation": [0, -46, 0],
			"translation": [10.25, 2.45, -3.5]
		},
		"ground": {
			"translation": [0, 3.5, 0]
		},
		"gui": {
			"rotation": [30, -45, 0],
			"scale": [0.77, 0.77, 0.77]
		},
		"head": {
			"translation": [0, 14, 0]
		},
		"fixed": {
			"rotation": [-90, 0, 0],
			"translation": [0, 0, -16],
			"scale": [2, 2, 2]
		}
	}
}