{
    "variants": {
        "facing=north": [
            { "model": "block/jack_o_lantern1", "weight": 10},
            { "model": "block/jack_o_lantern2", "weight": 10},
            { "model": "block/jack_o_lantern3", "weight": 10},
            { "model": "block/jack_o_lantern4", "weight": 10},
            { "model": "block/jack_o_lantern5", "weight": 10},
            { "model": "block/jack_o_lantern6", "weight": 10},
            { "model": "block/jack_o_lantern7", "weight": 10},
            { "model": "block/jack_o_lantern8", "weight": 1},
            { "model": "block/jack_o_lantern9", "weight": 10}
            ],
        "facing=south": [
            { "model": "block/jack_o_lantern1", "weight": 10, "y": 180 },
            { "model": "block/jack_o_lantern2", "weight": 10, "y": 180 },
            { "model": "block/jack_o_lantern3", "weight": 10, "y": 180 },
            { "model": "block/jack_o_lantern4", "weight": 10, "y": 180 },
            { "model": "block/jack_o_lantern5", "weight": 10, "y": 180 },
            { "model": "block/jack_o_lantern6", "weight": 10, "y": 180 },
            { "model": "block/jack_o_lantern7", "weight": 10, "y": 180 },
            { "model": "block/jack_o_lantern8", "weight": 1, "y": 180 },
            { "model": "block/jack_o_lantern9", "weight": 10, "y": 180 }
            ],
        "facing=west":  [
            { "model": "block/jack_o_lantern1", "weight": 10, "y": 270 },
            { "model": "block/jack_o_lantern2", "weight": 10, "y": 270 },
            { "model": "block/jack_o_lantern3", "weight": 10, "y": 270 },
            { "model": "block/jack_o_lantern4", "weight": 10, "y": 270 },
            { "model": "block/jack_o_lantern5", "weight": 10, "y": 270 },
            { "model": "block/jack_o_lantern6", "weight": 10, "y": 270 },
            { "model": "block/jack_o_lantern7", "weight": 10, "y": 270 },
            { "model": "block/jack_o_lantern8", "weight": 1, "y": 270 },
            { "model": "block/jack_o_lantern9", "weight": 10, "y": 270 }
            ],
        "facing=east":  [
            { "model": "block/jack_o_lantern1", "weight": 10, "y": 90 },
            { "model": "block/jack_o_lantern2", "weight": 10, "y": 90 },
            { "model": "block/jack_o_lantern3", "weight": 10, "y": 90 },
            { "model": "block/jack_o_lantern4", "weight": 10, "y": 90 },
            { "model": "block/jack_o_lantern5", "weight": 10, "y": 90 },
            { "model": "block/jack_o_lantern6", "weight": 10, "y": 90 },
            { "model": "block/jack_o_lantern7", "weight": 10, "y": 90 },
            { "model": "block/jack_o_lantern8", "weight": 1, "y": 90 },
            { "model": "block/jack_o_lantern9", "weight": 10, "y": 90 }
            ]
    }
}
