{"textures":{"0":"modelengine:entity/billboard","particle":"#0"},"elements":[{"from":[18.563015,2.2857141,4.9146957],"to":[18.563015,13.714286,30.057552],"faces":{"east":{"uv":[0.0,0.0,8.375,3.8125],"tintindex":0,"rotation":0,"texture":"#0"},"west":{"uv":[8.375,0.0,0.0,3.8125],"tintindex":0,"rotation":0,"texture":"#0"}}},{"from":[2.2857141,2.2857141,0.06596756],"to":[13.714286,13.714286,0.06596756],"faces":{"south":{"uv":[14.5625,0.0,10.6875,3.8125],"tintindex":0,"rotation":0,"texture":"#0"},"north":{"uv":[10.6875,0.0,14.5625,3.8125],"tintindex":0,"rotation":0,"texture":"#0"}}},{"from":[12.710081,2.2857141,2.490333],"to":[19.567225,13.714286,2.490333],"faces":{"south":{"uv":[10.6875,0.0,8.375,3.8125],"tintindex":0,"rotation":0,"texture":"#0"},"north":{"uv":[8.375,0.0,10.6875,3.8125],"tintindex":0,"rotation":0,"texture":"#0"}},"rotation":{"origin":[16.138653,8.0,2.490333],"angle":-45.0,"axis":"y"}},{"from":[-3.5672245,2.2857141,2.490333],"to":[3.2899194,13.714286,2.490333],"faces":{"south":{"uv":[12.25,0.0,14.5625,3.8125],"tintindex":0,"rotation":0,"texture":"#0"},"north":{"uv":[14.5625,0.0,12.25,3.8125],"tintindex":0,"rotation":0,"texture":"#0"}},"rotation":{"origin":[-0.13865185,8.0,2.490333],"angle":45.0,"axis":"y"}},{"from":[-2.563015,2.2857141,4.9146957],"to":[-2.563015,13.714286,30.057552],"faces":{"east":{"uv":[3.875,0.0,12.25,3.8125],"tintindex":0,"rotation":0,"texture":"#0"},"west":{"uv":[12.25,0.0,3.875,3.8125],"tintindex":0,"rotation":0,"texture":"#0"}}}],"display":{"head":{"rotation":[0.0,0.0,0.0]},"firstperson_righthand":{"rotation":[0.0,0.0,0.0]},"thirdperson_lefthand":{"rotation":[0.0,-0.0,-0.0]},"firstperson_lefthand":{"rotation":[0.0,-0.0,-0.0]},"fixed":{"rotation":[0.0,0.0,0.0]},"ground":{"rotation":[0.0,0.0,0.0]},"thirdperson_righthand":{"rotation":[0.0,0.0,0.0]},"gui":{"rotation":[-150.0,-45.0,180.0]}}}