{"textures":{"0":"modelengine:entity/billboard","particle":"#0"},"elements":[{"from":[8.0,5.125,-10.25],"to":[8.0,10.875,26.25],"faces":{"east":{"uv":[14.5625,0.0,16.0,8.875],"tintindex":0,"rotation":270,"texture":"#0"},"west":{"uv":[14.5625,8.875,16.0,0.0],"tintindex":0,"rotation":270,"texture":"#0"}}}],"display":{"head":{"rotation":[0.0,0.0,0.0]},"firstperson_righthand":{"rotation":[0.0,0.0,0.0]},"thirdperson_lefthand":{"rotation":[0.0,-0.0,-0.0]},"firstperson_lefthand":{"rotation":[0.0,-0.0,-0.0]},"fixed":{"rotation":[0.0,0.0,0.0]},"ground":{"rotation":[0.0,0.0,0.0]},"thirdperson_righthand":{"rotation":[0.0,0.0,0.0]},"gui":{"rotation":[-150.0,-45.0,180.0]}}}