{
	"credit": "Made with Blockbench",
	"parent": "minecraft:block/cube",
	"texture_size": [32, 32],
	"textures": {
		"0": "custom/crop/grapes",
		"1": "custom/crop/sticks",
		"particle": "custom/crop/grapes"
	},
	"elements": [
		{
			"from": [7, -1, 7],
			"to": [9, 25, 9],
			"rotation": {"angle": 0, "axis": "y", "origin": [8, 8, 8]},
			"faces": {
				"north": {"uv": [1, 0, 2, 13], "texture": "#1"},
				"east": {"uv": [0, 0, 1, 13], "texture": "#1"},
				"south": {"uv": [3, 0, 4, 13], "texture": "#1"},
				"west": {"uv": [2, 0, 3, 13], "texture": "#1"},
				"up": {"uv": [2.5, 0, 3.5, 1], "texture": "#1"},
				"down": {"uv": [0.5, 12, 1.5, 13], "rotation": 90, "texture": "#1"}
			}
		},
		{
			"from": [4, 7, 0],
			"to": [4, 24, 16],
			"rotation": {"angle": 0, "axis": "y", "origin": [8, 8, 8]},
			"faces": {
				"north": {"uv": [0, 8, 0, 8], "texture": "#0"},
				"east": {"uv": [0, 7.5, 8, 16], "texture": "#0"},
				"south": {"uv": [0, 8, 0, 8], "texture": "#0"},
				"west": {"uv": [0, 7.5, 8, 16], "texture": "#0"},
				"up": {"uv": [0, 0, 0, 0], "texture": "#0"},
				"down": {"uv": [0, 0, 0, 0], "texture": "#0"}
			}
		},
		{
			"from": [0, 7, 12],
			"to": [16, 24, 12],
			"rotation": {"angle": 0, "axis": "y", "origin": [8, 8, 8]},
			"faces": {
				"north": {"uv": [0, 7.5, 8, 16], "texture": "#0"},
				"east": {"uv": [0, 7.5, 0, 7.5], "texture": "#0"},
				"south": {"uv": [0, 7.5, 8, 16], "texture": "#0"},
				"west": {"uv": [0, 7.5, 0, 7.5], "texture": "#0"},
				"up": {"uv": [0, 0, 0, 0], "texture": "#0"},
				"down": {"uv": [0, 0, 0, 0], "texture": "#0"}
			}
		},
		{
			"from": [0, 7, 4],
			"to": [16, 24, 4],
			"rotation": {"angle": 0, "axis": "y", "origin": [8, 8, 8]},
			"faces": {
				"north": {"uv": [0, 7.5, 8, 16], "texture": "#0"},
				"east": {"uv": [0, 7.5, 0, 7.5], "texture": "#0"},
				"south": {"uv": [0, 7.5, 8, 16], "texture": "#0"},
				"west": {"uv": [0, 7.5, 0, 7.5], "texture": "#0"},
				"up": {"uv": [0, 0, 0, 0], "texture": "#0"},
				"down": {"uv": [0, 0, 0, 0], "texture": "#0"}
			}
		},
		{
			"from": [12, 7, 0],
			"to": [12, 24, 16],
			"rotation": {"angle": 0, "axis": "y", "origin": [8, 8, 8]},
			"faces": {
				"north": {"uv": [0, 7.5, 0, 7.5], "texture": "#0"},
				"east": {"uv": [0, 7.5, 8, 16], "texture": "#0"},
				"south": {"uv": [0, 7.5, 0, 7.5], "texture": "#0"},
				"west": {"uv": [0, 7.5, 8, 16], "texture": "#0"},
				"up": {"uv": [0, 0, 0, 0], "texture": "#0"},
				"down": {"uv": [0, 0, 0, 0], "texture": "#0"}
			}
		}
	],
	"gui_light": "front",
	"display": {
		"thirdperson_righthand": {
			"rotation": [75, 45, 0],
			"translation": [0, 2.5, 0],
			"scale": [0.375, 0.375, 0.375]
		},
		"thirdperson_lefthand": {
			"rotation": [75, -45, 0],
			"translation": [0, 2.5, 0],
			"scale": [0.375, 0.375, 0.375]
		},
		"firstperson_righthand": {
			"rotation": [0, 45, 0],
			"scale": [0.4, 0.4, 0.4]
		},
		"firstperson_lefthand": {
			"rotation": [0, -135, 0],
			"scale": [0.4, 0.4, 0.4]
		},
		"ground": {
			"translation": [0, 3, 0],
			"scale": [0.4, 0.4, 0.4]
		},
		"gui": {
			"rotation": [30, -135, 0],
			"scale": [0.625, 0.625, 0.625]
		},
		"head": {
			"translation": [0, 15.4, 0]
		},
		"fixed": {
			"rotation": [-90, 0, 0],
			"translation": [0, 0, -18],
			"scale": [2, 2, 2]
		}
	}
}