{
"custom.chick_ambient": {
    "category": "neutral",
    "sounds": [
      {"name": "custom/chick_1"},
      {"name": "custom/chick_2"},
      {"name": "custom/chick_3"},
      {"name": "custom/chick_4"}
    ]
  },
"custom.penguin_ambient": {
    "category": "neutral",
    "sounds": [
      {"name": "custom/penguin_1"},
      {"name": "custom/penguin_2"},
      {"name": "custom/penguin_3"},
      {"name": "custom/penguin_4"}
    ]
  },
"custom.turtle_ambient": {
    "category": "neutral",
    "sounds": [
      {"name": "custom/turtle_1"},
      {"name": "custom/turtle_2"},
      {"name": "custom/turtle_3"}
    ]
  },
"custom.beaver_ambient": {
    "category": "neutral",
    "sounds": [
      {"name": "custom/beaver_1"},
      {"name": "custom/beaver_2"},
      {"name": "custom/beaver_3"},
      {"name": "custom/beaver_4"}
    ]
  },
"custom.red_panda_ambient": {
    "category": "neutral",
    "sounds": [
      {"name": "custom/red_panda_1"},
      {"name": "custom/red_panda_2"},
      {"name": "custom/red_panda_3"}
    ]
  },
"custom.monkey_ambient": {
    "category": "neutral",
    "sounds": [
      {"name": "custom/monkey_1"},
      {"name": "custom/monkey_2"},
      {"name": "custom/monkey_3"},
      {"name": "custom/monkey_4"},
      {"name": "custom/monkey_5"},
      {"name": "custom/monkey_6"},
      {"name": "custom/monkey_7"}
    ]
  },
"custom.bread_ambient": {
    "category": "neutral",
    "sounds": [
      {"name": "custom/bread_1"},
      {"name": "custom/bread_2"},
      {"name": "custom/bread_3"},
      {"name": "custom/bread_4"},
      {"name": "custom/bread_5"}
    ]
  },
"custom.dragon_ambient": {
    "category": "neutral",
    "sounds": [
      {"name": "custom/dragon_1"},
      {"name": "custom/dragon_2"},
      {"name": "custom/dragon_3"},
      {"name": "custom/dragon_4"}
    ]
  },
"custom.spooky_ambient": {
    "category": "neutral",
    "sounds": [
      {"name": "custom/spooky_1"},
      {"name": "custom/spooky_2"},
      {"name": "custom/spooky_3"}
    ]
  },
"custom.alien_minion_ambient": {
    "category": "neutral",
    "sounds": [
      {"name": "custom/alien_minion_1"},
      {"name": "custom/alien_minion_2"},
      {"name": "custom/alien_minion_3"},
      {"name": "custom/alien_minion_4"},
      {"name": "custom/alien_minion_5"},
      {"name": "custom/alien_minion_6"},
      {"name": "custom/alien_minion_7"},
      {"name": "custom/alien_minion_8"}
    ]
  },
"custom.alien_alpha_ambient": {
    "category": "neutral",
    "sounds": [
      {"name": "custom/alien_alpha_1"},
      {"name": "custom/alien_alpha_2"},
      {"name": "custom/alien_alpha_3"},
      {"name": "custom/alien_alpha_4"},
      {"name": "custom/alien_alpha_5"},
      {"name": "custom/alien_alpha_6"},
      {"name": "custom/alien_alpha_7"},
      {"name": "custom/alien_alpha_8"}
    ]
  },
"custom.wave_ravage": {
    "category": "neutral",
    "sounds": [
      {"name": "custom/wave_ravage"}
    ]
  },
"custom.popup": {
    "category": "block",
    "sounds": [
      {"name": "custom/popup"}
    ]
  },
"custom.frog_ambient": {
    "category": "neutral",
    "sounds": [
      {"name": "custom/frog_0"},
      {"name": "custom/frog_1"},
      {"name": "custom/frog_2"},
      {"name": "custom/frog_3"}
    ]
  },
"custom.dinosaur_ambient": {
    "category": "neutral",
    "sounds": [
      {"name": "custom/dinosaur_0"},
      {"name": "custom/dinosaur_1"},
      {"name": "custom/dinosaur_2"},
      {"name": "custom/dinosaur_3"}
    ]
  },
"custom.music.lobby_music": {
    "category": "record",
    "sounds": [
      {"name": "music/custom/lobby_music"}
    ]
  }
}