{
	"credit": "Made with Blockbench",
	"texture_size": [64, 64],
	"textures": {
		"0": "entity/zombie/zombie",
		"particle": "entity/zombie/zombie"
	},
	"elements": [
		{
			"from": [3, 10, 3],
			"to": [6, 13, 6],
			"rotation": {"angle": 0, "axis": "y", "origin": [4.5, 11.5, 4.5]},
			"faces": {
				"north": {"uv": [0.75, 0, 1.5, 0.75], "texture": "#0"},
				"east": {"uv": [1.5, 0, 0.75, 0.75], "texture": "#0"},
				"south": {"uv": [0, 0, 0.75, 0.75], "texture": "#0"},
				"west": {"uv": [0.75, 0, 0, 0.75], "texture": "#0"},
				"up": {"uv": [0, 0.75, 0.75, 1.5], "rotation": 270, "texture": "#0"},
				"down": {"uv": [0, 0, 0.75, 0.75], "rotation": 90, "texture": "#0"}
			}
		},
		{
			"from": [3, 8, 9],
			"to": [5, 10, 11],
			"rotation": {"angle": 0, "axis": "y", "origin": [4, 9, 10]},
			"faces": {
				"north": {"uv": [2, 0, 1.5, 0.5], "texture": "#0"},
				"east": {"uv": [2, 1, 1.5, 1.5], "texture": "#0"},
				"south": {"uv": [1.5, 1, 2, 1.5], "texture": "#0"},
				"west": {"uv": [1.5, 0, 2, 0.5], "texture": "#0"},
				"up": {"uv": [1.5, 0.5, 2, 1], "texture": "#0"},
				"down": {"uv": [1.5, 1, 2, 1.5], "rotation": 180, "texture": "#0"}
			}
		},
		{
			"from": [4, 12, 7],
			"to": [6, 14, 9],
			"rotation": {"angle": 0, "axis": "y", "origin": [5, 13, 8]},
			"faces": {
				"north": {"uv": [2, 1, 1.5, 1.5], "texture": "#0"},
				"east": {"uv": [1.5, 1, 2, 1.5], "texture": "#0"},
				"south": {"uv": [1.5, 0, 2, 0.5], "texture": "#0"},
				"west": {"uv": [2, 0, 1.5, 0.5], "texture": "#0"},
				"up": {"uv": [1.5, 0.5, 2, 1], "rotation": 270, "texture": "#0"},
				"down": {"uv": [1.5, 1, 2, 1.5], "rotation": 270, "texture": "#0"}
			}
		},
		{
			"from": [8, 11, 5],
			"to": [10, 13, 7],
			"rotation": {"angle": 0, "axis": "y", "origin": [9, 12, 6]},
			"faces": {
				"north": {"uv": [1.5, 0, 2, 0.5], "texture": "#0"},
				"east": {"uv": [2, 0, 1.5, 0.5], "texture": "#0"},
				"south": {"uv": [2, 1, 1.5, 1.5], "texture": "#0"},
				"west": {"uv": [1.5, 1, 2, 1.5], "texture": "#0"},
				"up": {"uv": [1.5, 0.5, 2, 1], "rotation": 90, "texture": "#0"},
				"down": {"uv": [1.5, 1, 2, 1.5], "rotation": 90, "texture": "#0"}
			}
		}
	],
	"gui_light": "front",
	"display": {
		"thirdperson_righthand": {
			"rotation": [75, 35, 0],
			"translation": [0, 2.75, 1.5],
			"scale": [0.5, 0.5, 0.5]
		},
		"thirdperson_lefthand": {
			"rotation": [75, 35, 0],
			"translation": [0, 2.75, 1.5],
			"scale": [0.5, 0.5, 0.5]
		},
		"firstperson_righthand": {
			"rotation": [0, 35, 0],
			"scale": [0.4, 0.4, 0.4]
		},
		"firstperson_lefthand": {
			"rotation": [0, 35, 0],
			"scale": [0.4, 0.4, 0.4]
		},
		"ground": {
			"rotation": [0, 180, 0],
			"translation": [0, 2, 0]
		},
		"gui": {
			"rotation": [30, -145, 0]
		},
		"head": {
			"scale": [1.6, 1.6, 1.6]
		},
		"fixed": {
			"rotation": [-90, 0, 0],
			"translation": [0, 0, -8],
			"scale": [2, 2, 2]
		}
	}
}