{
  "variants": {
    "age=0": {
      "model": "minecraft:block/custom/crop/diamond_1"
    },
    "age=1": {
      "model": "minecraft:block/custom/crop/wheat_1"
    },
    "age=2": {
      "model": "minecraft:block/custom/crop/diamond_2"
    },
    "age=3": {
      "model": "minecraft:block/custom/crop/tomatoes_1"
    },
    "age=4": {
      "model": "minecraft:block/custom/crop/wheat_2"
    },
    "age=5": {
      "model": "minecraft:block/custom/crop/tomatoes_2"
    },
    "age=6": {
      "model": "minecraft:block/custom/crop/diamond_3"
    },
    "age=7": {
      "model": "minecraft:block/custom/crop/bread_3"
    }
  }
}