{
  "multipart": [
    {"when": {"up": "true"},"apply": [
      { "model": "minecraft:block/mossy_cobblestone_wall_post" },
      { "model": "minecraft:block/mossy_cobblestone_wall_post2" }
    ]},
    {"when": {"north": "low"},"apply": [
      { "model": "minecraft:block/mossy_cobblestone_wall_side", "uvlock": true },
      { "model": "minecraft:block/mossy_cobblestone_wall_side2", "uvlock": true }
    ]},
    {"when": {"east": "low"},"apply": [
      { "model": "minecraft:block/mossy_cobblestone_wall_side", "uvlock": true, "y": 90 },
      { "model": "minecraft:block/mossy_cobblestone_wall_side2", "uvlock": true, "y": 90 }
    ]},
    {"when": {"south": "low"},"apply": [
      { "model": "minecraft:block/mossy_cobblestone_wall_side", "uvlock": true, "y": 180 },
      { "model": "minecraft:block/mossy_cobblestone_wall_side2", "uvlock": true, "y": 180 }
    ]},
    {"when": {"west": "low"},"apply": [
      { "model": "minecraft:block/mossy_cobblestone_wall_side", "uvlock": true, "y": 270 },
      { "model": "minecraft:block/mossy_cobblestone_wall_side2", "uvlock": true, "y": 270 }
    ]},
    {"when": {"north": "tall"},"apply": [
      { "model": "minecraft:block/mossy_cobblestone_wall_side_tall", "uvlock": true },
      { "model": "minecraft:block/mossy_cobblestone_wall_side_tall2", "uvlock": true }
    ]},
    {"when": {"east": "tall"},"apply": [
      { "model": "minecraft:block/mossy_cobblestone_wall_side_tall", "uvlock": true, "y": 90 },
      { "model": "minecraft:block/mossy_cobblestone_wall_side_tall2", "uvlock": true, "y": 90 }
    ]},
    {"when": {"south": "tall"},"apply": [
      { "model": "minecraft:block/mossy_cobblestone_wall_side_tall", "uvlock": true, "y": 180 },
      { "model": "minecraft:block/mossy_cobblestone_wall_side_tall2", "uvlock": true, "y": 180 }
    ]},
    {"when": {"west": "tall"},"apply": [
      { "model": "minecraft:block/mossy_cobblestone_wall_side_tall", "uvlock": true, "y": 270 },
      { "model": "minecraft:block/mossy_cobblestone_wall_side_tall2", "uvlock": true, "y": 270 }
    ]}
  ]
}