{
  "multipart": [
    {"when": {"type": "bottom"},"apply": [
      { "model": "minecraft:block/mossy_stone_brick_slab" },
      { "model": "minecraft:block/mossy_stone_brick_slab2" }
    ]},
    {"when": {"type": "double"},"apply": [
      { "model": "minecraft:block/mossy_stone_bricks" },
      { "model": "minecraft:block/mossy_stone_bricks2" }
    ]},
    {"when": {"type": "top"},"apply": [
      { "model": "minecraft:block/mossy_stone_brick_slab_top" },
      { "model": "minecraft:block/mossy_stone_brick_slab_top2" }
    ]}
  ]
}