{
  "multipart": [
    {"when": {"facing": "east", "half": "bottom", "shape": "inner_left"},"apply": [
      { "model": "minecraft:block/mossy_cobblestone_stairs_inner", "uvlock": true, "y": 270 },
      { "model": "minecraft:block/mossy_cobblestone_stairs_inner2", "uvlock": true, "y": 270 }
    ]},
    {"when": {"facing": "east", "half": "bottom", "shape": "inner_right"},"apply": [
      { "model": "minecraft:block/mossy_cobblestone_stairs_inner" },
      { "model": "minecraft:block/mossy_cobblestone_stairs_inner2" }
    ]},
    {"when": {"facing": "east", "half": "bottom", "shape": "outer_left"},"apply": [
      { "model": "minecraft:block/mossy_cobblestone_stairs_outer", "uvlock": true, "y": 270 },
      { "model": "minecraft:block/mossy_cobblestone_stairs_outer2", "uvlock": true, "y": 270 }
    ]},
    {"when": {"facing": "east", "half": "bottom", "shape": "inner_right"},"apply": [
      { "model": "minecraft:block/mossy_cobblestone_stairs_outer" },
      { "model": "minecraft:block/mossy_cobblestone_stairs_outer2" }
    ]},
    {"when": {"facing": "east", "half": "bottom", "shape": "straight"},"apply": [
      { "model": "minecraft:block/mossy_cobblestone_stairs" },
      { "model": "minecraft:block/mossy_cobblestone_stairs2" }
    ]},
    {"when": {"facing": "east", "half": "top", "shape": "inner_left"},"apply": [
      { "model": "minecraft:block/mossy_cobblestone_stairs_inner", "uvlock": true, "x": 180 },
      { "model": "minecraft:block/mossy_cobblestone_stairs_inner2", "uvlock": true, "x": 180 }
    ]},
    {"when": {"facing": "east", "half": "top", "shape": "inner_right"},"apply": [
      { "model": "minecraft:block/mossy_cobblestone_stairs_inner", "uvlock": true, "x": 180, "y": 90 },
      { "model": "minecraft:block/mossy_cobblestone_stairs_inner2", "uvlock": true, "x": 180, "y": 90 }
    ]},
    {"when": {"facing": "east", "half": "top", "shape": "outer_left"},"apply": [
      { "model": "minecraft:block/mossy_cobblestone_stairs_outer", "uvlock": true, "x": 180 },
      { "model": "minecraft:block/mossy_cobblestone_stairs_outer2", "uvlock": true, "x": 180 }
    ]},
    {"when": {"facing": "east", "half": "top", "shape": "outer_right"},"apply": [
      { "model": "minecraft:block/mossy_cobblestone_stairs_outer", "uvlock": true, "x": 180, "y": 90 },
      { "model": "minecraft:block/mossy_cobblestone_stairs_outer2", "uvlock": true, "x": 180, "y": 90 }
    ]},
    {"when": {"facing": "east", "half": "top", "shape": "straight"},"apply": [
      { "model": "minecraft:block/mossy_cobblestone_stairs", "uvlock": true, "x": 180 },
      { "model": "minecraft:block/mossy_cobblestone_stairs2", "uvlock": true, "x": 180 }
    ]},
    
    {"when": {"facing": "north", "half": "bottom", "shape": "inner_left"},"apply": [
      { "model": "minecraft:block/mossy_cobblestone_stairs_inner", "uvlock": true, "y": 180 },
      { "model": "minecraft:block/mossy_cobblestone_stairs_inner2", "uvlock": true, "y": 180 }
    ]},
    {"when": {"facing": "north", "half": "bottom", "shape": "inner_right"},"apply": [
      { "model": "minecraft:block/mossy_cobblestone_stairs_inner", "uvlock": true, "y": 270 },
      { "model": "minecraft:block/mossy_cobblestone_stairs_inner2", "uvlock": true, "y": 270 }
    ]},
    {"when": {"facing": "north", "half": "bottom", "shape": "outer_left"},"apply": [
      { "model": "minecraft:block/mossy_cobblestone_stairs_outer", "uvlock": true, "y": 180 },
      { "model": "minecraft:block/mossy_cobblestone_stairs_outer2", "uvlock": true, "y": 180 }
    ]},
    {"when": {"facing": "north", "half": "bottom", "shape": "inner_right"},"apply": [
      { "model": "minecraft:block/mossy_cobblestone_stairs_outer", "uvlock": true, "y": 270 },
      { "model": "minecraft:block/mossy_cobblestone_stairs_outer2", "uvlock": true, "y": 270 }
    ]},
    {"when": {"facing": "north", "half": "bottom", "shape": "straight"},"apply": [
      { "model": "minecraft:block/mossy_cobblestone_stairs", "uvlock": true, "y": 270 },
      { "model": "minecraft:block/mossy_cobblestone_stairs2", "uvlock": true, "y": 270 }
    ]},
    {"when": {"facing": "north", "half": "top", "shape": "inner_left"},"apply": [
      { "model": "minecraft:block/mossy_cobblestone_stairs_inner", "uvlock": true, "x": 180, "y": 270 },
      { "model": "minecraft:block/mossy_cobblestone_stairs_inner2", "uvlock": true, "x": 180, "y": 270 }
    ]},
    {"when": {"facing": "north", "half": "top", "shape": "inner_right"},"apply": [
      { "model": "minecraft:block/mossy_cobblestone_stairs_inner", "uvlock": true, "x": 180 },
      { "model": "minecraft:block/mossy_cobblestone_stairs_inner2", "uvlock": true, "x": 180 }
    ]},
    {"when": {"facing": "north", "half": "top", "shape": "outer_left"},"apply": [
      { "model": "minecraft:block/mossy_cobblestone_stairs_outer", "uvlock": true, "x": 180, "y": 270  },
      { "model": "minecraft:block/mossy_cobblestone_stairs_outer2", "uvlock": true, "x": 180, "y": 270  }
    ]},
    {"when": {"facing": "north", "half": "top", "shape": "outer_right"},"apply": [
      { "model": "minecraft:block/mossy_cobblestone_stairs_outer", "uvlock": true, "x": 180 },
      { "model": "minecraft:block/mossy_cobblestone_stairs_outer2", "uvlock": true, "x": 180 }
    ]},
    {"when": {"facing": "north", "half": "top", "shape": "straight"},"apply": [
      { "model": "minecraft:block/mossy_cobblestone_stairs", "uvlock": true, "x": 180, "y": 270  },
      { "model": "minecraft:block/mossy_cobblestone_stairs2", "uvlock": true, "x": 180, "y": 270  }
    ]},
    
    {"when": {"facing": "south", "half": "bottom", "shape": "inner_left"},"apply": [
      { "model": "minecraft:block/mossy_cobblestone_stairs_inner" },
      { "model": "minecraft:block/mossy_cobblestone_stairs_inner2" }
    ]},
    {"when": {"facing": "south", "half": "bottom", "shape": "inner_right"},"apply": [
      { "model": "minecraft:block/mossy_cobblestone_stairs_inner", "uvlock": true, "y": 90 },
      { "model": "minecraft:block/mossy_cobblestone_stairs_inner2", "uvlock": true, "y": 90 }
    ]},
    {"when": {"facing": "south", "half": "bottom", "shape": "outer_left"},"apply": [
      { "model": "minecraft:block/mossy_cobblestone_stairs_outer" },
      { "model": "minecraft:block/mossy_cobblestone_stairs_outer2" }
    ]},
    {"when": {"facing": "south", "half": "bottom", "shape": "inner_right"},"apply": [
      { "model": "minecraft:block/mossy_cobblestone_stairs_outer", "uvlock": true, "y": 90 },
      { "model": "minecraft:block/mossy_cobblestone_stairs_outer2", "uvlock": true, "y": 90 }
    ]},
    {"when": {"facing": "south", "half": "bottom", "shape": "straight"},"apply": [
      { "model": "minecraft:block/mossy_cobblestone_stairs", "uvlock": true, "y": 90 },
      { "model": "minecraft:block/mossy_cobblestone_stairs2", "uvlock": true, "y": 90 }
    ]},
    {"when": {"facing": "south", "half": "top", "shape": "inner_left"},"apply": [
      { "model": "minecraft:block/mossy_cobblestone_stairs_inner", "uvlock": true, "x": 180, "y": 90 },
      { "model": "minecraft:block/mossy_cobblestone_stairs_inner2", "uvlock": true, "x": 180, "y": 90 }
    ]},
    {"when": {"facing": "south", "half": "top", "shape": "inner_right"},"apply": [
      { "model": "minecraft:block/mossy_cobblestone_stairs_inner", "uvlock": true, "x": 180, "y": 180 },
      { "model": "minecraft:block/mossy_cobblestone_stairs_inner2", "uvlock": true, "x": 180, "y": 180 }
    ]},
    {"when": {"facing": "south", "half": "top", "shape": "outer_left"},"apply": [
      { "model": "minecraft:block/mossy_cobblestone_stairs_outer", "uvlock": true, "x": 180, "y": 90  },
      { "model": "minecraft:block/mossy_cobblestone_stairs_outer2", "uvlock": true, "x": 180, "y": 90  }
    ]},
    {"when": {"facing": "south", "half": "top", "shape": "outer_right"},"apply": [
      { "model": "minecraft:block/mossy_cobblestone_stairs_outer", "uvlock": true, "x": 180, "y": 180 },
      { "model": "minecraft:block/mossy_cobblestone_stairs_outer2", "uvlock": true, "x": 180, "y": 180 }
    ]},
    {"when": {"facing": "south", "half": "top", "shape": "straight"},"apply": [
      { "model": "minecraft:block/mossy_cobblestone_stairs", "uvlock": true, "x": 180, "y": 90  },
      { "model": "minecraft:block/mossy_cobblestone_stairs2", "uvlock": true, "x": 180, "y": 90  }
    ]},
    
    {"when": {"facing": "west", "half": "bottom", "shape": "inner_left"},"apply": [
      { "model": "minecraft:block/mossy_cobblestone_stairs_inner", "uvlock": true, "y": 90 },
      { "model": "minecraft:block/mossy_cobblestone_stairs_inner2", "uvlock": true, "y": 90 }
    ]},
    {"when": {"facing": "west", "half": "bottom", "shape": "inner_right"},"apply": [
      { "model": "minecraft:block/mossy_cobblestone_stairs_inner", "uvlock": true, "y": 180 },
      { "model": "minecraft:block/mossy_cobblestone_stairs_inner2", "uvlock": true, "y": 180 }
    ]},
    {"when": {"facing": "west", "half": "bottom", "shape": "outer_left"},"apply": [
      { "model": "minecraft:block/mossy_cobblestone_stairs_outer", "uvlock": true, "y": 90 },
      { "model": "minecraft:block/mossy_cobblestone_stairs_outer2", "uvlock": true, "y": 90 }
    ]},
    {"when": {"facing": "west", "half": "bottom", "shape": "inner_right"},"apply": [
      { "model": "minecraft:block/mossy_cobblestone_stairs_outer", "uvlock": true, "y": 180 },
      { "model": "minecraft:block/mossy_cobblestone_stairs_outer2", "uvlock": true, "y": 180 }
    ]},
    {"when": {"facing": "west", "half": "bottom", "shape": "straight"},"apply": [
      { "model": "minecraft:block/mossy_cobblestone_stairs", "uvlock": true, "y": 180 },
      { "model": "minecraft:block/mossy_cobblestone_stairs2", "uvlock": true, "y": 180 }
    ]},
    {"when": {"facing": "west", "half": "top", "shape": "inner_left"},"apply": [
      { "model": "minecraft:block/mossy_cobblestone_stairs_inner", "uvlock": true, "x": 180, "y": 180 },
      { "model": "minecraft:block/mossy_cobblestone_stairs_inner2", "uvlock": true, "x": 180, "y": 180 }
    ]},
    {"when": {"facing": "west", "half": "top", "shape": "inner_right"},"apply": [
      { "model": "minecraft:block/mossy_cobblestone_stairs_inner", "uvlock": true, "x": 180, "y": 270 },
      { "model": "minecraft:block/mossy_cobblestone_stairs_inner2", "uvlock": true, "x": 180, "y": 270 }
    ]},
    {"when": {"facing": "west", "half": "top", "shape": "outer_left"},"apply": [
      { "model": "minecraft:block/mossy_cobblestone_stairs_outer", "uvlock": true, "x": 180, "y": 180  },
      { "model": "minecraft:block/mossy_cobblestone_stairs_outer2", "uvlock": true, "x": 180, "y": 180  }
    ]},
    {"when": {"facing": "west", "half": "top", "shape": "outer_right"},"apply": [
      { "model": "minecraft:block/mossy_cobblestone_stairs_outer", "uvlock": true, "x": 180, "y": 270 },
      { "model": "minecraft:block/mossy_cobblestone_stairs_outer2", "uvlock": true, "x": 180, "y": 270 }
    ]},
    {"when": {"facing": "west", "half": "top", "shape": "straight"},"apply": [
      { "model": "minecraft:block/mossy_cobblestone_stairs", "uvlock": true, "x": 180, "y": 180  },
      { "model": "minecraft:block/mossy_cobblestone_stairs2", "uvlock": true, "x": 180, "y": 180  }
    ]}
  ]
}