{
  "variants": {
    "": [
      {"model": "minecraft:block/nether_sprouts1", "weight": 1},
      {"model": "minecraft:block/nether_sprouts2", "weight": 1},
      {"model": "minecraft:block/nether_sprouts3", "weight": 1},
      {"model": "minecraft:block/nether_sprouts4", "weight": 2},
      {"model": "minecraft:block/nether_sprouts5", "weight": 2},
      {"model": "minecraft:block/nether_sprouts6", "weight": 1},
      {"model": "minecraft:block/nether_sprouts7", "weight": 1},
      {"model": "minecraft:block/nether_sprouts8", "weight": 2},
      {"model": "minecraft:block/nether_sprouts9", "weight": 1},
      {"model": "minecraft:block/nether_sprouts10", "weight": 1},
      {"model": "minecraft:block/nether_sprouts11", "weight": 1},
      {"model": "minecraft:block/nether_sprouts12", "weight": 2},
      {"model": "minecraft:block/nether_sprouts13", "weight": 2},
      {"model": "minecraft:block/nether_sprouts14", "weight": 1},
      {"model": "minecraft:block/nether_sprouts15", "weight": 1},
      {"model": "minecraft:block/nether_sprouts16", "weight": 2}
    ]
  }
}