{
  "variants": {
    "": [
      {"model": "minecraft:block/podzol1", "weight": 1},
      {"model": "minecraft:block/podzol1", "weight": 1,"y": 180},
      {"model": "minecraft:block/podzol2", "weight": 1},
      {"model": "minecraft:block/podzol2", "weight": 1,"y": 180},
      {"model": "minecraft:block/podzol3", "weight": 1},
      {"model": "minecraft:block/podzol3", "weight": 1,"y": 180},
      {"model": "minecraft:block/podzol4", "weight": 1},
      {"model": "minecraft:block/podzol4", "weight": 1,"y": 180}
    ]
  }
}