{
  "variants": {
    "": [
      {"model": "minecraft:block/sand", "weight": 1000},
      {"model": "minecraft:block/sand", "weight": 1000,"y": 90},
      {"model": "minecraft:block/sand", "weight": 1000,"y": 180},
      {"model": "minecraft:block/sand", "weight": 1000,"y": 270},
      {"model": "minecraft:block/sand2", "weight": 1000},
      {"model": "minecraft:block/sand2", "weight": 1000,"y": 90},
      {"model": "minecraft:block/sand2", "weight": 1000,"y": 180},
      {"model": "minecraft:block/sand2", "weight": 1000,"y": 270},
      {"model": "minecraft:block/sand3", "weight": 1},
      {"model": "minecraft:block/sand3", "weight": 1,"y": 90},
      {"model": "minecraft:block/sand3", "weight": 1,"y": 180},
      {"model": "minecraft:block/sand3", "weight": 1,"y": 270},
      {"model": "minecraft:block/sand4", "weight": 1},
      {"model": "minecraft:block/sand4", "weight": 1,"y": 90},
      {"model": "minecraft:block/sand4", "weight": 1,"y": 180},
      {"model": "minecraft:block/sand4", "weight": 1,"y": 270},
      {"model": "minecraft:block/sand5", "weight": 1},
      {"model": "minecraft:block/sand5", "weight": 1,"y": 90},
      {"model": "minecraft:block/sand5", "weight": 1,"y": 180},
      {"model": "minecraft:block/sand5", "weight": 1,"y": 270},
      {"model": "minecraft:block/sand6", "weight": 3},
      {"model": "minecraft:block/sand6", "weight": 3,"y": 90},
      {"model": "minecraft:block/sand6", "weight": 3,"y": 180},
      {"model": "minecraft:block/sand6", "weight": 3,"y": 270},
      {"model": "minecraft:block/sand7", "weight": 3},
      {"model": "minecraft:block/sand7", "weight": 3,"y": 90},
      {"model": "minecraft:block/sand7", "weight": 3,"y": 180},
      {"model": "minecraft:block/sand7", "weight": 3,"y": 270}
    ]
  }
}