{
  "multipart": [
    {"when": {"up": "true"},"apply": [
      {"model": "minecraft:block/sculk_vein","x": 270,"uvlock": true},
      {"model": "minecraft:block/sculk_vein_2","x": 270,"uvlock": true},
      {"model": "minecraft:block/sculk_vein_3","x": 270,"uvlock": true}
    ]},
    {"when": {"up": "false","north": "false","west": "false","south": "false","east": "false","down": "false"},"apply": [
      {"model": "minecraft:block/sculk_vein","x": 270,"uvlock": true},
      {"model": "minecraft:block/sculk_vein_2","x": 270,"uvlock": true},
      {"model": "minecraft:block/sculk_vein_3","x": 270,"uvlock": true}
    ]},
    {"when": {"north": "true"},"apply": [
      {"model": "minecraft:block/sculk_vein"},
      {"model": "minecraft:block/sculk_vein_2"},
      {"model": "minecraft:block/sculk_vein_3"}
    ]},
    {"when": {"up": "false","north": "false","west": "false","south": "false","east": "false","down": "false"},"apply": [
      {"model": "minecraft:block/sculk_vein"},
      {"model": "minecraft:block/sculk_vein_2"},
      {"model": "minecraft:block/sculk_vein_3"}
    ]},
    {"when": {"west": "true"},"apply": [
      {"model": "minecraft:block/sculk_vein","y": 270,"uvlock": true},
      {"model": "minecraft:block/sculk_vein_2","y": 270,"uvlock": true},
      {"model": "minecraft:block/sculk_vein_3","y": 270,"uvlock": true}
    ]},
    {"when": {"up": "false","north": "false","west": "false","south": "false","east": "false","down": "false"},"apply": [
      {"model": "minecraft:block/sculk_vein","y": 270,"uvlock": true},
      {"model": "minecraft:block/sculk_vein_2","y": 270,"uvlock": true},
      {"model": "minecraft:block/sculk_vein_3","y": 270,"uvlock": true}
    ]},
    {"when": {"south": "true"},"apply": [
      {"model": "minecraft:block/sculk_vein","y": 180,"uvlock": true},
      {"model": "minecraft:block/sculk_vein_2","y": 180,"uvlock": true},
      {"model": "minecraft:block/sculk_vein_3","y": 180,"uvlock": true}
    ]},
    {"when": {"up": "false","north": "false","west": "false","south": "false","east": "false","down": "false"},"apply": [
      {"model": "minecraft:block/sculk_vein","y": 180,"uvlock": true},
      {"model": "minecraft:block/sculk_vein_2","y": 180,"uvlock": true},
      {"model": "minecraft:block/sculk_vein_3","y": 180,"uvlock": true}
    ]},
    {"when": {"east": "true"},"apply": [
      {"model": "minecraft:block/sculk_vein","y": 90,"uvlock": true},
      {"model": "minecraft:block/sculk_vein_2","y": 90,"uvlock": true},
      {"model": "minecraft:block/sculk_vein_3","y": 90,"uvlock": true}
    ]},
    {"when": {"up": "false","north": "false","west": "false","south": "false","east": "false","down": "false"},"apply": [
      {"model": "minecraft:block/sculk_vein","y": 90,"uvlock": true},
      {"model": "minecraft:block/sculk_vein_2","y": 90,"uvlock": true},
      {"model": "minecraft:block/sculk_vein_3","y": 90,"uvlock": true}
    ]},
    {"when": {"down": "true"},"apply": [
      {"model": "minecraft:block/sculk_vein","x": 90,"uvlock": true},
      {"model": "minecraft:block/sculk_vein_2","x": 90,"uvlock": true},
      {"model": "minecraft:block/sculk_vein_3","x": 90,"uvlock": true}
    ]},
    {"when": {"up": "false","north": "false","west": "false","south": "false","east": "false","down": "false"},"apply": [
      {"model": "minecraft:block/sculk_vein","x": 90,"uvlock": true},
      {"model": "minecraft:block/sculk_vein_2","x": 90,"uvlock": true},
      {"model": "minecraft:block/sculk_vein_3","x": 90,"uvlock": true}
    ]}
  ]
  }