{"textures":{"0":"modelengine:entity/balloons_2","particle":"#0"},"elements":[{"from":[4.0,7.9624996,4.5],"to":[12.0,15.9625,12.5],"faces":{"east":{"uv":[4.0,0.0,8.0,4.0],"tintindex":0,"rotation":0,"texture":"#0"},"south":{"uv":[4.0,0.0,8.0,4.0],"tintindex":0,"rotation":0,"texture":"#0"},"north":{"uv":[4.0,0.0,8.0,4.0],"tintindex":0,"rotation":0,"texture":"#0"},"west":{"uv":[4.0,0.0,8.0,4.0],"tintindex":0,"rotation":0,"texture":"#0"},"up":{"uv":[4.0,4.0,8.0,8.0],"tintindex":0,"rotation":0,"texture":"#0"},"down":{"uv":[4.0,8.0,8.0,12.0],"tintindex":0,"rotation":0,"texture":"#0"}}},{"from":[7.0,6.0375004,8.0],"to":[9.0,8.0375,9.0],"faces":{"east":{"uv":[6.5,8.5,7.0,9.5],"tintindex":0,"rotation":0,"texture":"#0"},"south":{"uv":[7.5,8.5,6.5,9.5],"tintindex":0,"rotation":0,"texture":"#0"},"north":{"uv":[6.5,8.5,7.5,9.5],"tintindex":0,"rotation":0,"texture":"#0"},"west":{"uv":[6.0,8.5,6.5,9.5],"tintindex":0,"rotation":0,"texture":"#0"},"up":{"uv":[6.5,9.5,7.5,10.0],"tintindex":0,"rotation":0,"texture":"#0"},"down":{"uv":[6.5,9.5,7.5,10.0],"tintindex":0,"rotation":0,"texture":"#0"}},"rotation":{"origin":[8.0,7.0375004,8.5],"angle":-45.0,"axis":"z"}}],"display":{"head":{"rotation":[0.0,0.0,0.0]},"firstperson_righthand":{"rotation":[0.0,0.0,0.0]},"thirdperson_lefthand":{"rotation":[0.0,-0.0,-0.0]},"firstperson_lefthand":{"rotation":[0.0,-0.0,-0.0]},"fixed":{"rotation":[0.0,0.0,0.0]},"ground":{"rotation":[0.0,0.0,0.0]},"thirdperson_righthand":{"rotation":[0.0,0.0,0.0]},"gui":{"rotation":[-150.0,-45.0,180.0]}}}