{
	"credit": "Made with Blockbench",
	"texture_size": [64, 64],
	"textures": {
		"0": "block/azalea",
		"particle": "block/azalea"
	},
	"elements": [
		{
			"from": [8, 0, -2],
			"to": [8, 16, 18],
			"shade": false,
			"rotation": {"angle": 45, "axis": "y", "origin": [8, 12, 8]},
			"faces": {
				"north": {"uv": [0, 4, 0, 8], "texture": "#0"},
				"east": {"uv": [0, 4, 4, 8], "texture": "#0"},
				"south": {"uv": [0, 4, 0, 8], "texture": "#0"},
				"west": {"uv": [0, 4, 4, 8], "texture": "#0"},
				"up": {"uv": [0, 6.25, 4, 6.25], "rotation": 270, "texture": "#0"},
				"down": {"uv": [0, 6.25, 4, 6.25], "rotation": 90, "texture": "#0"}
			}
		},
		{
			"from": [0, 16, 0],
			"to": [16, 16, 16],
			"shade": false,
			"rotation": {"angle": 0, "axis": "y", "origin": [8, 12, 8]},
			"faces": {
				"north": {"uv": [4, 8, 8, 8], "texture": "#0"},
				"east": {"uv": [4, 8, 8, 8], "texture": "#0"},
				"south": {"uv": [4, 8, 8, 8], "texture": "#0"},
				"west": {"uv": [4, 8, 8, 8], "texture": "#0"},
				"up": {"uv": [4, 4, 8, 8], "rotation": 180, "texture": "#0"},
				"down": {"uv": [4, 4, 8, 8], "rotation": 180, "texture": "#0"}
			}
		},
		{
			"from": [0, 10.34314, -10.65685],
			"to": [16, 10.34314, 2.34315],
			"shade": false,
			"rotation": {"angle": 45, "axis": "x", "origin": [8, 16, 8]},
			"faces": {
				"north": {"uv": [0, 0, 0, 4], "rotation": 90, "texture": "#0"},
				"east": {"uv": [0, 0, 0, 3.25], "rotation": 90, "texture": "#0"},
				"south": {"uv": [0, 0, 0, 4], "rotation": 90, "texture": "#0"},
				"west": {"uv": [0, 0, 0, 3.25], "rotation": 90, "texture": "#0"},
				"up": {"uv": [6, 0, 9.25, 4], "rotation": 90, "texture": "#0"},
				"down": {"uv": [6, 4, 9.25, 0], "rotation": 270, "texture": "#0"}
			}
		},
		{
			"from": [0, -13.65685, -10.65685],
			"to": [16, 10.34315, -10.65685],
			"shade": false,
			"rotation": {"angle": 45, "axis": "x", "origin": [8, 16, 8]},
			"faces": {
				"north": {"uv": [0, 0, 6, 4], "rotation": 270, "texture": "#0"},
				"east": {"uv": [0, 0, 0, 0], "rotation": 90, "texture": "#0"},
				"south": {"uv": [0, 4, 6, 0], "rotation": 270, "texture": "#0"},
				"west": {"uv": [0, 0, 0, 0], "rotation": 90, "texture": "#0"},
				"up": {"uv": [0, 0, 0, 0], "rotation": 90, "texture": "#0"},
				"down": {"uv": [0, 0, 0, 0], "rotation": 90, "texture": "#0"}
			}
		},
		{
			"from": [26.65685, -13.65685, 0],
			"to": [26.65685, 10.34315, 16],
			"shade": false,
			"rotation": {"angle": 45, "axis": "z", "origin": [8, 16, 8]},
			"faces": {
				"north": {"uv": [0, 0, 0, 0], "rotation": 90, "texture": "#0"},
				"east": {"uv": [0, 0, 6, 4], "rotation": 270, "texture": "#0"},
				"south": {"uv": [0, 0, 0, 0], "rotation": 90, "texture": "#0"},
				"west": {"uv": [0, 4, 6, 0], "rotation": 270, "texture": "#0"},
				"up": {"uv": [0, 0, 0, 0], "rotation": 180, "texture": "#0"},
				"down": {"uv": [0, 0, 0, 0], "texture": "#0"}
			}
		},
		{
			"from": [13.65685, 10.34314, 0],
			"to": [26.65685, 10.34314, 16],
			"shade": false,
			"rotation": {"angle": 45, "axis": "z", "origin": [8, 16, 8]},
			"faces": {
				"north": {"uv": [0, 0, 0, 3.25], "rotation": 90, "texture": "#0"},
				"east": {"uv": [0, 0, 0, 4], "rotation": 90, "texture": "#0"},
				"south": {"uv": [0, 0, 0, 3.25], "rotation": 90, "texture": "#0"},
				"west": {"uv": [0, 0, 0, 4], "rotation": 90, "texture": "#0"},
				"up": {"uv": [6, 0, 9.25, 4], "rotation": 180, "texture": "#0"},
				"down": {"uv": [6, 4, 9.25, 0], "rotation": 180, "texture": "#0"}
			}
		},
		{
			"from": [0, -13.65685, 26.65685],
			"to": [16, 10.34315, 26.65685],
			"shade": false,
			"rotation": {"angle": -45, "axis": "x", "origin": [8, 16, 8]},
			"faces": {
				"north": {"uv": [0, 4, 6, 0], "rotation": 270, "texture": "#0"},
				"east": {"uv": [0, 0, 0, 0], "rotation": 90, "texture": "#0"},
				"south": {"uv": [0, 0, 6, 4], "rotation": 270, "texture": "#0"},
				"west": {"uv": [0, 0, 0, 0], "rotation": 90, "texture": "#0"},
				"up": {"uv": [0, 0, 0, 0], "rotation": 270, "texture": "#0"},
				"down": {"uv": [0, 0, 0, 0], "rotation": 270, "texture": "#0"}
			}
		},
		{
			"from": [0, 10.34314, 13.65685],
			"to": [16, 10.34314, 26.65685],
			"shade": false,
			"rotation": {"angle": -45, "axis": "x", "origin": [8, 16, 8]},
			"faces": {
				"north": {"uv": [0, 0, 0, 4], "rotation": 90, "texture": "#0"},
				"east": {"uv": [0, 0, 0, 3.25], "rotation": 90, "texture": "#0"},
				"south": {"uv": [0, 0, 0, 4], "rotation": 90, "texture": "#0"},
				"west": {"uv": [0, 0, 0, 3.25], "rotation": 90, "texture": "#0"},
				"up": {"uv": [6, 0, 9.25, 4], "rotation": 270, "texture": "#0"},
				"down": {"uv": [6, 4, 9.25, 0], "rotation": 90, "texture": "#0"}
			}
		},
		{
			"from": [-10.65685, -13.65685, 0],
			"to": [-10.65685, 10.34315, 16],
			"shade": false,
			"rotation": {"angle": -45, "axis": "z", "origin": [8, 16, 8]},
			"faces": {
				"north": {"uv": [0, 0, 0, 0], "rotation": 90, "texture": "#0"},
				"east": {"uv": [0, 4, 6, 0], "rotation": 270, "texture": "#0"},
				"south": {"uv": [0, 0, 0, 0], "rotation": 90, "texture": "#0"},
				"west": {"uv": [0, 0, 6, 4], "rotation": 270, "texture": "#0"},
				"up": {"uv": [0, 0, 0, 0], "texture": "#0"},
				"down": {"uv": [0, 0, 0, 0], "rotation": 180, "texture": "#0"}
			}
		},
		{
			"from": [-10.65685, 10.34314, 0],
			"to": [2.34315, 10.34314, 16],
			"shade": false,
			"rotation": {"angle": -45, "axis": "z", "origin": [8, 16, 8]},
			"faces": {
				"north": {"uv": [0, 0, 0, 3.25], "rotation": 90, "texture": "#0"},
				"east": {"uv": [0, 0, 0, 4], "rotation": 90, "texture": "#0"},
				"south": {"uv": [0, 0, 0, 3.25], "rotation": 90, "texture": "#0"},
				"west": {"uv": [0, 0, 0, 4], "rotation": 90, "texture": "#0"},
				"up": {"uv": [6, 0, 9.25, 4], "texture": "#0"},
				"down": {"uv": [6, 4, 9.25, 0], "texture": "#0"}
			}
		},
		{
			"from": [8, 0, -2],
			"to": [8, 16, 18],
			"shade": false,
			"rotation": {"angle": -45, "axis": "y", "origin": [8, 12, 8]},
			"faces": {
				"north": {"uv": [0, 4, 0, 8], "texture": "#0"},
				"east": {"uv": [0, 4, 4, 8], "texture": "#0"},
				"south": {"uv": [0, 4, 0, 8], "texture": "#0"},
				"west": {"uv": [0, 4, 4, 8], "texture": "#0"},
				"up": {"uv": [0, 6.25, 4, 6.25], "rotation": 90, "texture": "#0"},
				"down": {"uv": [0, 6.25, 4, 6.25], "rotation": 270, "texture": "#0"}
			}
		}
	],
	"display": {
		"thirdperson_righthand": {
			"rotation": [75, -135, 0],
			"translation": [0, 2.75, 0],
			"scale": [0.31, 0.31, 0.31]
		},
		"thirdperson_lefthand": {
			"rotation": [75, 135, 0],
			"translation": [0, 2.75, 0],
			"scale": [0.31, 0.31, 0.31]
		},
		"firstperson_righthand": {
			"rotation": [0, 45, 0],
			"scale": [0.4, 0.4, 0.4]
		},
		"firstperson_lefthand": {
			"rotation": [0, -135, 0],
			"scale": [0.4, 0.4, 0.4]
		},
		"ground": {
			"rotation": [0, 180, 0],
			"translation": [0, 3, 0],
			"scale": [0.25, 0.25, 0.25]
		},
		"gui": {
			"rotation": [30, 45, 0],
			"translation": [0, -2.75, 0],
			"scale": [0.75, 0.75, 0.75]
		},
		"head": {
			"rotation": [0, 180, 0],
			"translation": [0, -6.5, 0],
			"scale": [1.6, 1.6, 1.6]
		},
		"fixed": {
			"rotation": [0, 180, 0],
			"scale": [0.68, 0.68, 0.68]
		}
	}
}