{
	"credit": "Made with Blockbench",
	"textures": {
		"0": "block/ladder",
		"1": "block/dark_oak_planks",
		"particle": "block/ladder"
	},
	"elements": [
		{
			"name": "Cube",
			"from": [2.5, 0, 15],
			"to": [4.5, 16, 16],
			"faces": {
				"north": {"uv": [12, 0, 14, 16], "texture": "#1"},
				"east": {"uv": [13, 0, 14, 16], "texture": "#1"},
				"south": {"uv": [12, 0, 14, 16], "texture": "#1"},
				"west": {"uv": [13, 0, 14, 16], "texture": "#1"},
				"up": {"uv": [12, 3, 14, 4], "texture": "#1"},
				"down": {"uv": [12, 3, 14, 4], "texture": "#1"}
			}
		},
		{
			"name": "Cube",
			"from": [1, 1, 14],
			"to": [15, 4, 15],
			"faces": {
				"north": {"uv": [1, 12, 15, 15], "texture": "#0"},
				"east": {"uv": [1, 12, 2, 15], "texture": "#0"},
				"south": {"uv": [1, 12, 15, 15], "texture": "#0"},
				"west": {"uv": [1, 12, 2, 15], "texture": "#0"},
				"up": {"uv": [1, 12, 15, 13], "texture": "#0"},
				"down": {"uv": [1, 14, 15, 15], "texture": "#0"}
			}
		},
		{
			"name": "Cube",
			"from": [1, 5, 14],
			"to": [15, 8, 15],
			"faces": {
				"north": {"uv": [1, 8, 15, 11], "texture": "#0"},
				"east": {"uv": [1, 8, 2, 11], "texture": "#0"},
				"south": {"uv": [1, 8, 15, 11], "texture": "#0"},
				"west": {"uv": [1, 8, 2, 11], "texture": "#0"},
				"up": {"uv": [1, 8, 15, 9], "texture": "#0"},
				"down": {"uv": [1, 6, 15, 7], "texture": "#0"}
			}
		},
		{
			"name": "Cube",
			"from": [1, 9, 14],
			"to": [15, 12, 15],
			"faces": {
				"north": {"uv": [1, 4, 15, 7], "texture": "#0"},
				"east": {"uv": [1, 4, 2, 7], "texture": "#0"},
				"south": {"uv": [1, 4, 15, 7], "texture": "#0"},
				"west": {"uv": [1, 4, 2, 7], "texture": "#0"},
				"up": {"uv": [1, 4, 15, 5], "texture": "#0"},
				"down": {"uv": [1, 6, 15, 7], "texture": "#0"}
			}
		},
		{
			"name": "Cube",
			"from": [1, 13, 14],
			"to": [15, 16, 15],
			"faces": {
				"north": {"uv": [1, 0, 15, 3], "texture": "#0"},
				"east": {"uv": [1, 0, 2, 3], "texture": "#0"},
				"south": {"uv": [1, 0, 15, 3], "texture": "#0"},
				"west": {"uv": [1, 0, 2, 3], "texture": "#0"},
				"up": {"uv": [1, 0, 15, 1], "texture": "#0"},
				"down": {"uv": [1, 2, 15, 3], "texture": "#0"}
			}
		},
		{
			"name": "Cube",
			"from": [11.5, 0, 15],
			"to": [13.5, 16, 16],
			"faces": {
				"north": {"uv": [12, 0, 14, 16], "texture": "#1"},
				"east": {"uv": [13, 0, 14, 16], "texture": "#1"},
				"south": {"uv": [12, 0, 14, 16], "texture": "#1"},
				"west": {"uv": [13, 0, 14, 16], "texture": "#1"},
				"up": {"uv": [12, 3, 14, 4], "texture": "#1"},
				"down": {"uv": [12, 3, 14, 4], "texture": "#1"}
			}
		},
		{
			"name": "Cube",
			"from": [3, 6, 13.6],
			"to": [4, 7, 14.6],
			"faces": {
				"north": {"uv": [3, 1, 4, 2], "texture": "#0"},
				"east": {"uv": [3, 1, 4, 2], "texture": "#0"},
				"south": {"uv": [3, 1, 4, 2], "texture": "#0"},
				"west": {"uv": [3, 1, 4, 2], "texture": "#0"},
				"up": {"uv": [3, 1, 4, 2], "texture": "#0"},
				"down": {"uv": [3, 1, 4, 2], "texture": "#0"}
			}
		},
		{
			"name": "Cube",
			"from": [3, 2, 13.6],
			"to": [4, 3, 14.6],
			"faces": {
				"north": {"uv": [3, 1, 4, 2], "texture": "#0"},
				"east": {"uv": [3, 1, 4, 2], "texture": "#0"},
				"south": {"uv": [3, 1, 4, 2], "texture": "#0"},
				"west": {"uv": [3, 1, 4, 2], "texture": "#0"},
				"up": {"uv": [3, 1, 4, 2], "texture": "#0"},
				"down": {"uv": [3, 1, 4, 2], "texture": "#0"}
			}
		},
		{
			"name": "Cube",
			"from": [3, 10, 13.6],
			"to": [4, 11, 14.6],
			"faces": {
				"north": {"uv": [3, 1, 4, 2], "texture": "#0"},
				"east": {"uv": [3, 1, 4, 2], "texture": "#0"},
				"south": {"uv": [3, 1, 4, 2], "texture": "#0"},
				"west": {"uv": [3, 1, 4, 2], "texture": "#0"},
				"up": {"uv": [3, 1, 4, 2], "texture": "#0"},
				"down": {"uv": [3, 1, 4, 2], "texture": "#0"}
			}
		},
		{
			"name": "Cube",
			"from": [3, 14, 13.6],
			"to": [4, 15, 14.6],
			"faces": {
				"north": {"uv": [3, 1, 4, 2], "texture": "#0"},
				"east": {"uv": [3, 1, 4, 2], "texture": "#0"},
				"south": {"uv": [3, 1, 4, 2], "texture": "#0"},
				"west": {"uv": [3, 1, 4, 2], "texture": "#0"},
				"up": {"uv": [3, 1, 4, 2], "texture": "#0"},
				"down": {"uv": [3, 1, 4, 2], "texture": "#0"}
			}
		},
		{
			"name": "Cube",
			"from": [12, 14, 13.6],
			"to": [13, 15, 14.6],
			"faces": {
				"north": {"uv": [3, 1, 4, 2], "texture": "#0"},
				"east": {"uv": [3, 1, 4, 2], "texture": "#0"},
				"south": {"uv": [3, 1, 4, 2], "texture": "#0"},
				"west": {"uv": [3, 1, 4, 2], "texture": "#0"},
				"up": {"uv": [3, 1, 4, 2], "texture": "#0"},
				"down": {"uv": [3, 1, 4, 2], "texture": "#0"}
			}
		},
		{
			"name": "Cube",
			"from": [12, 10, 13.6],
			"to": [13, 11, 14.6],
			"faces": {
				"north": {"uv": [3, 1, 4, 2], "texture": "#0"},
				"east": {"uv": [3, 1, 4, 2], "texture": "#0"},
				"south": {"uv": [3, 1, 4, 2], "texture": "#0"},
				"west": {"uv": [3, 1, 4, 2], "texture": "#0"},
				"up": {"uv": [3, 1, 4, 2], "texture": "#0"},
				"down": {"uv": [3, 1, 4, 2], "texture": "#0"}
			}
		},
		{
			"name": "Cube",
			"from": [12, 6, 13.6],
			"to": [13, 7, 14.6],
			"faces": {
				"north": {"uv": [3, 1, 4, 2], "texture": "#0"},
				"east": {"uv": [3, 1, 4, 2], "texture": "#0"},
				"south": {"uv": [3, 1, 4, 2], "texture": "#0"},
				"west": {"uv": [3, 1, 4, 2], "texture": "#0"},
				"up": {"uv": [3, 1, 4, 2], "texture": "#0"},
				"down": {"uv": [3, 1, 4, 2], "texture": "#0"}
			}
		},
		{
			"name": "Cube",
			"from": [12, 2, 13.6],
			"to": [13, 3, 14.6],
			"faces": {
				"north": {"uv": [3, 1, 4, 2], "texture": "#0"},
				"east": {"uv": [3, 1, 4, 2], "texture": "#0"},
				"south": {"uv": [3, 1, 4, 2], "texture": "#0"},
				"west": {"uv": [3, 1, 4, 2], "texture": "#0"},
				"up": {"uv": [3, 1, 4, 2], "texture": "#0"},
				"down": {"uv": [3, 1, 4, 2], "texture": "#0"}
			}
		}
	]
}
