{
    "sources": [
        {
            "type": "directory",
            "source": "entity",
            "prefix": "entity/"
        },
        {
            "type": "single",
            "resource": "minecraft:custom/block/ladder"
        },
        {
            "type": "single",
            "resource": "minecraft:custom/block/ametrine_ore"
        },
        {
            "type": "single",
            "resource": "minecraft:custom/block/rose_quartz_ore"
        },
        {
            "type": "single",
            "resource": "minecraft:custom/block/rose_quartz_block"
        },
        {
            "type": "single",
            "resource": "minecraft:custom/block/ametrine_block_top"
        },
        {
            "type": "single",
            "resource": "minecraft:custom/block/ametrine_block_bottom"
        },
        {
            "type": "single",
            "resource": "minecraft:custom/block/ametrine_block_side"
        },
        {
            "type": "single",
            "resource": "minecraft:custom/block/alien_eye"
        },
        {
            "type": "single",
            "resource": "minecraft:custom/block/alien"
        },
        {
            "type": "single",
            "resource": "minecraft:custom/block/alien_lamp"
        },
        {
            "type": "single",
            "resource": "minecraft:custom/block/alien_eye_ravage"
        },
        {
            "type": "single",
            "resource": "minecraft:custom/block/alien_lamp_ravage"
        },
        {
            "type": "single",
            "resource": "minecraft:custom/block/astronaut_helmet"
        },
        {
            "type": "single",
            "resource": "minecraft:custom/block/bench"
        },
        {
            "type": "single",
            "resource": "minecraft:custom/block/big_logo"
        },
        {
            "type": "single",
            "resource": "minecraft:custom/block/big_title"
        },
        {
            "type": "single",
            "resource": "minecraft:custom/block/cookie"
        },
        {
            "type": "single",
            "resource": "minecraft:custom/block/drone"
        },
        {
            "type": "single",
            "resource": "minecraft:custom/block/napoleon_hat"
        },
        {
            "type": "single",
            "resource": "minecraft:custom/block/prison"
        },
        {
            "type": "single",
            "resource": "minecraft:custom/block/title_1"
        },
        {
            "type": "single",
            "resource": "minecraft:custom/block/title_2"
        },
        {
            "type": "single",
            "resource": "minecraft:custom/block/trophy"
        },
        {
            "type": "single",
            "resource": "minecraft:custom/block/tv"
        },
        {
            "type": "single",
            "resource": "minecraft:custom/block/wave_ravage"
        },
        {
            "type": "single",
            "resource": "minecraft:custom/block/wave_shock"
        },
        {
            "type": "single",
            "resource": "minecraft:custom/block/wave_sound"
        },
        {
            "type": "single",
            "resource": "minecraft:custom/pet/eye"
        },
        {
            "type": "single",
            "resource": "minecraft:custom/pet/beaver"
        },
        {
            "type": "single",
            "resource": "minecraft:custom/pet/bee"
        },
        {
            "type": "single",
            "resource": "minecraft:custom/pet/bread"
        },
        {
            "type": "single",
            "resource": "minecraft:custom/pet/cat"
        },
        {
            "type": "single",
            "resource": "minecraft:custom/pet/chick"
        },
        {
            "type": "single",
            "resource": "minecraft:custom/pet/dinosaur"
        },
        {
            "type": "single",
            "resource": "minecraft:custom/pet/dog"
        },
        {
            "type": "single",
            "resource": "minecraft:custom/pet/dragon"
        },
        {
            "type": "single",
            "resource": "minecraft:custom/pet/frog"
        },
        {
            "type": "single",
            "resource": "minecraft:custom/pet/monkey"
        },
        {
            "type": "single",
            "resource": "minecraft:custom/pet/penguin"
        },
        {
            "type": "single",
            "resource": "minecraft:custom/pet/red_panda"
        },
        {
            "type": "single",
            "resource": "minecraft:custom/pet/deer"
        },
        {
            "type": "single",
            "resource": "minecraft:custom/pet/snail"
        },
        {
            "type": "single",
            "resource": "minecraft:custom/pet/spooky"
        },
        {
            "type": "single",
            "resource": "minecraft:custom/pet/eye_spooky"
        },
        {
            "type": "single",
            "resource": "minecraft:custom/pet/turtle"
        },
        {
            "type": "single",
            "resource": "minecraft:custom/item/ametrine"
        },
        {
            "type": "single",
            "resource": "minecraft:custom/item/rose_quartz"
        },
        {
            "type": "single",
            "resource": "minecraft:custom/gui/alien_alpha"
        },
        {
            "type": "single",
            "resource": "minecraft:custom/gui/alien_minion"
        },
        {
            "type": "single",
            "resource": "minecraft:custom/gui/back"
        },
        {
            "type": "single",
            "resource": "minecraft:custom/gui/buy"
        },
        {
            "type": "single",
            "resource": "minecraft:custom/gui/discord"
        },
        {
            "type": "single",
            "resource": "minecraft:custom/gui/empty"
        },
        {
            "type": "single",
            "resource": "minecraft:custom/gui/guide"
        },
        {
            "type": "single",
            "resource": "minecraft:custom/gui/locked"
        },
        {
            "type": "single",
            "resource": "minecraft:custom/gui/next"
        },
        {
            "type": "single",
            "resource": "minecraft:custom/gui/no"
        },
        {
            "type": "single",
            "resource": "minecraft:custom/gui/previous"
        },
        {
            "type": "single",
            "resource": "minecraft:custom/gui/punish_back"
        },
        {
            "type": "single",
            "resource": "minecraft:custom/gui/punish_ban_0"
        },
        {
            "type": "single",
            "resource": "minecraft:custom/gui/punish_ban_1"
        },
        {
            "type": "single",
            "resource": "minecraft:custom/gui/punish_ban_2"
        },
        {
            "type": "single",
            "resource": "minecraft:custom/gui/punish_ban_3"
        },
        {
            "type": "single",
            "resource": "minecraft:custom/gui/punish_ban_4"
        },
        {
            "type": "single",
            "resource": "minecraft:custom/gui/punish_kick_0"
        },
        {
            "type": "single",
            "resource": "minecraft:custom/gui/punish_kick_1"
        },
        {
            "type": "single",
            "resource": "minecraft:custom/gui/punish_kick_2"
        },
        {
            "type": "single",
            "resource": "minecraft:custom/gui/punish_kick_3"
        },
        {
            "type": "single",
            "resource": "minecraft:custom/gui/punish_kick_4"
        },
        {
            "type": "single",
            "resource": "minecraft:custom/gui/punish_mute_0"
        },
        {
            "type": "single",
            "resource": "minecraft:custom/gui/punish_mute_1"
        },
        {
            "type": "single",
            "resource": "minecraft:custom/gui/punish_mute_2"
        },
        {
            "type": "single",
            "resource": "minecraft:custom/gui/punish_mute_3"
        },
        {
            "type": "single",
            "resource": "minecraft:custom/gui/punish_mute_4"
        },
        {
            "type": "single",
            "resource": "minecraft:custom/gui/punish_no"
        },
        {
            "type": "single",
            "resource": "minecraft:custom/gui/punish_reason"
        },
        {
            "type": "single",
            "resource": "minecraft:custom/gui/punish_yes"
        },
        {
            "type": "single",
            "resource": "minecraft:custom/gui/refresh"
        },
        {
            "type": "single",
            "resource": "minecraft:custom/gui/staff_freeze"
        },
        {
            "type": "single",
            "resource": "minecraft:custom/gui/staff_punish"
        },
        {
            "type": "single",
            "resource": "minecraft:custom/gui/staff_spectator"
        },
        {
            "type": "single",
            "resource": "minecraft:custom/gui/staff_teleport"
        },
        {
            "type": "single",
            "resource": "minecraft:custom/gui/warning"
        },
        {
            "type": "single",
            "resource": "minecraft:custom/gui/website"
        },
        {
            "type": "single",
            "resource": "minecraft:custom/gui/yes"
        },
        {
            "type": "single",
            "resource": "minecraft:custom/gui/profile/banner_default"
        },
        {
            "type": "single",
            "resource": "minecraft:custom/gui/profile/banner_hive"
        },
        {
            "type": "single",
            "resource": "minecraft:custom/gui/profile/debug_off"
        },
        {
            "type": "single",
            "resource": "minecraft:custom/gui/profile/debug_on"
        },
        {
            "type": "single",
            "resource": "minecraft:custom/gui/profile/forcefield_off"
        },
        {
            "type": "single",
            "resource": "minecraft:custom/gui/profile/forcefield_on"
        },
        {
            "type": "single",
            "resource": "minecraft:custom/gui/profile/friends_no"
        },
        {
            "type": "single",
            "resource": "minecraft:custom/gui/profile/friends_yes"
        },
        {
            "type": "single",
            "resource": "minecraft:custom/gui/profile/home"
        },
        {
            "type": "single",
            "resource": "minecraft:custom/gui/profile/join_off"
        },
        {
            "type": "single",
            "resource": "minecraft:custom/gui/profile/join_on"
        },
        {
            "type": "single",
            "resource": "minecraft:custom/gui/profile/lasertag"
        },
        {
            "type": "single",
            "resource": "minecraft:custom/gui/profile/lobby_star"
        },
        {
            "type": "single",
            "resource": "minecraft:custom/gui/profile/mention_off"
        },
        {
            "type": "single",
            "resource": "minecraft:custom/gui/profile/mention_on"
        },
        {
            "type": "single",
            "resource": "minecraft:custom/gui/profile/next"
        },
        {
            "type": "single",
            "resource": "minecraft:custom/gui/profile/parkour"
        },
        {
            "type": "single",
            "resource": "minecraft:custom/gui/profile/parkour_checkpoint"
        },
        {
            "type": "single",
            "resource": "minecraft:custom/gui/profile/parkour_leave"
        },
        {
            "type": "single",
            "resource": "minecraft:custom/gui/profile/pf_celestial"
        },
        {
            "type": "single",
            "resource": "minecraft:custom/gui/profile/pf_cosmic"
        },
        {
            "type": "single",
            "resource": "minecraft:custom/gui/profile/pf_creator"
        },
        {
            "type": "single",
            "resource": "minecraft:custom/gui/profile/pf_eternal"
        },
        {
            "type": "single",
            "resource": "minecraft:custom/gui/profile/pf_galactic"
        },
        {
            "type": "single",
            "resource": "minecraft:custom/gui/profile/pf_lunar"
        },
        {
            "type": "single",
            "resource": "minecraft:custom/gui/profile/pf_solar"
        },
        {
            "type": "single",
            "resource": "minecraft:custom/gui/profile/playerheads_off"
        },
        {
            "type": "single",
            "resource": "minecraft:custom/gui/profile/playerheads_on"
        },
        {
            "type": "single",
            "resource": "minecraft:custom/gui/profile/preferences"
        },
        {
            "type": "single",
            "resource": "minecraft:custom/gui/profile/previous"
        },
        {
            "type": "single",
            "resource": "minecraft:custom/gui/profile/prison"
        },
        {
            "type": "single",
            "resource": "minecraft:custom/gui/profile/rank_admin"
        },
        {
            "type": "single",
            "resource": "minecraft:custom/gui/profile/rank_celestial"
        },
        {
            "type": "single",
            "resource": "minecraft:custom/gui/profile/rank_cosmic"
        },
        {
            "type": "single",
            "resource": "minecraft:custom/gui/profile/rank_creator"
        },
        {
            "type": "single",
            "resource": "minecraft:custom/gui/profile/rank_dev"
        },
        {
            "type": "single",
            "resource": "minecraft:custom/gui/profile/rank_eternal"
        },
        {
            "type": "single",
            "resource": "minecraft:custom/gui/profile/rank_galactic"
        },
        {
            "type": "single",
            "resource": "minecraft:custom/gui/profile/rank_helper"
        },
        {
            "type": "single",
            "resource": "minecraft:custom/gui/profile/rank_lunar"
        },
        {
            "type": "single",
            "resource": "minecraft:custom/gui/profile/rank_mod"
        },
        {
            "type": "single",
            "resource": "minecraft:custom/gui/profile/rank_owner"
        },
        {
            "type": "single",
            "resource": "minecraft:custom/gui/profile/rank_rookie"
        },
        {
            "type": "single",
            "resource": "minecraft:custom/gui/profile/rank_solar"
        },
        {
            "type": "single",
            "resource": "minecraft:custom/gui/profile/rank_srmod"
        },
        {
            "type": "single",
            "resource": "minecraft:custom/gui/profile/staffchat_off"
        },
        {
            "type": "single",
            "resource": "minecraft:custom/gui/profile/staffchat_on"
        },
        {
            "type": "single",
            "resource": "minecraft:custom/gui/profile/status_afk"
        },
        {
            "type": "single",
            "resource": "minecraft:custom/gui/profile/status_off"
        },
        {
            "type": "single",
            "resource": "minecraft:custom/gui/profile/status_on"
        },
        {
            "type": "single",
            "resource": "minecraft:custom/gui/profile/store"
        },
        {
            "type": "single",
            "resource": "minecraft:custom/gui/profile/tiktok"
        },
        {
            "type": "single",
            "resource": "minecraft:custom/gui/profile/twitch"
        },
        {
            "type": "single",
            "resource": "minecraft:custom/gui/profile/vanish_off"
        },
        {
            "type": "single",
            "resource": "minecraft:custom/gui/profile/vanish_on"
        },
        {
            "type": "single",
            "resource": "minecraft:custom/gui/profile/whisper_off"
        },
        {
            "type": "single",
            "resource": "minecraft:custom/gui/profile/whisper_on"
        },
        {
            "type": "single",
            "resource": "minecraft:custom/gui/profile/youtube"
        },
        {
            "type": "single",
            "resource": "minecraft:custom/gui/blood"
        },
        {
            "type": "single",
            "resource": "minecraft:custom/gui/diamond"
        },
        {
            "type": "single",
            "resource": "minecraft:custom/gui/emerald"
        },
        {
            "type": "single",
            "resource": "minecraft:custom/gui/flame"
        },
        {
            "type": "single",
            "resource": "minecraft:custom/gui/gold"
        },
        {
            "type": "single",
            "resource": "minecraft:custom/gui/heart"
        },
        {
            "type": "single",
            "resource": "minecraft:custom/gui/lavarain"
        },
        {
            "type": "single",
            "resource": "minecraft:custom/gui/note"
        },
        {
            "type": "single",
            "resource": "minecraft:custom/gui/obsidianrain"
        },
        {
            "type": "single",
            "resource": "minecraft:custom/gui/rain"
        },
        {
            "type": "single",
            "resource": "minecraft:custom/gui/rainbow"
        },
        {
            "type": "single",
            "resource": "minecraft:custom/gui/slime"
        },
        {
            "type": "single",
            "resource": "minecraft:custom/gui/snow"
        },
        {
            "type": "single",
            "resource": "minecraft:custom/gui/soulflame"
        },
        {
            "type": "single",
            "resource": "minecraft:custom/gui/spark"
        },
        {
            "type": "single",
            "resource": "minecraft:custom/gui/totem"
        },
        {
            "type": "single",
            "resource": "minecraft:custom/gui/witch"
        },
        {
            "type": "single",
            "resource": "modelengine:entity/balloons_1"
        },
        {
            "type": "single",
            "resource": "modelengine:entity/balloons_2"
        },
        {
            "type": "single",
            "resource": "modelengine:entity/balloons_3"
        },
        {
            "type": "single",
            "resource": "modelengine:entity/billboard"
        },
        {
            "type": "single",
            "resource": "modelengine:entity/cars"
        },
        {
            "type": "single",
            "resource": "modelengine:entity/drone"
        },
        {
            "type": "single",
            "resource": "modelengine:entity/fan"
        },
        {
            "type": "single",
            "resource": "modelengine:entity/lamppost"
        },
        {
            "type": "single",
            "resource": "modelengine:entity/lavalamp"
        },
        {
            "type": "single",
            "resource": "modelengine:entity/logo_2"
        },
        {
            "type": "single",
            "resource": "modelengine:entity/logo_1"
        },
        {
            "type": "single",
            "resource": "modelengine:entity/npc_event"
        },
        {
            "type": "single",
            "resource": "modelengine:entity/astronaut_helmet"
        },
        {
            "type": "single",
            "resource": "modelengine:entity/npc_lasertag"
        },
        {
            "type": "single",
            "resource": "modelengine:entity/pistol"
        },
        {
            "type": "single",
            "resource": "modelengine:entity/npc_pink"
        },
        {
            "type": "single",
            "resource": "modelengine:entity/npc_prison"
        },
        {
            "type": "single",
            "resource": "modelengine:entity/prisoner_misc"
        },
        {
            "type": "single",
            "resource": "modelengine:entity/npc_store"
        },
        {
            "type": "single",
            "resource": "modelengine:entity/wumpus"
        },
        {
            "type": "single",
            "resource": "modelengine:entity/eye"
        }
    ]
}