{
	"parent": "minecraft:item/generated",
	"textures": {
	  "layer0": "minecraft:item/brick"
	},
	  
	  "overrides": [
		  {"predicate": {"custom_model_data":1}, "model": "block/custom/title_prisonblock"},
		  {"predicate": {"custom_model_data":2}, "model": "block/custom/title_lasertag"},
		  {"predicate": {"custom_model_data":3}, "model": "block/custom/trophy"},
		  {"predicate": {"custom_model_data":4}, "model": "block/custom/bench"},
		  {"predicate": {"custom_model_data":5}, "model": "block/custom/pot_plant"},
		  {"predicate": {"custom_model_data":6}, "model": "block/custom/drone"},
		  {"predicate": {"custom_model_data":7}, "model": "block/custom/cone"},
		  {"predicate": {"custom_model_data":8}, "model": "block/custom/telescope"},		  
		  {"predicate": {"custom_model_data":9}, "model": "block/custom/cookies1"},
		  {"predicate": {"custom_model_data":10}, "model": "block/custom/cookies2"},
		  {"predicate": {"custom_model_data":11}, "model": "block/custom/cookies3"},
		  {"predicate": {"custom_model_data":12}, "model": "block/custom/cookies4"},
		  {"predicate": {"custom_model_data":13}, "model": "block/custom/cookies5"},
		  {"predicate": {"custom_model_data":14}, "model": "block/custom/big_title"},
		  {"predicate": {"custom_model_data":15}, "model": "block/custom/big_logo"},
		  {"predicate": {"custom_model_data":16}, "model": "block/custom/title_arcade"},
		  {"predicate": {"custom_model_data":17}, "model": "block/custom/tv"}
	  ]
  }