{
  "parent": "minecraft:item/generated",
  "textures": {
    "layer0": "minecraft:item/egg"
  },
	
	"overrides": [
		{"predicate": {"custom_model_data":1}, "model": "block/custom/pet/chick"},
		{"predicate": {"custom_model_data":2}, "model": "block/custom/pet/snail"},
		{"predicate": {"custom_model_data":3}, "model": "block/custom/pet/bread"},
		{"predicate": {"custom_model_data":4}, "model": "block/custom/pet/penguin"},
		{"predicate": {"custom_model_data":5}, "model": "block/custom/pet/turtle"},
		{"predicate": {"custom_model_data":6}, "model": "block/custom/pet/beaver"},
		{"predicate": {"custom_model_data":7}, "model": "block/custom/pet/cat"},
		{"predicate": {"custom_model_data":8}, "model": "block/custom/pet/dog"},
		{"predicate": {"custom_model_data":9}, "model": "block/custom/pet/red_panda"},
		{"predicate": {"custom_model_data":10}, "model": "block/custom/pet/dragon"},
		{"predicate": {"custom_model_data":11}, "model": "block/custom/pet/monkey"},
		{"predicate": {"custom_model_data":12}, "model": "block/custom/pet/bee"},
		{"predicate": {"custom_model_data":13}, "model": "block/custom/pet/frog"},
		{"predicate": {"custom_model_data":14}, "model": "block/custom/pet/dinosaur"},
		{"predicate": {"custom_model_data":15}, "model": "block/custom/pet/reindeer"},
		{"predicate": {"custom_model_data":16}, "model": "block/custom/pet/spooky"},

		{"predicate": {"custom_model_data":100}, "model": "block/custom/alien_minion"},
		{"predicate": {"custom_model_data":101}, "model": "block/custom/alien_alpha"},
		{"predicate": {"custom_model_data":102}, "model": "block/custom/alien_alpha_ravage"},
		{"predicate": {"custom_model_data":103}, "model": "block/custom/wave_sound"},
		{"predicate": {"custom_model_data":104}, "model": "block/custom/wave_shock"},
		{"predicate": {"custom_model_data":105}, "model": "block/custom/wave_ravage"},
		
		{"predicate": {"custom_model_data":201}, "model": "item/gui/profile/pet_chick"},
		{"predicate": {"custom_model_data":202}, "model": "item/gui/profile/pet_snail"},
		{"predicate": {"custom_model_data":203}, "model": "item/gui/profile/pet_bread"},
		{"predicate": {"custom_model_data":204}, "model": "item/gui/profile/pet_penguin"},
		{"predicate": {"custom_model_data":205}, "model": "item/gui/profile/pet_turtle"},
		{"predicate": {"custom_model_data":206}, "model": "item/gui/profile/pet_beaver"},
		{"predicate": {"custom_model_data":207}, "model": "item/gui/profile/pet_cat"},
		{"predicate": {"custom_model_data":208}, "model": "item/gui/profile/pet_dog"},
		{"predicate": {"custom_model_data":209}, "model": "item/gui/profile/pet_red_panda"},
		{"predicate": {"custom_model_data":210}, "model": "item/gui/profile/pet_dragon"},
		{"predicate": {"custom_model_data":211}, "model": "item/gui/profile/pet_monkey"},
		{"predicate": {"custom_model_data":212}, "model": "item/gui/profile/pet_bee"},
		{"predicate": {"custom_model_data":213}, "model": "item/gui/profile/pet_frog"},
		{"predicate": {"custom_model_data":214}, "model": "item/gui/profile/pet_dinosaur"},
		{"predicate": {"custom_model_data":215}, "model": "item/gui/profile/pet_reindeer"},
		{"predicate": {"custom_model_data":216}, "model": "item/gui/profile/pet_spooky"}
	]
}