{"overrides":[{"predicate":{"custom_model_data":1},"model":"modelengine:drone/base"},{"predicate":{"custom_model_data":2},"model":"modelengine:billboard_right/base"},{"predicate":{"custom_model_data":3},"model":"modelengine:billboard_right/text1"},{"predicate":{"custom_model_data":4},"model":"modelengine:billboard_right/text2"},{"predicate":{"custom_model_data":5},"model":"modelengine:balloons_2/rope_3"},{"predicate":{"custom_model_data":6},"model":"modelengine:balloons_2/rope_1"},{"predicate":{"custom_model_data":7},"model":"modelengine:balloons_2/rope_2"},{"predicate":{"custom_model_data":8},"model":"modelengine:balloons_2/balloon_3"},{"predicate":{"custom_model_data":9},"model":"modelengine:balloons_2/balloon_1"},{"predicate":{"custom_model_data":10},"model":"modelengine:balloons_2/balloon_2"},{"predicate":{"custom_model_data":11},"model":"modelengine:balloons_1/rope_3"},{"predicate":{"custom_model_data":12},"model":"modelengine:balloons_1/rope_1"},{"predicate":{"custom_model_data":13},"model":"modelengine:balloons_1/rope_2"},{"predicate":{"custom_model_data":14},"model":"modelengine:balloons_1/balloon_3"},{"predicate":{"custom_model_data":15},"model":"modelengine:balloons_1/balloon_1"},{"predicate":{"custom_model_data":16},"model":"modelengine:balloons_1/balloon_2"},{"predicate":{"custom_model_data":17},"model":"modelengine:balloons_3/rope_3"},{"predicate":{"custom_model_data":18},"model":"modelengine:balloons_3/rope_1"},{"predicate":{"custom_model_data":19},"model":"modelengine:balloons_3/rope_2"},{"predicate":{"custom_model_data":20},"model":"modelengine:balloons_3/balloon_3"},{"predicate":{"custom_model_data":21},"model":"modelengine:balloons_3/balloon_1"},{"predicate":{"custom_model_data":22},"model":"modelengine:balloons_3/balloon_2"},{"predicate":{"custom_model_data":23},"model":"modelengine:lamppost/base"},{"predicate":{"custom_model_data":24},"model":"modelengine:lamppost/light"},{"predicate":{"custom_model_data":25},"model":"modelengine:billboard_left/base"},{"predicate":{"custom_model_data":26},"model":"modelengine:billboard_left/text1"},{"predicate":{"custom_model_data":27},"model":"modelengine:billboard_left/text2"},{"predicate":{"custom_model_data":28},"model":"modelengine:logo_portal/cube"},{"predicate":{"custom_model_data":29},"model":"modelengine:logo_portal/vortex"},{"predicate":{"custom_model_data":30},"model":"modelengine:npc_event/torso"},{"predicate":{"custom_model_data":31},"model":"modelengine:npc_event/leg_r"},{"predicate":{"custom_model_data":32},"model":"modelengine:npc_event/leg_l"},{"predicate":{"custom_model_data":33},"model":"modelengine:npc_event/arm_l"},{"predicate":{"custom_model_data":34},"model":"modelengine:npc_event/head"},{"predicate":{"custom_model_data":35},"model":"modelengine:npc_event/arm_r"},{"predicate":{"custom_model_data":36},"model":"modelengine:npc_lasertag/torso"},{"predicate":{"custom_model_data":37},"model":"modelengine:npc_lasertag/leg_r"},{"predicate":{"custom_model_data":38},"model":"modelengine:wumpus/legs"},{"predicate":{"custom_model_data":39},"model":"modelengine:wumpus/leaf"},{"predicate":{"custom_model_data":40},"model":"modelengine:wumpus/belly"},{"predicate":{"custom_model_data":41},"model":"modelengine:wumpus/head"},{"predicate":{"custom_model_data":42},"model":"modelengine:wumpus/arm_r"},{"predicate":{"custom_model_data":43},"model":"modelengine:wumpus/arm_l"},{"predicate":{"custom_model_data":44},"model":"modelengine:wumpus/ear_l"},{"predicate":{"custom_model_data":45},"model":"modelengine:wumpus/ear_r"},{"predicate":{"custom_model_data":46},"model":"modelengine:npc_store/stick"},{"predicate":{"custom_model_data":47},"model":"modelengine:npc_store/torso"},{"predicate":{"custom_model_data":48},"model":"modelengine:npc_store/leg_r"},{"predicate":{"custom_model_data":49},"model":"modelengine:npc_store/leg_l"},{"predicate":{"custom_model_data":50},"model":"modelengine:npc_store/arm_l"},{"predicate":{"custom_model_data":51},"model":"modelengine:npc_store/head"},{"predicate":{"custom_model_data":52},"model":"modelengine:npc_store/arm_r"},{"predicate":{"custom_model_data":53},"model":"modelengine:npc_store/hat"},{"predicate":{"custom_model_data":54},"model":"modelengine:lavalamp/base"},{"predicate":{"custom_model_data":55},"model":"modelengine:lavalamp/blob_5"},{"predicate":{"custom_model_data":56},"model":"modelengine:lavalamp/blob_2"},{"predicate":{"custom_model_data":57},"model":"modelengine:lavalamp/blob_4"},{"predicate":{"custom_model_data":58},"model":"modelengine:lavalamp/blob_3"},{"predicate":{"custom_model_data":59},"model":"modelengine:lavalamp/blob_1"},{"predicate":{"custom_model_data":60},"model":"modelengine:lavalamp/blob_6"},{"predicate":{"custom_model_data":61},"model":"modelengine:npc_lasertag/leg_l"},{"predicate":{"custom_model_data":62},"model":"modelengine:npc_lasertag/arm_l"},{"predicate":{"custom_model_data":63},"model":"modelengine:npc_lasertag/head"},{"predicate":{"custom_model_data":64},"model":"modelengine:npc_lasertag/arm_r"},{"predicate":{"custom_model_data":65},"model":"modelengine:npc_lasertag/lasergun"},{"predicate":{"custom_model_data":66},"model":"modelengine:npc_lasertag/lasergun_reload"},{"predicate":{"custom_model_data":67},"model":"modelengine:npc_pink/torso"},{"predicate":{"custom_model_data":68},"model":"modelengine:npc_pink/leg_r"},{"predicate":{"custom_model_data":69},"model":"modelengine:npc_pink/leg_l"},{"predicate":{"custom_model_data":70},"model":"modelengine:npc_pink/cube_4"},{"predicate":{"custom_model_data":71},"model":"modelengine:npc_pink/cube_3"},{"predicate":{"custom_model_data":72},"model":"modelengine:npc_pink/cube_1"},{"predicate":{"custom_model_data":73},"model":"modelengine:npc_pink/cube_2"},{"predicate":{"custom_model_data":74},"model":"modelengine:npc_pink/arm_l"},{"predicate":{"custom_model_data":75},"model":"modelengine:npc_pink/head"},{"predicate":{"custom_model_data":76},"model":"modelengine:npc_pink/arm_r"},{"predicate":{"custom_model_data":77},"model":"modelengine:npc_pink/glasses"},{"predicate":{"custom_model_data":78},"model":"modelengine:npc_pink/phone"},{"predicate":{"custom_model_data":79},"model":"modelengine:cars/car3"},{"predicate":{"custom_model_data":80},"model":"modelengine:cars/car6"},{"predicate":{"custom_model_data":81},"model":"modelengine:cars/car2"},{"predicate":{"custom_model_data":82},"model":"modelengine:cars/car4"},{"predicate":{"custom_model_data":83},"model":"modelengine:cars/car5"},{"predicate":{"custom_model_data":84},"model":"modelengine:cars/car1"},{"predicate":{"custom_model_data":85},"model":"modelengine:npc_prison/static"},{"predicate":{"custom_model_data":86},"model":"modelengine:npc_prison/torso"},{"predicate":{"custom_model_data":87},"model":"modelengine:npc_prison/leg_r"},{"predicate":{"custom_model_data":88},"model":"modelengine:npc_prison/leg_l"},{"predicate":{"custom_model_data":89},"model":"modelengine:npc_prison/chain"},{"predicate":{"custom_model_data":90},"model":"modelengine:npc_prison/arm_l"},{"predicate":{"custom_model_data":91},"model":"modelengine:npc_prison/head"},{"predicate":{"custom_model_data":92},"model":"modelengine:npc_prison/arm_r"},{"predicate":{"custom_model_data":93},"model":"modelengine:npc_prison/pickaxe"},{"predicate":{"custom_model_data":94},"model":"modelengine:lamppost_banner/base"},{"predicate":{"custom_model_data":95},"model":"modelengine:lamppost_banner/banner"},{"predicate":{"custom_model_data":96},"model":"modelengine:lamppost_banner/light"}],"parent":"minecraft:item/generated","textures":{"layer0":"minecraft:item/leather_horse_armor"}}