{
	"parent": "item/generated",
	"textures": {
		"layer0": "item/paper"
	},
	
	"overrides": [
		{"predicate": {"custom_model_data":1}, "model": "item/gui/empty"},
		{"predicate": {"custom_model_data":2}, "model": "item/gui/yes"},
		{"predicate": {"custom_model_data":3}, "model": "item/gui/no"},
		
		{"predicate": {"custom_model_data":6}, "model": "item/gui/next"},
		{"predicate": {"custom_model_data":7}, "model": "item/gui/previous"},
		{"predicate": {"custom_model_data":8}, "model": "item/gui/back"},
		{"predicate": {"custom_model_data":9}, "model": "item/gui/website"},
		{"predicate": {"custom_model_data":10}, "model": "item/gui/guide"},
		{"predicate": {"custom_model_data":11}, "model": "item/gui/warning"},
		{"predicate": {"custom_model_data":12}, "model": "item/gui/discord"},
		{"predicate": {"custom_model_data":13}, "model": "item/gui/buy"},

		{"predicate": {"custom_model_data":14}, "model": "item/gui/locked"},

		{"predicate": {"custom_model_data":35}, "model": "item/gui/refresh"},

		{"predicate": {"custom_model_data":49}, "model": "item/gui/staff_freeze"},
		{"predicate": {"custom_model_data":50}, "model": "item/gui/staff_punish"},
		{"predicate": {"custom_model_data":51}, "model": "item/gui/staff_teleport"},
		{"predicate": {"custom_model_data":52}, "model": "item/gui/staff_spectator"},

		{"predicate": {"custom_model_data":93}, "model": "item/gui/alien_minion"},
		{"predicate": {"custom_model_data":94}, "model": "item/gui/alien_alpha"},

		{"predicate": {"custom_model_data":200}, "model": "item/particle/spark"},
		{"predicate": {"custom_model_data":201}, "model": "item/particle/witch"},
		{"predicate": {"custom_model_data":202}, "model": "item/particle/note"},
		{"predicate": {"custom_model_data":203}, "model": "item/particle/heart"},
		{"predicate": {"custom_model_data":204}, "model": "item/particle/emerald"},
		{"predicate": {"custom_model_data":205}, "model": "item/particle/totem"},
		{"predicate": {"custom_model_data":206}, "model": "item/particle/flame"},
		{"predicate": {"custom_model_data":207}, "model": "item/particle/soulflame"},
		{"predicate": {"custom_model_data":208}, "model": "item/particle/rain"},
		{"predicate": {"custom_model_data":209}, "model": "item/particle/lavarain"},
		{"predicate": {"custom_model_data":210}, "model": "item/particle/obsidianrain"},
		{"predicate": {"custom_model_data":211}, "model": "item/particle/rainbow"},
		{"predicate": {"custom_model_data":212}, "model": "item/particle/blood"},
		{"predicate": {"custom_model_data":213}, "model": "item/particle/slime"},
		{"predicate": {"custom_model_data":214}, "model": "item/particle/snow"},
		{"predicate": {"custom_model_data":215}, "model": "item/particle/gold"},
		{"predicate": {"custom_model_data":216}, "model": "item/particle/diamond"},

		{"predicate": {"custom_model_data":400}, "model": "item/gui/profile/home"},
		
		{"predicate": {"custom_model_data":405}, "model": "item/gui/profile/friends_yes"},
		{"predicate": {"custom_model_data":406}, "model": "item/gui/profile/friends_no"},
		
		{"predicate": {"custom_model_data":409}, "model": "item/gui/profile/preferences"},
		{"predicate": {"custom_model_data":410}, "model": "item/gui/profile/join_on"},
		{"predicate": {"custom_model_data":411}, "model": "item/gui/profile/join_off"},
		{"predicate": {"custom_model_data":412}, "model": "item/gui/profile/whisper_on"},
		{"predicate": {"custom_model_data":413}, "model": "item/gui/profile/whisper_off"},
		{"predicate": {"custom_model_data":414}, "model": "item/gui/profile/mention_on"},
		{"predicate": {"custom_model_data":415}, "model": "item/gui/profile/mention_off"},
		{"predicate": {"custom_model_data":416}, "model": "item/gui/profile/playerheads_on"},
		{"predicate": {"custom_model_data":417}, "model": "item/gui/profile/playerheads_off"},
		
		{"predicate": {"custom_model_data":420}, "model": "item/gui/profile/staffchat_on"},
		{"predicate": {"custom_model_data":421}, "model": "item/gui/profile/staffchat_off"},
		{"predicate": {"custom_model_data":422}, "model": "item/gui/profile/vanish_on"},
		{"predicate": {"custom_model_data":423}, "model": "item/gui/profile/vanish_off"},
		{"predicate": {"custom_model_data":424}, "model": "item/gui/profile/forcefield_on"},
		{"predicate": {"custom_model_data":425}, "model": "item/gui/profile/forcefield_off"},
		{"predicate": {"custom_model_data":426}, "model": "item/gui/profile/debug_on"},
		{"predicate": {"custom_model_data":427}, "model": "item/gui/profile/debug_off"},
		{"predicate": {"custom_model_data":428}, "model": "item/gui/profile/store"},
		{"predicate": {"custom_model_data":429}, "model": "item/gui/profile/previous"},
		{"predicate": {"custom_model_data":430}, "model": "item/gui/profile/next"},
		{"predicate": {"custom_model_data":431}, "model": "item/gui/profile/banner_default"},
		{"predicate": {"custom_model_data":432}, "model": "item/gui/profile/banner_hive"},
		{"predicate": {"custom_model_data":433}, "model": "item/gui/profile/status_on"},
		{"predicate": {"custom_model_data":434}, "model": "item/gui/profile/status_afk"},
		{"predicate": {"custom_model_data":435}, "model": "item/gui/profile/status_off"},
		{"predicate": {"custom_model_data":436}, "model": "item/gui/profile/pf_lunar"},
		{"predicate": {"custom_model_data":437}, "model": "item/gui/profile/pf_solar"},
		{"predicate": {"custom_model_data":438}, "model": "item/gui/profile/pf_galactic"},
		{"predicate": {"custom_model_data":439}, "model": "item/gui/profile/pf_cosmic"},
		{"predicate": {"custom_model_data":440}, "model": "item/gui/profile/pf_eternal"},
		{"predicate": {"custom_model_data":441}, "model": "item/gui/profile/pf_celestial"},
		{"predicate": {"custom_model_data":442}, "model": "item/gui/profile/pf_creator"},
		{"predicate": {"custom_model_data":443}, "model": "item/gui/profile/rank_lunar"},
		{"predicate": {"custom_model_data":444}, "model": "item/gui/profile/rank_solar"},
		{"predicate": {"custom_model_data":445}, "model": "item/gui/profile/rank_galactic"},
		{"predicate": {"custom_model_data":446}, "model": "item/gui/profile/rank_cosmic"},
		{"predicate": {"custom_model_data":447}, "model": "item/gui/profile/rank_eternal"},
		{"predicate": {"custom_model_data":448}, "model": "item/gui/profile/rank_celestial"},
		{"predicate": {"custom_model_data":449}, "model": "item/gui/profile/rank_creator"},
		{"predicate": {"custom_model_data":450}, "model": "item/gui/profile/rank_rookie"},
		{"predicate": {"custom_model_data":451}, "model": "item/gui/profile/rank_helper"},
		{"predicate": {"custom_model_data":452}, "model": "item/gui/profile/rank_mod"},
		{"predicate": {"custom_model_data":453}, "model": "item/gui/profile/rank_srmod"},
		{"predicate": {"custom_model_data":454}, "model": "item/gui/profile/rank_dev"},
		{"predicate": {"custom_model_data":455}, "model": "item/gui/profile/rank_admin"},
		{"predicate": {"custom_model_data":456}, "model": "item/gui/profile/rank_owner"},
		{"predicate": {"custom_model_data":457}, "model": "item/gui/profile/parkour"},
		{"predicate": {"custom_model_data":458}, "model": "item/gui/profile/prison"},
		{"predicate": {"custom_model_data":459}, "model": "item/gui/profile/lasertag"},
		{"predicate": {"custom_model_data":460}, "model": "item/gui/profile/youtube"},
		{"predicate": {"custom_model_data":461}, "model": "item/gui/profile/twitch"},
		{"predicate": {"custom_model_data":462}, "model": "item/gui/profile/tiktok"},
		{"predicate": {"custom_model_data":463}, "model": "item/gui/profile/lobby_star"},
		{"predicate": {"custom_model_data":464}, "model": "item/gui/profile/parkour_checkpoint"},
		{"predicate": {"custom_model_data":465}, "model": "item/gui/profile/parkour_leave"},

		{"predicate": {"custom_model_data":500}, "model": "item/gui/punish_back"},
		{"predicate": {"custom_model_data":501}, "model": "item/gui/punish_ban_0"},
		{"predicate": {"custom_model_data":502}, "model": "item/gui/punish_ban_1"},
		{"predicate": {"custom_model_data":503}, "model": "item/gui/punish_ban_2"},
		{"predicate": {"custom_model_data":504}, "model": "item/gui/punish_ban_3"},
		{"predicate": {"custom_model_data":505}, "model": "item/gui/punish_ban_4"},
		{"predicate": {"custom_model_data":506}, "model": "item/gui/punish_kick_0"},
		{"predicate": {"custom_model_data":507}, "model": "item/gui/punish_kick_1"},
		{"predicate": {"custom_model_data":508}, "model": "item/gui/punish_kick_2"},
		{"predicate": {"custom_model_data":509}, "model": "item/gui/punish_kick_3"},
		{"predicate": {"custom_model_data":510}, "model": "item/gui/punish_kick_4"},
		{"predicate": {"custom_model_data":511}, "model": "item/gui/punish_mute_0"},
		{"predicate": {"custom_model_data":512}, "model": "item/gui/punish_mute_1"},
		{"predicate": {"custom_model_data":513}, "model": "item/gui/punish_mute_2"},
		{"predicate": {"custom_model_data":514}, "model": "item/gui/punish_mute_3"},
		{"predicate": {"custom_model_data":515}, "model": "item/gui/punish_mute_4"},
		{"predicate": {"custom_model_data":516}, "model": "item/gui/punish_no"},
		{"predicate": {"custom_model_data":517}, "model": "item/gui/punish_yes"},
		{"predicate": {"custom_model_data":518}, "model": "item/gui/punish_reason"}
	]
}