{
	"parent": "builtin/entity",
	"gui_light": "front",
	"display": {
        "gui": {
            "rotation": [ 30, 45, 0 ],
            "translation": [ 0, 3, 0 ],
            "scale": [ 1, 1, 1 ]
        },
        "fixed": {
            "rotation": [ 0, 180, 0 ],
            "translation": [ 0, 4, 0],
            "scale":[ 1, 1, 1 ]
        },
        "ground": {
            "rotation": [ 0, 0, 0 ],
            "translation": [ 0, 3, 0 ],
            "scale": [ 0.5, 0.5, 0.5 ]
        },
        "thirdperson_righthand": {
            "rotation": [ 45, 45, 0 ],
            "translation": [ 0, 3, 0 ],
            "scale": [ 0.5, 0.5, 0.5 ]
        }
    },
    "overrides":[
        {"predicate":{"custom_model_data":1},"model":"custom/entities/player/head"},
        {"predicate":{"custom_model_data":2},"model":"custom/entities/player/right_arm"},
        {"predicate":{"custom_model_data":3},"model":"custom/entities/player/left_arm"},
        {"predicate":{"custom_model_data":4},"model":"custom/entities/player/torso"},
        {"predicate":{"custom_model_data":5},"model":"custom/entities/player/right_leg"},
        {"predicate":{"custom_model_data":6},"model":"custom/entities/player/left_leg"},
        {"predicate":{"custom_model_data":7},"model":"custom/entities/player/slim_right"},
        {"predicate":{"custom_model_data":8},"model":"custom/entities/player/slim_left"},
        {"predicate":{"custom_model_data":100},"model":"item/gui/player_head_gui"},
        {"predicate":{"custom_model_data":101},"model":"item/gui/player_head_pf"}
    ]
}