{
	"credit": "Made with Blockbench",
	"parent": "minecraft:block/cube",
	"texture_size": [32, 32],
	"textures": {
		"0": "custom/crop/carrots",
		"particle": "custom/crop/carrots"
	},
	"elements": [
		{
			"from": [1, -1, 5],
			"to": [6, 6, 5],
			"rotation": {"angle": -45, "axis": "y", "origin": [4, 8, 5]},
			"faces": {
				"north": {"uv": [2.5, 0, 5, 3.5], "texture": "#0"},
				"south": {"uv": [2.5, 0, 5, 3.5], "texture": "#0"}
			}
		},
		{
			"from": [4, -1, 2],
			"to": [4, 6, 7],
			"rotation": {"angle": -45, "axis": "y", "origin": [4, 8, 5]},
			"faces": {
				"east": {"uv": [5, 0, 2.5, 3.5], "texture": "#0"},
				"west": {"uv": [5, 0, 2.5, 3.5], "texture": "#0"}
			}
		},
		{
			"from": [7, -1, 9],
			"to": [7, 6, 14],
			"rotation": {"angle": -45, "axis": "y", "origin": [7, 8, 12]},
			"faces": {
				"east": {"uv": [5, 0, 2.5, 3.5], "texture": "#0"},
				"west": {"uv": [5, 0, 2.5, 3.5], "texture": "#0"}
			}
		},
		{
			"from": [4, -1, 12],
			"to": [9, 6, 12],
			"rotation": {"angle": -45, "axis": "y", "origin": [7, 8, 12]},
			"faces": {
				"north": {"uv": [5, 0, 2.5, 3.5], "texture": "#0"},
				"south": {"uv": [5, 0, 2.5, 3.5], "texture": "#0"}
			}
		},
		{
			"from": [12, -1, 3],
			"to": [12, 6, 8],
			"rotation": {"angle": -45, "axis": "y", "origin": [12, 8, 6]},
			"faces": {
				"east": {"uv": [2.5, 0, 5, 3.5], "texture": "#0"},
				"west": {"uv": [2.5, 0, 5, 3.5], "texture": "#0"}
			}
		},
		{
			"from": [9, -1, 6],
			"to": [14, 6, 6],
			"rotation": {"angle": -45, "axis": "y", "origin": [12, 8, 6]},
			"faces": {
				"north": {"uv": [2.5, 0, 5, 3.5], "texture": "#0"},
				"south": {"uv": [2.5, 0, 5, 3.5], "texture": "#0"}
			}
		}
	],
	"gui_light": "front",
	"display": {
		"thirdperson_righthand": {
			"rotation": [75, 45, 0],
			"translation": [0, 2.5, 0],
			"scale": [0.375, 0.375, 0.375]
		},
		"thirdperson_lefthand": {
			"rotation": [75, -45, 0],
			"translation": [0, 2.5, 0],
			"scale": [0.375, 0.375, 0.375]
		},
		"firstperson_righthand": {
			"rotation": [0, 45, 0],
			"scale": [0.4, 0.4, 0.4]
		},
		"firstperson_lefthand": {
			"rotation": [0, -135, 0],
			"scale": [0.4, 0.4, 0.4]
		},
		"ground": {
			"translation": [0, 3, 0],
			"scale": [0.4, 0.4, 0.4]
		},
		"gui": {
			"rotation": [30, -135, 0],
			"scale": [0.625, 0.625, 0.625]
		},
		"head": {
			"translation": [0, 15.4, 0]
		},
		"fixed": {
			"rotation": [-90, 0, 0],
			"translation": [0, 0, -18],
			"scale": [2, 2, 2]
		}
	}
}