{
	"credit": "Made with Blockbench",
	"parent": "minecraft:block/cube",
	"texture_size": [32, 32],
	"textures": {
		"0": "custom/crop/carrots",
		"particle": "custom/crop/carrots"
	},
	"elements": [
		{
			"from": [0.14645, 1, 4.64645],
			"to": [9.14645, 9, 4.64645],
			"rotation": {"angle": -45, "axis": "y", "origin": [4.64645, 6, 4.64645]},
			"faces": {
				"north": {"uv": [1.5, 11.5, 6, 15.5], "texture": "#0"},
				"south": {"uv": [1.5, 11.5, 6, 15.5], "texture": "#0"}
			}
		},
		{
			"from": [0.14645, 1, 4.64645],
			"to": [9.14645, 9, 4.64645],
			"rotation": {"angle": 45, "axis": "y", "origin": [4.64645, 6, 4.64645]},
			"faces": {
				"north": {"uv": [1.5, 11.5, 6, 15.5], "texture": "#0"},
				"south": {"uv": [1.5, 11.5, 6, 15.5], "texture": "#0"}
			}
		},
		{
			"from": [3, -1, 3],
			"to": [6, 1, 6],
			"rotation": {"angle": 0, "axis": "y", "origin": [1, 9, 6]},
			"faces": {
				"north": {"uv": [9.5, 3.5, 11, 4.5], "texture": "#0"},
				"east": {"uv": [9.5, 3.5, 11, 4.5], "texture": "#0"},
				"south": {"uv": [9.5, 3.5, 11, 4.5], "texture": "#0"},
				"west": {"uv": [9.5, 3.5, 11, 4.5], "texture": "#0"},
				"up": {"uv": [9.5, 2, 11, 3.5], "texture": "#0"},
				"down": {"uv": [9.5, 2, 11, 3.5], "texture": "#0"}
			}
		},
		{
			"from": [3.14645, 1, 11.64645],
			"to": [12.14645, 9, 11.64645],
			"rotation": {"angle": 45, "axis": "y", "origin": [7.64645, 6, 11.64645]},
			"faces": {
				"north": {"uv": [1.5, 11.5, 6, 15.5], "texture": "#0"},
				"south": {"uv": [1.5, 11.5, 6, 15.5], "texture": "#0"}
			}
		},
		{
			"from": [3.14645, 1, 11.64645],
			"to": [12.14645, 9, 11.64645],
			"rotation": {"angle": -45, "axis": "y", "origin": [7.64645, 6, 11.64645]},
			"faces": {
				"north": {"uv": [1.5, 11.5, 6, 15.5], "texture": "#0"},
				"south": {"uv": [1.5, 11.5, 6, 15.5], "texture": "#0"}
			}
		},
		{
			"from": [6, -1, 10],
			"to": [9, 1, 13],
			"rotation": {"angle": 0, "axis": "y", "origin": [4, 9, 13]},
			"faces": {
				"north": {"uv": [9.5, 3.5, 11, 4.5], "texture": "#0"},
				"east": {"uv": [9.5, 3.5, 11, 4.5], "texture": "#0"},
				"south": {"uv": [9.5, 3.5, 11, 4.5], "texture": "#0"},
				"west": {"uv": [9.5, 3.5, 11, 4.5], "texture": "#0"},
				"up": {"uv": [9.5, 2, 11, 3.5], "texture": "#0"},
				"down": {"uv": [9.5, 2, 11, 3.5], "texture": "#0"}
			}
		},
		{
			"from": [8.14645, 1, 5.64645],
			"to": [17.14645, 9, 5.64645],
			"rotation": {"angle": 45, "axis": "y", "origin": [12.64645, 6, 5.64645]},
			"faces": {
				"north": {"uv": [1.5, 11.5, 6, 15.5], "texture": "#0"},
				"south": {"uv": [1.5, 11.5, 6, 15.5], "texture": "#0"}
			}
		},
		{
			"from": [8.14645, 1, 5.64645],
			"to": [17.14645, 9, 5.64645],
			"rotation": {"angle": -45, "axis": "y", "origin": [12.64645, 6, 5.64645]},
			"faces": {
				"north": {"uv": [1.5, 11.5, 6, 15.5], "texture": "#0"},
				"south": {"uv": [1.5, 11.5, 6, 15.5], "texture": "#0"}
			}
		},
		{
			"from": [11, -1, 4],
			"to": [14, 1, 7],
			"rotation": {"angle": 0, "axis": "y", "origin": [9, 9, 7]},
			"faces": {
				"north": {"uv": [9.5, 3.5, 11, 4.5], "texture": "#0"},
				"east": {"uv": [9.5, 3.5, 11, 4.5], "texture": "#0"},
				"south": {"uv": [9.5, 3.5, 11, 4.5], "texture": "#0"},
				"west": {"uv": [9.5, 3.5, 11, 4.5], "texture": "#0"},
				"up": {"uv": [9.5, 2, 11, 3.5], "texture": "#0"},
				"down": {"uv": [9.5, 2, 11, 3.5], "texture": "#0"}
			}
		}
	],
	"gui_light": "front",
	"display": {
		"thirdperson_righthand": {
			"rotation": [75, 45, 0],
			"translation": [0, 2.5, 0],
			"scale": [0.375, 0.375, 0.375]
		},
		"thirdperson_lefthand": {
			"rotation": [75, -45, 0],
			"translation": [0, 2.5, 0],
			"scale": [0.375, 0.375, 0.375]
		},
		"firstperson_righthand": {
			"rotation": [0, 45, 0],
			"scale": [0.4, 0.4, 0.4]
		},
		"firstperson_lefthand": {
			"rotation": [0, -135, 0],
			"scale": [0.4, 0.4, 0.4]
		},
		"ground": {
			"translation": [0, 3, 0],
			"scale": [0.4, 0.4, 0.4]
		},
		"gui": {
			"rotation": [30, -135, 0],
			"scale": [0.625, 0.625, 0.625]
		},
		"head": {
			"translation": [0, 15.4, 0]
		},
		"fixed": {
			"rotation": [-90, 0, 0],
			"translation": [0, 0, -18],
			"scale": [2, 2, 2]
		}
	}
}