{
	"credit": "Made with Blockbench",
	"parent": "minecraft:block/cube",
	"texture_size": [32, 32],
	"textures": {
		"0": "custom/crop/carrots",
		"particle": "custom/crop/carrots"
	},
	"elements": [
		{
			"from": [6, 1, 6],
			"to": [18, 13, 6],
			"rotation": {"angle": 45, "axis": "y", "origin": [12, 7, 6]},
			"faces": {
				"north": {"uv": [9, 9, 15, 15], "texture": "#0"},
				"south": {"uv": [9, 9, 15, 15], "texture": "#0"}
			}
		},
		{
			"from": [6, 1, 6],
			"to": [18, 13, 6],
			"rotation": {"angle": -45, "axis": "y", "origin": [12, 7, 6]},
			"faces": {
				"north": {"uv": [9, 9, 15, 15], "texture": "#0"},
				"south": {"uv": [9, 9, 15, 15], "texture": "#0"}
			}
		},
		{
			"from": [10, -1, 4],
			"to": [14, 1, 8],
			"rotation": {"angle": 0, "axis": "y", "origin": [9, 8, 8]},
			"faces": {
				"north": {"uv": [12, 3, 14, 4], "texture": "#0"},
				"east": {"uv": [12, 3, 14, 4], "texture": "#0"},
				"south": {"uv": [12, 3, 14, 4], "texture": "#0"},
				"west": {"uv": [12, 3, 14, 4], "texture": "#0"},
				"up": {"uv": [12, 1, 14, 3], "texture": "#0"},
				"down": {"uv": [12, 1, 14, 3], "texture": "#0"}
			}
		},
		{
			"from": [1, 1, 12],
			"to": [13, 13, 12],
			"rotation": {"angle": -45, "axis": "y", "origin": [7, 7, 12]},
			"faces": {
				"north": {"uv": [9, 9, 15, 15], "texture": "#0"},
				"south": {"uv": [9, 9, 15, 15], "texture": "#0"}
			}
		},
		{
			"from": [1, 1, 12],
			"to": [13, 13, 12],
			"rotation": {"angle": 45, "axis": "y", "origin": [7, 7, 12]},
			"faces": {
				"north": {"uv": [9, 9, 15, 15], "texture": "#0"},
				"south": {"uv": [9, 9, 15, 15], "texture": "#0"}
			}
		},
		{
			"from": [5, -1, 10],
			"to": [9, 1, 14],
			"rotation": {"angle": 0, "axis": "y", "origin": [4, 8, 14]},
			"faces": {
				"north": {"uv": [12, 3, 14, 4], "texture": "#0"},
				"east": {"uv": [12, 3, 14, 4], "texture": "#0"},
				"south": {"uv": [12, 3, 14, 4], "texture": "#0"},
				"west": {"uv": [12, 3, 14, 4], "texture": "#0"},
				"up": {"uv": [12, 1, 14, 3], "texture": "#0"},
				"down": {"uv": [12, 1, 14, 3], "texture": "#0"}
			}
		},
		{
			"from": [-2, 1, 5],
			"to": [10, 13, 5],
			"rotation": {"angle": -45, "axis": "y", "origin": [4, 7, 5]},
			"faces": {
				"north": {"uv": [9, 9, 15, 15], "texture": "#0"},
				"south": {"uv": [9, 9, 15, 15], "texture": "#0"}
			}
		},
		{
			"from": [-2, 1, 5],
			"to": [10, 13, 5],
			"rotation": {"angle": 45, "axis": "y", "origin": [4, 7, 5]},
			"faces": {
				"north": {"uv": [9, 9, 15, 15], "texture": "#0"},
				"south": {"uv": [9, 9, 15, 15], "texture": "#0"}
			}
		},
		{
			"from": [2, -1, 3],
			"to": [6, 1, 7],
			"rotation": {"angle": 0, "axis": "y", "origin": [1, 8, 7]},
			"faces": {
				"north": {"uv": [12, 3, 14, 4], "texture": "#0"},
				"east": {"uv": [12, 3, 14, 4], "texture": "#0"},
				"south": {"uv": [12, 3, 14, 4], "texture": "#0"},
				"west": {"uv": [12, 3, 14, 4], "texture": "#0"},
				"up": {"uv": [12, 1, 14, 3], "texture": "#0"},
				"down": {"uv": [12, 1, 14, 3], "texture": "#0"}
			}
		}
	],
	"gui_light": "front",
	"display": {
		"thirdperson_righthand": {
			"rotation": [75, 45, 0],
			"translation": [0, 2.5, 0],
			"scale": [0.375, 0.375, 0.375]
		},
		"thirdperson_lefthand": {
			"rotation": [75, -45, 0],
			"translation": [0, 2.5, 0],
			"scale": [0.375, 0.375, 0.375]
		},
		"firstperson_righthand": {
			"rotation": [0, 45, 0],
			"scale": [0.4, 0.4, 0.4]
		},
		"firstperson_lefthand": {
			"rotation": [0, -135, 0],
			"scale": [0.4, 0.4, 0.4]
		},
		"ground": {
			"translation": [0, 3, 0],
			"scale": [0.4, 0.4, 0.4]
		},
		"gui": {
			"rotation": [30, -135, 0],
			"scale": [0.625, 0.625, 0.625]
		},
		"head": {
			"translation": [0, 15.4, 0]
		},
		"fixed": {
			"rotation": [-90, 0, 0],
			"translation": [0, 0, -18],
			"scale": [2, 2, 2]
		}
	}
}