{
	"credit": "Made with Blockbench",
	"parent": "minecraft:block/cube",
	"texture_size": [32, 32],
	"textures": {
		"0": "custom/crop/diamond",
		"particle": "custom/crop/diamond"
	},
	"elements": [
		{
			"from": [0, -1, 12],
			"to": [16, 17, 12],
			"rotation": {"angle": 0, "axis": "y", "origin": [8, 8, 8]},
			"faces": {
				"north": {"uv": [8, 7, 16, 16], "texture": "#0"},
				"south": {"uv": [8, 7, 16, 16], "texture": "#0"}
			}
		},
		{
			"from": [0, -1, 4],
			"to": [16, 17, 4],
			"rotation": {"angle": 0, "axis": "y", "origin": [8, 8, 8]},
			"faces": {
				"north": {"uv": [16, 7, 8, 16], "texture": "#0"},
				"south": {"uv": [16, 7, 8, 16], "texture": "#0"}
			}
		},
		{
			"from": [12, -1, 0],
			"to": [12, 17, 16],
			"rotation": {"angle": 0, "axis": "y", "origin": [8, 8, 8]},
			"faces": {
				"east": {"uv": [16, 7, 8, 16], "texture": "#0"},
				"west": {"uv": [16, 7, 8, 16], "texture": "#0"}
			}
		},
		{
			"from": [4, -1, 0],
			"to": [4, 17, 16],
			"rotation": {"angle": 0, "axis": "y", "origin": [8, 8, 8]},
			"faces": {
				"east": {"uv": [8, 7, 16, 16], "texture": "#0"},
				"west": {"uv": [8, 7, 16, 16], "texture": "#0"}
			}
		}
	],
	"gui_light": "front",
	"display": {
		"thirdperson_righthand": {
			"rotation": [75, 45, 0],
			"translation": [0, 2.5, 0],
			"scale": [0.375, 0.375, 0.375]
		},
		"thirdperson_lefthand": {
			"rotation": [75, -45, 0],
			"translation": [0, 2.5, 0],
			"scale": [0.375, 0.375, 0.375]
		},
		"firstperson_righthand": {
			"rotation": [0, 45, 0],
			"scale": [0.4, 0.4, 0.4]
		},
		"firstperson_lefthand": {
			"rotation": [0, -135, 0],
			"scale": [0.4, 0.4, 0.4]
		},
		"ground": {
			"translation": [0, 3, 0],
			"scale": [0.4, 0.4, 0.4]
		},
		"gui": {
			"rotation": [30, -135, 0],
			"scale": [0.625, 0.625, 0.625]
		},
		"head": {
			"translation": [0, 15.4, 0]
		},
		"fixed": {
			"rotation": [-90, 0, 0],
			"translation": [0, 0, -18],
			"scale": [2, 2, 2]
		}
	}
}