{
	"credit": "Made with Blockbench",
	"texture_size": [64, 64],
	"textures": {
		"particle": "entity/zombie/zombie"
	},
	"elements": [
		{
			"from": [4, 4, 4],
			"to": [12, 12, 12],
			"rotation": {"angle": 0, "axis": "y", "origin": [8, 3.5, 8]},
			"color": 7,
			"faces": {
				"north": {"uv": [2, 2, 4, 4], "texture": "#missing"},
				"east": {"uv": [0, 2, 2, 4], "texture": "#missing"},
				"south": {"uv": [6, 2, 8, 4], "texture": "#missing"},
				"west": {"uv": [4, 2, 6, 4], "texture": "#missing"},
				"up": {"uv": [2, 0, 4, 2], "rotation": 180, "texture": "#missing"},
				"down": {"uv": [4, 0, 6, 2], "texture": "#missing"}
			}
		}
	],
	"gui_light": "front",
	"display": {
		"thirdperson_righthand": {
			"rotation": [75, 35, 0],
			"translation": [0, 2.75, 1.5],
			"scale": [0.5, 0.5, 0.5]
		},
		"thirdperson_lefthand": {
			"rotation": [75, 35, 0],
			"translation": [0, 2.75, 1.5],
			"scale": [0.5, 0.5, 0.5]
		},
		"firstperson_righthand": {
			"rotation": [0, 35, 0],
			"scale": [0.4, 0.4, 0.4]
		},
		"firstperson_lefthand": {
			"rotation": [0, 35, 0],
			"scale": [0.4, 0.4, 0.4]
		},
		"ground": {
			"rotation": [0, 180, 0],
			"translation": [0, 2, 0]
		},
		"gui": {
			"rotation": [30, -145, 0]
		},
		"head": {
			"scale": [1.6, 1.6, 1.6]
		},
		"fixed": {
			"rotation": [-90, 0, 0],
			"translation": [0, 0, -8],
			"scale": [2, 2, 2]
		}
	}
}