{
	"credit": "Made with Blockbench",
	"texture_size": [64, 64],
	"textures": {
		"particle": "entity/skeleton/wither_skeleton"
	},
	"elements": [
		{
			"from": [9, 3, -1],
			"to": [9, 11, 12],
			"rotation": {"angle": 0, "axis": "y", "origin": [8, 1.5, 8]},
			"faces": {
				"north": {"uv": [0, 0, 0, 1], "texture": "#particle"},
				"east": {"uv": [16, 0, 12.75, 4], "texture": "#particle"},
				"south": {"uv": [0, 0, 0, 1], "texture": "#particle"},
				"west": {"uv": [12.75, 0, 16, 4], "texture": "#particle"},
				"up": {"uv": [0, 0, 0, 3], "rotation": 180, "texture": "#particle"},
				"down": {"uv": [0, 0, 0, 3], "texture": "#particle"}
			}
		},
		{
			"from": [11, 3, 2],
			"to": [11, 9, 15],
			"rotation": {"angle": 22.5, "axis": "z", "origin": [11, 9, 8.5]},
			"faces": {
				"north": {"uv": [0, 0, 0, 1], "texture": "#particle"},
				"east": {"uv": [16, 1, 12.75, 4], "texture": "#particle"},
				"south": {"uv": [0, 0, 0, 1], "texture": "#particle"},
				"west": {"uv": [12.75, 1, 16, 4], "texture": "#particle"},
				"up": {"uv": [0, 0, 0, 3], "rotation": 180, "texture": "#particle"},
				"down": {"uv": [0, 0, 0, 3], "texture": "#particle"}
			}
		},
		{
			"from": [7, 6, 4],
			"to": [11, 10, 18],
			"rotation": {"angle": 0, "axis": "y", "origin": [8, 1.5, 8]},
			"faces": {
				"north": {"uv": [10, 9, 11, 11], "texture": "#particle"},
				"east": {"uv": [10.5, 15, 11.5, 8], "rotation": 90, "texture": "#particle"},
				"south": {"uv": [10, 9, 11, 11], "texture": "#particle"},
				"west": {"uv": [10.5, 8, 11.5, 15], "rotation": 90, "texture": "#particle"},
				"up": {"uv": [10.5, 8, 11.5, 15], "rotation": 180, "texture": "#particle"},
				"down": {"uv": [10.5, 8, 11.5, 15], "texture": "#particle"}
			}
		}
	],
	"gui_light": "front",
	"display": {
		"thirdperson_righthand": {
			"translation": [-1, -2, 2],
			"scale": [1.02, 1.02, 1.02]
		},
		"thirdperson_lefthand": {
			"translation": [1, -2, 2],
			"scale": [1.02, 1.02, 1.02]
		},
		"firstperson_righthand": {
			"rotation": [0, 6, 0],
			"translation": [0, 4, 4],
			"scale": [0.4, 0.4, 0.4]
		},
		"firstperson_lefthand": {
			"rotation": [0, 6, 0],
			"translation": [0, 4, 4],
			"scale": [0.4, 0.4, 0.4]
		},
		"ground": {
			"rotation": [0, 180, 0],
			"translation": [0, 2, 0]
		},
		"gui": {
			"rotation": [30, -145, 0],
			"translation": [1.75, 0.75, 0]
		},
		"head": {
			"rotation": [90, 0, 0],
			"translation": [-1.5, 9.5, 0],
			"scale": [1.6, 1.6, 1.6]
		},
		"fixed": {
			"rotation": [-90, 0, 0],
			"translation": [0, 0, -8],
			"scale": [2, 2, 2]
		}
	}
}