{
	"credit": "Made with Blockbench",
	"texture_size": [64, 64],
	"textures": {
		"particle": "entity/skeleton/wither_skeleton"
	},
	"elements": [
		{
			"from": [12, 9, 2],
			"to": [12, 18, 10],
			"rotation": {"angle": -45, "axis": "y", "origin": [12, 13.5, 4]},
			"faces": {
				"north": {"uv": [0, 2, 0, 4.25], "texture": "#particle"},
				"east": {"uv": [16, 11.5, 14, 16], "texture": "#particle"},
				"south": {"uv": [0, 0, 0, 2.25], "texture": "#particle"},
				"west": {"uv": [14, 11.5, 16, 16], "texture": "#particle"},
				"up": {"uv": [0, 0, 0, 2], "rotation": 180, "texture": "#particle"},
				"down": {"uv": [0, 0, 0, 2], "texture": "#particle"}
			}
		},
		{
			"from": [4, 10, 5],
			"to": [4, 17, 8],
			"rotation": {"angle": 45, "axis": "y", "origin": [4, 13.5, 4]},
			"faces": {
				"north": {"uv": [0, 2, 0, 4.25], "texture": "#particle"},
				"east": {"uv": [12.75, 12.5, 13.5, 16], "texture": "#particle"},
				"south": {"uv": [0, 0, 0, 2.25], "texture": "#particle"},
				"west": {"uv": [13.5, 12.5, 12.75, 16], "texture": "#particle"},
				"up": {"uv": [0, 0, 0, 2], "rotation": 180, "texture": "#particle"},
				"down": {"uv": [0, 0, 0, 2], "texture": "#particle"}
			}
		},
		{
			"from": [4, 7, 1],
			"to": [4, 14, 4],
			"rotation": {"angle": 45, "axis": "y", "origin": [4, 13.5, 4]},
			"faces": {
				"north": {"uv": [0, 2, 0, 4.25], "texture": "#particle"},
				"east": {"uv": [12.75, 12.5, 13.5, 16], "texture": "#particle"},
				"south": {"uv": [0, 0, 0, 2.25], "texture": "#particle"},
				"west": {"uv": [13.5, 12.5, 12.75, 16], "texture": "#particle"},
				"up": {"uv": [0, 0, 0, 2], "rotation": 180, "texture": "#particle"},
				"down": {"uv": [0, 0, 0, 2], "texture": "#particle"}
			}
		},
		{
			"from": [12, 4, 8],
			"to": [14, 10, 8],
			"rotation": {"angle": 0, "axis": "y", "origin": [13, 7, 8]},
			"faces": {
				"north": {"uv": [14, 12.5, 14.5, 15.5], "texture": "#particle"},
				"east": {"uv": [0, 4.25, 0, 2], "texture": "#particle"},
				"south": {"uv": [14.5, 12.5, 14, 15.5], "texture": "#particle"},
				"west": {"uv": [0, 2.25, 0, 0], "texture": "#particle"},
				"up": {"uv": [0, 2, 0, 0], "rotation": 90, "texture": "#particle"},
				"down": {"uv": [0, 2, 0, 0], "rotation": 90, "texture": "#particle"}
			}
		},
		{
			"from": [2, 4, 8],
			"to": [4, 10, 8],
			"rotation": {"angle": 0, "axis": "y", "origin": [3, 7, 8]},
			"faces": {
				"north": {"uv": [14.5, 12.5, 14, 15.5], "texture": "#particle"},
				"east": {"uv": [0, 2.25, 0, 0], "texture": "#particle"},
				"south": {"uv": [14, 12.5, 14.5, 15.5], "texture": "#particle"},
				"west": {"uv": [0, 4.25, 0, 2], "texture": "#particle"},
				"up": {"uv": [0, 0, 0, 2], "rotation": 90, "texture": "#particle"},
				"down": {"uv": [0, 0, 0, 2], "rotation": 90, "texture": "#particle"}
			}
		},
		{
			"from": [2, 9, 12],
			"to": [5, 16, 12],
			"rotation": {"angle": 45, "axis": "y", "origin": [4, 16.5, 12]},
			"faces": {
				"north": {"uv": [12.75, 12.5, 13.5, 16], "texture": "#particle"},
				"east": {"uv": [0, 0, 0, 2.25], "texture": "#particle"},
				"south": {"uv": [13.5, 12.5, 12.75, 16], "texture": "#particle"},
				"west": {"uv": [0, 2, 0, 4.25], "texture": "#particle"},
				"up": {"uv": [0, 0, 0, 2], "rotation": 90, "texture": "#particle"},
				"down": {"uv": [0, 0, 0, 2], "rotation": 90, "texture": "#particle"}
			}
		},
		{
			"from": [12, 6, 12],
			"to": [12, 13, 15],
			"rotation": {"angle": 45, "axis": "y", "origin": [12, 13.5, 12]},
			"faces": {
				"north": {"uv": [0, 0, 0, 2.25], "texture": "#particle"},
				"east": {"uv": [13.5, 12.5, 12.75, 16], "texture": "#particle"},
				"south": {"uv": [0, 2, 0, 4.25], "texture": "#particle"},
				"west": {"uv": [12.75, 12.5, 13.5, 16], "texture": "#particle"},
				"up": {"uv": [0, 0, 0, 2], "texture": "#particle"},
				"down": {"uv": [0, 0, 0, 2], "rotation": 180, "texture": "#particle"}
			}
		}
	],
	"gui_light": "front",
	"display": {
		"thirdperson_righthand": {
			"rotation": [75, 35, 0],
			"translation": [0, 2.75, 1.5],
			"scale": [0.5, 0.5, 0.5]
		},
		"thirdperson_lefthand": {
			"rotation": [75, 35, 0],
			"translation": [0, 2.75, 1.5],
			"scale": [0.5, 0.5, 0.5]
		},
		"firstperson_righthand": {
			"rotation": [0, 35, 0],
			"scale": [0.4, 0.4, 0.4]
		},
		"firstperson_lefthand": {
			"rotation": [0, 35, 0],
			"scale": [0.4, 0.4, 0.4]
		},
		"ground": {
			"rotation": [0, 180, 0],
			"translation": [0, 2, 0]
		},
		"gui": {
			"rotation": [30, -145, 0]
		},
		"head": {
			"scale": [1.6, 1.6, 1.6]
		},
		"fixed": {
			"rotation": [-90, 0, 0],
			"translation": [0, 0, -8],
			"scale": [2, 2, 2]
		}
	}
}